Name,Generic Name,Category,Brand,Manufacturer,MRP,Purchase Price,Selling Price,Unit
"Calpol 5mg","Paracetamol","Tablets","Calpol","GSK Pharma",15,10,12.8,"Strip"
"Crocin Advance 1g","Paracetamol","Tablets","Crocin","Abbott India",25,16.6,21.3,"Strip"
"Dolo 200mg","Paracetamol","Tablets","Dolo","Sun Pharmaceutical Industries",31,20.6,26.4,"Strip"
"Pacimol 10mg","Paracetamol","Tablets","Pacimol","Cipla Ltd",19,12.6,16.2,"Strip"
"Sumo L SR","Paracetamol","Tablets","Sumo","Lupin Ltd",19,12.6,16.2,"Strip"
"Combiflam 250mg","Ibuprofen + Paracetamol","Tablets","Combiflam","Mankind Pharma",40,26.5,34,"Strip"
"Flexon 20mg","Ibuprofen + Paracetamol","Tablets","Flexon","Torrent Pharmaceuticals",23,15.3,19.6,"Strip"
"Ibugesic Plus DSR","Ibuprofen + Paracetamol","Tablets","Ibugesic","Dr. Reddy s Laboratories",19,12.6,16.2,"Strip"
"Acecloc 300mg","Aceclofenac + Paracetamol","Tablets","Acecloc","Alkem Laboratories",69,45.8,58.7,"Strip"
"Zerodol-P 40mg","Aceclofenac + Paracetamol","Tablets","Zerodol","Glenmark Pharmaceuticals",97,64.4,82.5,"Strip"
"Hifenac-P XL","Aceclofenac + Paracetamol","Tablets","Hifenac","Cadila Pharmaceuticals",80,53,68,"Strip"
"Zerodol-SP 400mg","Aceclofenac + Paracetamol + Serratiopeptidase","Tablets","Zerodol","Zydus Lifesciences",133,88.2,113.1,"Strip"
"Meftal-Spas 50mg","Mefenamic Acid + Dicyclomine","Tablets","Meftal","Sanofi India",51,33.9,43.4,"Strip"
"Cyclopam Duo","Dicyclomine + Paracetamol","Tablets","Cyclopam","USV Private Ltd",57,37.8,48.4,"Strip"
"Ultracet 500mg","Tramadol + Paracetamol","Tablets","Ultracet","Pfizer India",162,107.4,137.7,"Strip"
"Tramazac 75mg","Tramadol","Capsules","Tramazac","Micro Labs Ltd",115,76.3,97.8,"Strip"
"Nise Kid","Nimesulide","Tablets","Nise","Blue Cross Laboratories",93,61.7,79.1,"Strip"
"Nimulid 600mg","Nimesulide","Tablets","Nimulid","Aristo Pharmaceuticals",76,50.4,64.6,"Strip"
"Amox 80mg","Amoxicillin","Capsules","Amox","FDC Ltd",69,45.8,58.7,"Strip"
"Amoxil Plus","Amoxicillin","Capsules","Amoxil","J.B. Chemicals & Pharmaceuticals",87,57.7,74,"Strip"
"Mox 625mg","Amoxicillin","Capsules","Mox","Wockhardt Ltd",73,48.4,62.1,"Strip"
"Novamox 100mg","Amoxicillin","Capsules","Novamox","Apex Laboratories",75,49.8,63.8,"Strip"
"Clavam Forte","Amoxicillin + Potassium Clavulanate","Tablets","Clavam","Intas Pharmaceuticals",206,136.6,175.1,"Strip"
"Augmentin 650mg","Amoxicillin + Potassium Clavulanate","Tablets","Augmentin","Macleods Pharmaceuticals",189,125.3,160.7,"Strip"
"Moxikind-CV 150mg","Amoxicillin + Potassium Clavulanate","Tablets","Moxikind","Hetero Healthcare",152,100.8,129.2,"Strip"
"Advent 5mg","Amoxicillin + Potassium Clavulanate","Tablets","Advent","Biocon Ltd",155,102.8,131.8,"Strip"
"Azee 1g","Azithromycin","Tablets","Azee","AstraZeneca India",128,84.9,108.8,"Strip"
"Azithral 200mg","Azithromycin","Tablets","Azithral","Bayer India",121,80.3,102.9,"Strip"
"Azax 10mg","Azithromycin","Tablets","Azax","IPCA Laboratories",99,65.6,84.1,"Strip"
"Zifi SR","Cefixime","Tablets","Zifi","Alembic Pharmaceuticals",77,51.1,65.5,"Strip"
"Taxim-O 250mg","Cefixime","Tablets","Taxim-O","GSK Pharma",150,99.5,127.5,"Strip"
"Cefolac 20mg","Cefixime","Tablets","Cefolac","Abbott India",123,81.6,104.6,"Strip"
"Milixim DSR","Cefixime","Tablets","Milixim","Sun Pharmaceutical Industries",113,75,96.1,"Strip"
"Gepod 300mg","Cefpodoxime Proxetil","Tablets","Gepod","Cipla Ltd",119,78.9,101.1,"Strip"
"Monocef-O 40mg","Cefpodoxime Proxetil","Tablets","Monocef-O","Lupin Ltd",202,133.9,171.7,"Strip"
"Macpod XL","Cefpodoxime Proxetil","Tablets","Macpod","Mankind Pharma",165,109.4,140.3,"Strip"
"Oflomac 400mg","Ofloxacin","Tablets","Oflomac","Torrent Pharmaceuticals",68,45.1,57.8,"Strip"
"Oframax 50mg","Ofloxacin","Tablets","Oframax","Dr. Reddy s Laboratories",76,50.4,64.6,"Strip"
"Oflotas Duo","Ofloxacin","Tablets","Oflotas","Alkem Laboratories",42,27.8,35.7,"Strip"
"Oflomac-OZ 500mg","Ofloxacin + Ornidazole","Tablets","Oflomac","Glenmark Pharmaceuticals",102,67.6,86.7,"Strip"
"Zenflox-OZ 75mg","Ofloxacin + Ornidazole","Tablets","Zenflox","Cadila Pharmaceuticals",85,56.4,72.3,"Strip"
"Norflox Kid","Norfloxacin","Tablets","Norflox","Zydus Lifesciences",58,38.5,49.3,"Strip"
"Norflox-TZ 600mg","Norfloxacin + Tinidazole","Tablets","Norflox","Sanofi India",76,50.4,64.6,"Strip"
"Ciplox 80mg","Ciprofloxacin","Tablets","Ciplox","USV Private Ltd",44,29.2,37.4,"Strip"
"Ciprobid Plus","Ciprofloxacin","Tablets","Ciprobid","Pfizer India",56,37.1,47.6,"Strip"
"Atorva 625mg","Atorvastatin","Tablets","Atorva","Micro Labs Ltd",150,99.5,127.5,"Strip"
"Lipitor 100mg","Atorvastatin","Tablets","Lipitor","Blue Cross Laboratories",248,164.4,210.8,"Strip"
"Lipikind Forte","Atorvastatin","Tablets","Lipikind","Aristo Pharmaceuticals",86,57,73.1,"Strip"
"Tonact 650mg","Atorvastatin","Tablets","Tonact","FDC Ltd",124,82.2,105.4,"Strip"
"Rosuvas 150mg","Rosuvastatin","Tablets","Rosuvas","J.B. Chemicals & Pharmaceuticals",177,117.4,150.5,"Strip"
"Rosyn 5mg","Rosuvastatin","Tablets","Rosyn","Wockhardt Ltd",120,79.6,102,"Strip"
"Roseday 1g","Rosuvastatin","Tablets","Roseday","Apex Laboratories",183,121.3,155.5,"Strip"
"Crevast 200mg","Rosuvastatin","Tablets","Crevast","Intas Pharmaceuticals",111,73.6,94.4,"Strip"
"Telma 10mg","Telmisartan","Tablets","Telma","Macleods Pharmaceuticals",74,49.1,62.9,"Strip"
"Telvas SR","Telmisartan","Tablets","Telvas","Hetero Healthcare",110,72.9,93.5,"Strip"
"Telsar 250mg","Telmisartan","Tablets","Telsar","Biocon Ltd",90,59.7,76.5,"Strip"
"Telma-H 20mg","Telmisartan + Hydrochlorothiazide","Tablets","Telma","AstraZeneca India",73,48.4,62.1,"Strip"
"Telvas-H DSR","Telmisartan + Hydrochlorothiazide","Tablets","Telvas","Bayer India",96,63.6,81.6,"Strip"
"Amlokind 300mg","Amlodipine","Tablets","Amlokind","IPCA Laboratories",16,10.6,13.6,"Strip"
"Amlosafe 40mg","Amlodipine","Tablets","Amlosafe","Alembic Pharmaceuticals",32,21.2,27.2,"Strip"
"Amlovas XL","Amlodipine","Tablets","Amlovas","GSK Pharma",38,25.2,32.3,"Strip"
"Cilacar 400mg","Cilnidipine","Tablets","Cilacar","Abbott India",133,88.2,113.1,"Strip"
"Cilnidac 50mg","Cilnidipine","Tablets","Cilnidac","Sun Pharmaceutical Industries",56,37.1,47.6,"Strip"
"Concor Duo","Bisoprolol Fumarate","Tablets","Concor","Cipla Ltd",159,105.5,135.2,"Strip"
"Starpress 500mg","Metoprolol Succinate","Tablets","Starpress","Lupin Ltd",67,44.5,57,"Strip"
"Metolar 75mg","Metoprolol Tartrate","Tablets","Metolar","Mankind Pharma",80,53,68,"Strip"
"Glycomet Kid","Metformin Hydrochloride","Tablets","Glycomet","Torrent Pharmaceuticals",33,21.9,28.1,"Strip"
"Metformin SR 600mg","Metformin Hydrochloride","Tablets","Metformin","Dr. Reddy s Laboratories",33,21.9,28.1,"Strip"
"Glycomet GP 80mg","Glimepiride + Metformin","Tablets","Glycomet GP","Alkem Laboratories",44,29.2,37.4,"Strip"
"Amaryl M Plus","Glimepiride + Metformin","Tablets","Amaryl","Glenmark Pharmaceuticals",227,150.5,193,"Strip"
"Glimisave M 625mg","Glimepiride + Metformin","Tablets","Glimisave","Cadila Pharmaceuticals",45,29.9,38.3,"Strip"
"Jalra-M 100mg","Vildagliptin + Metformin","Tablets","Jalra-M","Zydus Lifesciences",183,121.3,155.5,"Strip"
"Galvus Met Forte","Vildagliptin + Metformin","Tablets","Galvus","Sanofi India",406,269.2,345.1,"Strip"
"Ziten M 650mg","Teneligliptin + Metformin","Tablets","Ziten","USV Private Ltd",159,105.5,135.2,"Strip"
"Dynaglipt M 150mg","Teneligliptin + Metformin","Tablets","Dynaglipt","Pfizer India",147,97.5,125,"Strip"
"Voglistar 5mg","Voglibose","Tablets","Voglistar","Micro Labs Ltd",55,36.5,46.8,"Strip"
"Volibo 1g","Voglibose","Tablets","Volibo","Blue Cross Laboratories",58,38.5,49.3,"Strip"
"Pantocid 200mg","Pantoprazole","Tablets","Pantocid","Aristo Pharmaceuticals",71,47.1,60.4,"Strip"
"Pan 10mg","Pantoprazole","Tablets","Pan","FDC Ltd",124,82.2,105.4,"Strip"
"Pantodac SR","Pantoprazole","Tablets","Pantodac","J.B. Chemicals & Pharmaceuticals",82,54.4,69.7,"Strip"
"Pan-D 250mg","Pantoprazole + Domperidone","Capsules","Pan-D","Wockhardt Ltd",190,126,161.5,"Strip"
"Pantocid-DSR 20mg","Pantoprazole + Domperidone","Capsules","Pantocid","Apex Laboratories",133,88.2,113.1,"Strip"
"Pantosec-DSR DSR","Pantoprazole + Domperidone","Capsules","Pantosec","Intas Pharmaceuticals",181,120,153.9,"Strip"
"Omez 300mg","Omeprazole","Capsules","Omez","Macleods Pharmaceuticals",59,39.2,50.2,"Strip"
"Omecip 40mg","Omeprazole","Capsules","Omecip","Hetero Healthcare",37,24.6,31.5,"Strip"
"Omez-D XL","Omeprazole + Domperidone","Capsules","Omez","Biocon Ltd",110,72.9,93.5,"Strip"
"Rabicip 400mg","Rabeprazole","Tablets","Rabicip","AstraZeneca India",123,81.6,104.6,"Strip"
"Rabeloc 50mg","Rabeprazole","Tablets","Rabeloc","Bayer India",76,50.4,64.6,"Strip"
"Rabicip-DSR Duo","Rabeprazole + Domperidone","Capsules","Rabicip","IPCA Laboratories",139,92.2,118.2,"Strip"
"Razo-DSR 500mg","Rabeprazole + Domperidone","Capsules","Razo","Alembic Pharmaceuticals",227,150.5,193,"Strip"
"Sompraz 75mg","Esomeprazole","Tablets","Sompraz","GSK Pharma",135,89.5,114.8,"Strip"
"Nexpro Kid","Esomeprazole","Tablets","Nexpro","Abbott India",88,58.3,74.8,"Strip"
"Sompraz-DSR 600mg","Esomeprazole + Domperidone","Capsules","Sompraz","Sun Pharmaceutical Industries",141,93.5,119.9,"Strip"
"Nexpro-RD 80mg","Esomeprazole + Domperidone","Capsules","Nexpro","Cipla Ltd",194,128.6,164.9,"Strip"
"Aciloc Plus","Ranitidine","Tablets","Aciloc","Lupin Ltd",34,22.5,28.9,"Strip"
"Rantac 625mg","Ranitidine","Tablets","Rantac","Mankind Pharma",34,22.5,28.9,"Strip"
"Zinetac 100mg","Ranitidine","Tablets","Zinetac","Torrent Pharmaceuticals",30,19.9,25.5,"Strip"
"Okacet Forte","Cetirizine","Tablets","Okacet","Dr. Reddy s Laboratories",11,7.3,9.4,"Strip"
"Cetcip 650mg","Cetirizine","Tablets","Cetcip","Alkem Laboratories",26,17.2,22.1,"Strip"
"Alerid 150mg","Cetirizine","Tablets","Alerid","Glenmark Pharmaceuticals",25,16.6,21.3,"Strip"
"Teczine 5mg","Levocetirizine","Tablets","Teczine","Cadila Pharmaceuticals",75,49.8,63.8,"Strip"
"Lecope 1g","Levocetirizine","Tablets","Lecope","Zydus Lifesciences",61,40.5,51.9,"Strip"
"Sizloc 200mg","Levocetirizine","Tablets","Sizloc","Sanofi India",54,35.8,45.9,"Strip"
"Montair-LC 10mg","Montelukast + Levocetirizine","Tablets","Montair","USV Private Ltd",169,112.1,143.7,"Strip"
"Telekast-L SR","Montelukast + Levocetirizine","Tablets","Telekast","Pfizer India",152,100.8,129.2,"Strip"
"Montemac-L 250mg","Montelukast + Levocetirizine","Tablets","Montemac","Micro Labs Ltd",175,116.1,148.8,"Strip"
"Montek-LC 20mg","Montelukast + Levocetirizine","Tablets","Montek","Blue Cross Laboratories",238,157.8,202.3,"Strip"
"Allegra DSR","Fexofenadine Hydrochloride","Tablets","Allegra","Aristo Pharmaceuticals",181,120,153.9,"Strip"
"Fexo 300mg","Fexofenadine Hydrochloride","Tablets","Fexo","FDC Ltd",124,82.2,105.4,"Strip"
"Fexigra 40mg","Fexofenadine Hydrochloride","Tablets","Fexigra","J.B. Chemicals & Pharmaceuticals",162,107.4,137.7,"Strip"
"Avil XL","Pheniramine Maleate","Tablets","Avil","Wockhardt Ltd",8,5.3,6.8,"Strip"
"Atarax 400mg","Hydroxyzine Hydrochloride","Tablets","Atarax","Apex Laboratories",53,35.2,45.1,"Strip"
"Becosules 50mg","Vitamin B Complex + Vitamin C","Capsules","Becosules","Intas Pharmaceuticals",31,20.6,26.4,"Strip"
"Cobadex Forte Duo","Vitamin B Complex + Zinc","Capsules","Cobadex","Macleods Pharmaceuticals",31,20.6,26.4,"Strip"
"Zincovit 500mg","Multivitamin + Multimineral","Tablets","Zincovit","Hetero Healthcare",117,77.6,99.5,"Strip"
"Revital H 75mg","Multivitamins + Minerals + Ginseng","Capsules","Revital","Biocon Ltd",325,215.5,276.3,"Strip"
"Limcee Orange Kid","Vitamin C (Ascorbic Acid)","Tablets","Limcee","AstraZeneca India",23,15.3,19.6,"Strip"
"Celin chewable 600mg","Vitamin C (Ascorbic Acid)","Tablets","Celin","Bayer India",24,15.9,20.4,"Strip"
"Shelcal 80mg","Calcium + Vitamin D3","Tablets","Shelcal","IPCA Laboratories",144,95.5,122.4,"Strip"
"Cipcal Plus","Calcium + Vitamin D3","Tablets","Cipcal","Alembic Pharmaceuticals",117,77.6,99.5,"Strip"
"Calcirol Sachet 625mg","Cholecalciferol (Vitamin D3)","Others","Calcirol","GSK Pharma",25,16.6,21.3,"Sachet"
"D3-Must 100mg","Cholecalciferol (Vitamin D3)","Capsules","D3-Must","Abbott India",47,31.1,39.9,"Strip"
"Evion Forte","Vitamin E","Capsules","Evion","Sun Pharmaceutical Industries",51,33.9,43.4,"Strip"
"Neurobion Forte 650mg","Vitamin B Complex + Methylcobalamin","Tablets","Neurobion","Cipla Ltd",44,29.2,37.4,"Strip"
"Mecobon 150mg","Methylcobalamin","Tablets","Mecobon","Lupin Ltd",102,67.6,86.7,"Strip"
"Asthalin Respules","Salbutamol","Inhalers","Asthalin","Mankind Pharma",125,82.9,106.3,"Piece"
"Duolin Inhaler","Levosalbutamol + Ipratropium Bromide","Inhalers","Duolin","Torrent Pharmaceuticals",228,151.2,193.8,"Piece"
"Budecort Inhaler","Budesonide","Inhalers","Budecort","Dr. Reddy s Laboratories",271,179.7,230.4,"Piece"
"Foracort Inhaler","Budesonide + Formoterol Fumarate","Inhalers","Foracort","Alkem Laboratories",234,155.1,198.9,"Piece"
"Benadryl Syrup 60ml Syrup","Diphenhydramine + Ammonium Chloride + Sodium Citrate","Syrups","Benadryl","Glenmark Pharmaceuticals",142,94.1,120.7,"Bottle"
"Ascoril LS Syrup 100ml Syrup","Ambroxol + Levosalbutamol + Guaiphenesin","Syrups","Ascoril","Cadila Pharmaceuticals",130,86.2,110.5,"Bottle"
"Grilinctus Syrup 60ml Syrup","Dextromethorphan + Chlorpheniramine","Syrups","Grilinctus","Zydus Lifesciences",123,81.6,104.6,"Bottle"
"Corex DX Syrup 100ml Syrup","Chlorpheniramine + Dextromethorphan","Syrups","Corex","Sanofi India",106,70.3,90.1,"Bottle"
"Solvin Cold Syrup 60ml Syrup","Paracetamol + Phenylephrine + Chlorpheniramine","Syrups","Solvin","USV Private Ltd",79,52.3,67.1,"Bottle"
"Volini Gel Inhaler","Diclofenac + Methyl Salicylate + Menthol","Others","Volini","Pfizer India",137,90.9,116.5,"Piece"
"Moov Gel Inhaler","Oil of Wintergreen + Menthol + Turpentine Oil","Others","Moov","Micro Labs Ltd",105,69.7,89.3,"Piece"
"Iodex Balm Inhaler","Methyl Salicylate + Menthol + Camphor","Others","Iodex","Blue Cross Laboratories",43,28.5,36.6,"Piece"
"Betnovate-N Respules","Betamethasone + Neomycin","Others","Betnovate","Aristo Pharmaceuticals",41,27.2,34.9,"Piece"
"Betnovate-C Inhaler","Betamethasone + Clioquinol","Others","Betnovate","FDC Ltd",57,37.8,48.4,"Piece"
"Betnovate-GM Respules","Betamethasone + Gentamicin + Miconazole","Others","Betnovate","J.B. Chemicals & Pharmaceuticals",49,32.5,41.7,"Piece"
"Quadriderm RF Inhaler","Beclomethasone + Clotrimazole + Neomycin","Others","Quadriderm","Wockhardt Ltd",85,56.4,72.3,"Piece"
"Panderm Super Inhaler","Clobetasol + Neomycin + Miconazole","Others","Panderm","Apex Laboratories",103,68.3,87.6,"Piece"
"Tenovate Cream Respules","Clobetasol Propionate","Others","Tenovate","Intas Pharmaceuticals",71,47.1,60.4,"Piece"
"Ciplox Eye/Ear Drops Inhaler","Ciprofloxacin Eye Drops","Drops","Ciplox","Macleods Pharmaceuticals",29,19.3,24.7,"Piece"
"Moxicip Eye Drops Inhaler","Moxifloxacin Eye Drops","Drops","Moxicip","Hetero Healthcare",62,41.1,52.7,"Piece"
"Otrivin Nasal Spray Respules","Xylometazoline Hydrochloride","Drops","Otrivin","Biocon Ltd",70,46.4,59.5,"Piece"
"Nasoclear Drops Inhaler","Sodium Chloride Nasal Solution","Drops","Nasoclear","AstraZeneca India",53,35.2,45.1,"Piece"
"Calpol Forte (Batch 1)","Paracetamol","Tablets","Calpol","Bayer India",26,17.2,22.1,"Strip"
"Crocin Advance 650mg (Batch 1)","Paracetamol","Tablets","Crocin","IPCA Laboratories",16,10.6,13.6,"Strip"
"Dolo 150mg (Batch 1)","Paracetamol","Tablets","Dolo","Alembic Pharmaceuticals",22,14.6,18.7,"Strip"
"Pacimol 5mg (Batch 1)","Paracetamol","Tablets","Pacimol","GSK Pharma",10,6.6,8.5,"Strip"
"Sumo L 1g (Batch 1)","Paracetamol","Tablets","Sumo","Abbott India",22,14.6,18.7,"Strip"
"Combiflam 200mg (Batch 1)","Ibuprofen + Paracetamol","Tablets","Combiflam","Sun Pharmaceutical Industries",26,17.2,22.1,"Strip"
"Flexon 10mg (Batch 1)","Ibuprofen + Paracetamol","Tablets","Flexon","Cipla Ltd",29,19.3,24.7,"Strip"
"Ibugesic Plus SR (Batch 1)","Ibuprofen + Paracetamol","Tablets","Ibugesic","Lupin Ltd",25,16.6,21.3,"Strip"
"Acecloc 250mg (Batch 1)","Aceclofenac + Paracetamol","Tablets","Acecloc","Mankind Pharma",60,39.8,51,"Strip"
"Zerodol-P 20mg (Batch 1)","Aceclofenac + Paracetamol","Tablets","Zerodol","Torrent Pharmaceuticals",88,58.3,74.8,"Strip"
"Hifenac-P DSR (Batch 1)","Aceclofenac + Paracetamol","Tablets","Hifenac","Dr. Reddy s Laboratories",66,43.8,56.1,"Strip"
"Zerodol-SP 300mg (Batch 1)","Aceclofenac + Paracetamol + Serratiopeptidase","Tablets","Zerodol","Alkem Laboratories",94,62.3,79.9,"Strip"
"Meftal-Spas 40mg (Batch 1)","Mefenamic Acid + Dicyclomine","Tablets","Meftal","Glenmark Pharmaceuticals",42,27.8,35.7,"Strip"
"Cyclopam XL (Batch 1)","Dicyclomine + Paracetamol","Tablets","Cyclopam","Cadila Pharmaceuticals",43,28.5,36.6,"Strip"
"Ultracet 400mg (Batch 1)","Tramadol + Paracetamol","Tablets","Ultracet","Zydus Lifesciences",183,121.3,155.5,"Strip"
"Tramazac 50mg (Batch 1)","Tramadol","Capsules","Tramazac","Sanofi India",76,50.4,64.6,"Strip"
"Nise Duo (Batch 1)","Nimesulide","Tablets","Nise","USV Private Ltd",69,45.8,58.7,"Strip"
"Nimulid 500mg (Batch 1)","Nimesulide","Tablets","Nimulid","Pfizer India",67,44.5,57,"Strip"
"Amox 75mg (Batch 1)","Amoxicillin","Capsules","Amox","Micro Labs Ltd",60,39.8,51,"Strip"
"Amoxil Kid (Batch 1)","Amoxicillin","Capsules","Amoxil","Blue Cross Laboratories",48,31.8,40.8,"Strip"
"Mox 600mg (Batch 1)","Amoxicillin","Capsules","Mox","Aristo Pharmaceuticals",49,32.5,41.7,"Strip"
"Novamox 80mg (Batch 1)","Amoxicillin","Capsules","Novamox","FDC Ltd",66,43.8,56.1,"Strip"
"Clavam Plus (Batch 1)","Amoxicillin + Potassium Clavulanate","Tablets","Clavam","J.B. Chemicals & Pharmaceuticals",217,143.9,184.5,"Strip"
"Augmentin 625mg (Batch 1)","Amoxicillin + Potassium Clavulanate","Tablets","Augmentin","Wockhardt Ltd",180,119.3,153,"Strip"
"Moxikind-CV 100mg (Batch 1)","Amoxicillin + Potassium Clavulanate","Tablets","Moxikind","Apex Laboratories",173,114.7,147,"Strip"
"Advent Forte (Batch 1)","Amoxicillin + Potassium Clavulanate","Tablets","Advent","Intas Pharmaceuticals",166,110.1,141.1,"Strip"
"Azee 650mg (Batch 1)","Azithromycin","Tablets","Azee","Macleods Pharmaceuticals",149,98.8,126.7,"Strip"
"Azithral 150mg (Batch 1)","Azithromycin","Tablets","Azithral","Hetero Healthcare",132,87.5,112.2,"Strip"
"Azax 5mg (Batch 1)","Azithromycin","Tablets","Azax","Biocon Ltd",90,59.7,76.5,"Strip"
"Zifi 1g (Batch 1)","Cefixime","Tablets","Zifi","AstraZeneca India",113,75,96.1,"Strip"
"Taxim-O 200mg (Batch 1)","Cefixime","Tablets","Taxim-O","Bayer India",141,93.5,119.9,"Strip"
"Cefolac 10mg (Batch 1)","Cefixime","Tablets","Cefolac","IPCA Laboratories",74,49.1,62.9,"Strip"
"Milixim SR (Batch 1)","Cefixime","Tablets","Milixim","Alembic Pharmaceuticals",74,49.1,62.9,"Strip"
"Gepod 250mg (Batch 1)","Cefpodoxime Proxetil","Tablets","Gepod","GSK Pharma",110,72.9,93.5,"Strip"
"Monocef-O 20mg (Batch 1)","Cefpodoxime Proxetil","Tablets","Monocef-O","Abbott India",133,88.2,113.1,"Strip"
"Macpod DSR (Batch 1)","Cefpodoxime Proxetil","Tablets","Macpod","Sun Pharmaceutical Industries",156,103.4,132.6,"Strip"
"Oflomac 300mg (Batch 1)","Ofloxacin","Tablets","Oflomac","Cipla Ltd",59,39.2,50.2,"Strip"
"Oframax 40mg (Batch 1)","Ofloxacin","Tablets","Oframax","Lupin Ltd",52,34.5,44.2,"Strip"
"Oflotas XL (Batch 1)","Ofloxacin","Tablets","Oflotas","Mankind Pharma",63,41.8,53.6,"Strip"
"Oflomac-OZ 400mg (Batch 1)","Ofloxacin + Ornidazole","Tablets","Oflomac","Torrent Pharmaceuticals",93,61.7,79.1,"Strip"
"Zenflox-OZ 50mg (Batch 1)","Ofloxacin + Ornidazole","Tablets","Zenflox","Dr. Reddy s Laboratories",111,73.6,94.4,"Strip"
"Norflox Duo (Batch 1)","Norfloxacin","Tablets","Norflox","Alkem Laboratories",79,52.3,67.1,"Strip"
"Norflox-TZ 500mg (Batch 1)","Norfloxacin + Tinidazole","Tablets","Norflox","Glenmark Pharmaceuticals",97,64.4,82.5,"Strip"
"Ciplox 75mg (Batch 1)","Ciprofloxacin","Tablets","Ciplox","Cadila Pharmaceuticals",35,23.2,29.8,"Strip"
"Ciprobid Kid (Batch 1)","Ciprofloxacin","Tablets","Ciprobid","Zydus Lifesciences",47,31.1,39.9,"Strip"
"Atorva 600mg (Batch 1)","Atorvastatin","Tablets","Atorva","Sanofi India",141,93.5,119.9,"Strip"
"Lipitor 80mg (Batch 1)","Atorvastatin","Tablets","Lipitor","USV Private Ltd",159,105.5,135.2,"Strip"
"Lipikind Plus (Batch 1)","Atorvastatin","Tablets","Lipikind","Pfizer India",77,51.1,65.5,"Strip"
"Tonact 625mg (Batch 1)","Atorvastatin","Tablets","Tonact","Micro Labs Ltd",55,36.5,46.8,"Strip"
"Rosuvas 100mg (Batch 1)","Rosuvastatin","Tablets","Rosuvas","Blue Cross Laboratories",108,71.6,91.8,"Strip"
"Rosyn Forte (Batch 1)","Rosuvastatin","Tablets","Rosyn","Aristo Pharmaceuticals",81,53.7,68.9,"Strip"
"Roseday 650mg (Batch 1)","Rosuvastatin","Tablets","Roseday","FDC Ltd",194,128.6,164.9,"Strip"
"Crevast 150mg (Batch 1)","Rosuvastatin","Tablets","Crevast","J.B. Chemicals & Pharmaceuticals",102,67.6,86.7,"Strip"
"Telma 5mg (Batch 1)","Telmisartan","Tablets","Telma","Wockhardt Ltd",115,76.3,97.8,"Strip"
"Telvas 1g (Batch 1)","Telmisartan","Tablets","Telvas","Apex Laboratories",41,27.2,34.9,"Strip"
"Telsar 200mg (Batch 1)","Telmisartan","Tablets","Telsar","Intas Pharmaceuticals",101,67,85.9,"Strip"
"Telma-H 10mg (Batch 1)","Telmisartan + Hydrochlorothiazide","Tablets","Telma","Macleods Pharmaceuticals",184,122,156.4,"Strip"
"Telvas-H SR (Batch 1)","Telmisartan + Hydrochlorothiazide","Tablets","Telvas","Hetero Healthcare",107,71,91,"Strip"
"Amlokind 250mg (Batch 1)","Amlodipine","Tablets","Amlokind","Biocon Ltd",27,17.9,23,"Strip"
"Amlosafe 20mg (Batch 1)","Amlodipine","Tablets","Amlosafe","AstraZeneca India",23,15.3,19.6,"Strip"
"Amlovas DSR (Batch 1)","Amlodipine","Tablets","Amlovas","Bayer India",17,11.3,14.5,"Strip"
"Cilacar 300mg (Batch 1)","Cilnidipine","Tablets","Cilacar","IPCA Laboratories",64,42.4,54.4,"Strip"
"Cilnidac 40mg (Batch 1)","Cilnidipine","Tablets","Cilnidac","Alembic Pharmaceuticals",127,84.2,108,"Strip"
"Concor XL (Batch 1)","Bisoprolol Fumarate","Tablets","Concor","GSK Pharma",150,99.5,127.5,"Strip"
"Starpress 400mg (Batch 1)","Metoprolol Succinate","Tablets","Starpress","Abbott India",88,58.3,74.8,"Strip"
"Metolar 50mg (Batch 1)","Metoprolol Tartrate","Tablets","Metolar","Sun Pharmaceutical Industries",71,47.1,60.4,"Strip"
"Glycomet Duo (Batch 1)","Metformin Hydrochloride","Tablets","Glycomet","Cipla Ltd",19,12.6,16.2,"Strip"
"Metformin SR 500mg (Batch 1)","Metformin Hydrochloride","Tablets","Metformin","Lupin Ltd",19,12.6,16.2,"Strip"
"Glycomet GP 75mg (Batch 1)","Glimepiride + Metformin","Tablets","Glycomet GP","Mankind Pharma",85,56.4,72.3,"Strip"
"Amaryl M Kid (Batch 1)","Glimepiride + Metformin","Tablets","Amaryl","Torrent Pharmaceuticals",188,124.6,159.8,"Strip"
"Glimisave M 600mg (Batch 1)","Glimepiride + Metformin","Tablets","Glimisave","Dr. Reddy s Laboratories",66,43.8,56.1,"Strip"
"Jalra-M 80mg (Batch 1)","Vildagliptin + Metformin","Tablets","Jalra-M","Alkem Laboratories",294,194.9,249.9,"Strip"
"Galvus Met Plus (Batch 1)","Vildagliptin + Metformin","Tablets","Galvus","Glenmark Pharmaceuticals",317,210.2,269.5,"Strip"
"Ziten M 625mg (Batch 1)","Teneligliptin + Metformin","Tablets","Ziten","Cadila Pharmaceuticals",90,59.7,76.5,"Strip"
"Dynaglipt M 100mg (Batch 1)","Teneligliptin + Metformin","Tablets","Dynaglipt","Zydus Lifesciences",158,104.8,134.3,"Strip"
"Voglistar Forte (Batch 1)","Voglibose","Tablets","Voglistar","Sanofi India",46,30.5,39.1,"Strip"
"Volibo 650mg (Batch 1)","Voglibose","Tablets","Volibo","USV Private Ltd",84,55.7,71.4,"Strip"
"Pantocid 150mg (Batch 1)","Pantoprazole","Tablets","Pantocid","Pfizer India",112,74.3,95.2,"Strip"
"Pan 5mg (Batch 1)","Pantoprazole","Tablets","Pan","Micro Labs Ltd",115,76.3,97.8,"Strip"
"Pantodac 1g (Batch 1)","Pantoprazole","Tablets","Pantodac","Blue Cross Laboratories",93,61.7,79.1,"Strip"
"Pan-D 200mg (Batch 1)","Pantoprazole + Domperidone","Capsules","Pan-D","Aristo Pharmaceuticals",181,120,153.9,"Strip"
"Pantocid-DSR 10mg (Batch 1)","Pantoprazole + Domperidone","Capsules","Pantocid","FDC Ltd",224,148.5,190.4,"Strip"
"Pantosec-DSR SR (Batch 1)","Pantoprazole + Domperidone","Capsules","Pantosec","J.B. Chemicals & Pharmaceuticals",112,74.3,95.2,"Strip"
"Omez 250mg (Batch 1)","Omeprazole","Capsules","Omez","Wockhardt Ltd",70,46.4,59.5,"Strip"
"Omecip 20mg (Batch 1)","Omeprazole","Capsules","Omecip","Apex Laboratories",58,38.5,49.3,"Strip"
"Omez-D DSR (Batch 1)","Omeprazole + Domperidone","Capsules","Omez","Intas Pharmaceuticals",61,40.5,51.9,"Strip"
"Rabicip 300mg (Batch 1)","Rabeprazole","Tablets","Rabicip","Macleods Pharmaceuticals",114,75.6,96.9,"Strip"
"Rabeloc 40mg (Batch 1)","Rabeprazole","Tablets","Rabeloc","Hetero Healthcare",117,77.6,99.5,"Strip"
"Rabicip-DSR XL (Batch 1)","Rabeprazole + Domperidone","Capsules","Rabicip","Biocon Ltd",180,119.3,153,"Strip"
"Razo-DSR 400mg (Batch 1)","Rabeprazole + Domperidone","Capsules","Razo","AstraZeneca India",188,124.6,159.8,"Strip"
"Sompraz 50mg (Batch 1)","Esomeprazole","Tablets","Sompraz","Bayer India",66,43.8,56.1,"Strip"
"Nexpro Duo (Batch 1)","Esomeprazole","Tablets","Nexpro","IPCA Laboratories",109,72.2,92.6,"Strip"
"Sompraz-DSR 500mg (Batch 1)","Esomeprazole + Domperidone","Capsules","Sompraz","Alembic Pharmaceuticals",232,153.8,197.2,"Strip"
"Nexpro-RD 75mg (Batch 1)","Esomeprazole + Domperidone","Capsules","Nexpro","GSK Pharma",230,152.5,195.5,"Strip"
"Aciloc Kid (Batch 1)","Ranitidine","Tablets","Aciloc","Abbott India",25,16.6,21.3,"Strip"
"Rantac 600mg (Batch 1)","Ranitidine","Tablets","Rantac","Sun Pharmaceutical Industries",25,16.6,21.3,"Strip"
"Zinetac 80mg (Batch 1)","Ranitidine","Tablets","Zinetac","Cipla Ltd",37,24.6,31.5,"Strip"
"Okacet Plus (Batch 1)","Cetirizine","Tablets","Okacet","Lupin Ltd",22,14.6,18.7,"Strip"
"Cetcip 625mg (Batch 1)","Cetirizine","Tablets","Cetcip","Mankind Pharma",29,19.3,24.7,"Strip"
"Alerid 100mg (Batch 1)","Cetirizine","Tablets","Alerid","Torrent Pharmaceuticals",22,14.6,18.7,"Strip"
"Teczine Forte (Batch 1)","Levocetirizine","Tablets","Teczine","Dr. Reddy s Laboratories",51,33.9,43.4,"Strip"
"Lecope 650mg (Batch 1)","Levocetirizine","Tablets","Lecope","Alkem Laboratories",52,34.5,44.2,"Strip"
"Sizloc 150mg (Batch 1)","Levocetirizine","Tablets","Sizloc","Glenmark Pharmaceuticals",33,21.9,28.1,"Strip"
"Montair-LC 5mg (Batch 1)","Montelukast + Levocetirizine","Tablets","Montair","Cadila Pharmaceuticals",130,86.2,110.5,"Strip"
"Telekast-L 1g (Batch 1)","Montelukast + Levocetirizine","Tablets","Telekast","Zydus Lifesciences",193,127.9,164,"Strip"
"Montemac-L 200mg (Batch 1)","Montelukast + Levocetirizine","Tablets","Montemac","Sanofi India",186,123.3,158.1,"Strip"
"Montek-LC 10mg (Batch 1)","Montelukast + Levocetirizine","Tablets","Montek","USV Private Ltd",194,128.6,164.9,"Strip"
"Allegra SR (Batch 1)","Fexofenadine Hydrochloride","Tablets","Allegra","Pfizer India",172,114,146.2,"Strip"
"Fexo 250mg (Batch 1)","Fexofenadine Hydrochloride","Tablets","Fexo","Micro Labs Ltd",145,96.2,123.3,"Strip"
"Fexigra 20mg (Batch 1)","Fexofenadine Hydrochloride","Tablets","Fexigra","Blue Cross Laboratories",78,51.7,66.3,"Strip"
"Avil DSR (Batch 1)","Pheniramine Maleate","Tablets","Avil","Aristo Pharmaceuticals",9,6,7.7,"Strip"
"Atarax 300mg (Batch 1)","Hydroxyzine Hydrochloride","Tablets","Atarax","FDC Ltd",104,69,88.4,"Strip"
"Becosules 40mg (Batch 1)","Vitamin B Complex + Vitamin C","Capsules","Becosules","J.B. Chemicals & Pharmaceuticals",42,27.8,35.7,"Strip"
"Cobadex Forte XL (Batch 1)","Vitamin B Complex + Zinc","Capsules","Cobadex","Wockhardt Ltd",22,14.6,18.7,"Strip"
"Zincovit 400mg (Batch 1)","Multivitamin + Multimineral","Tablets","Zincovit","Apex Laboratories",108,71.6,91.8,"Strip"
"Revital H 50mg (Batch 1)","Multivitamins + Minerals + Ginseng","Capsules","Revital","Intas Pharmaceuticals",286,189.6,243.1,"Strip"
"Limcee Orange Duo (Batch 1)","Vitamin C (Ascorbic Acid)","Tablets","Limcee","Macleods Pharmaceuticals",29,19.3,24.7,"Strip"
"Celin chewable 500mg (Batch 1)","Vitamin C (Ascorbic Acid)","Tablets","Celin","Hetero Healthcare",30,19.9,25.5,"Strip"
"Shelcal 75mg (Batch 1)","Calcium + Vitamin D3","Tablets","Shelcal","Biocon Ltd",95,63,80.8,"Strip"
"Cipcal Kid (Batch 1)","Calcium + Vitamin D3","Tablets","Cipcal","AstraZeneca India",108,71.6,91.8,"Strip"
"Calcirol Sachet 600mg (Batch 1)","Cholecalciferol (Vitamin D3)","Others","Calcirol","Bayer India",36,23.9,30.6,"Sachet"
"D3-Must 80mg (Batch 1)","Cholecalciferol (Vitamin D3)","Capsules","D3-Must","IPCA Laboratories",33,21.9,28.1,"Strip"
"Evion Plus (Batch 1)","Vitamin E","Capsules","Evion","Alembic Pharmaceuticals",42,27.8,35.7,"Strip"
"Neurobion Forte 625mg (Batch 1)","Vitamin B Complex + Methylcobalamin","Tablets","Neurobion","GSK Pharma",35,23.2,29.8,"Strip"
"Mecobon 100mg (Batch 1)","Methylcobalamin","Tablets","Mecobon","Abbott India",93,61.7,79.1,"Strip"
"Asthalin Inhaler (Batch 1)","Salbutamol","Inhalers","Asthalin","Sun Pharmaceutical Industries",136,90.2,115.6,"Piece"
"Duolin Inhaler (Batch 1)","Levosalbutamol + Ipratropium Bromide","Inhalers","Duolin","Cipla Ltd",249,165.1,211.7,"Piece"
"Budecort Inhaler (Batch 1)","Budesonide","Inhalers","Budecort","Lupin Ltd",262,173.7,222.7,"Piece"
"Foracort Inhaler (Batch 1)","Budesonide + Formoterol Fumarate","Inhalers","Foracort","Mankind Pharma",345,228.8,293.3,"Piece"
"Benadryl Syrup 100ml Syrup (Batch 1)","Diphenhydramine + Ammonium Chloride + Sodium Citrate","Syrups","Benadryl","Torrent Pharmaceuticals",133,88.2,113.1,"Bottle"
"Ascoril LS Syrup 60ml Syrup (Batch 1)","Ambroxol + Levosalbutamol + Guaiphenesin","Syrups","Ascoril","Dr. Reddy s Laboratories",91,60.4,77.4,"Bottle"
"Grilinctus Syrup 100ml Syrup (Batch 1)","Dextromethorphan + Chlorpheniramine","Syrups","Grilinctus","Alkem Laboratories",99,65.6,84.1,"Bottle"
"Corex DX Syrup 60ml Syrup (Batch 1)","Chlorpheniramine + Dextromethorphan","Syrups","Corex","Glenmark Pharmaceuticals",147,97.5,125,"Bottle"
"Solvin Cold Syrup 100ml Syrup (Batch 1)","Paracetamol + Phenylephrine + Chlorpheniramine","Syrups","Solvin","Cadila Pharmaceuticals",65,43.1,55.3,"Bottle"
"Volini Gel Inhaler (Batch 1)","Diclofenac + Methyl Salicylate + Menthol","Others","Volini","Zydus Lifesciences",68,45.1,57.8,"Piece"
"Moov Gel Respules (Batch 1)","Oil of Wintergreen + Menthol + Turpentine Oil","Others","Moov","Sanofi India",116,76.9,98.6,"Piece"
"Iodex Balm Inhaler (Batch 1)","Methyl Salicylate + Menthol + Camphor","Others","Iodex","USV Private Ltd",114,75.6,96.9,"Piece"
"Betnovate-N Inhaler (Batch 1)","Betamethasone + Neomycin","Others","Betnovate","Pfizer India",52,34.5,44.2,"Piece"
"Betnovate-C Inhaler (Batch 1)","Betamethasone + Clioquinol","Others","Betnovate","Micro Labs Ltd",43,28.5,36.6,"Piece"
"Betnovate-GM Respules (Batch 1)","Betamethasone + Gentamicin + Miconazole","Others","Betnovate","Blue Cross Laboratories",70,46.4,59.5,"Piece"
"Quadriderm RF Inhaler (Batch 1)","Beclomethasone + Clotrimazole + Neomycin","Others","Quadriderm","Aristo Pharmaceuticals",76,50.4,64.6,"Piece"
"Panderm Super Respules (Batch 1)","Clobetasol + Neomycin + Miconazole","Others","Panderm","FDC Ltd",79,52.3,67.1,"Piece"
"Tenovate Cream Inhaler (Batch 1)","Clobetasol Propionate","Others","Tenovate","J.B. Chemicals & Pharmaceuticals",57,37.8,48.4,"Piece"
"Ciplox Eye/Ear Drops Inhaler (Batch 1)","Ciprofloxacin Eye Drops","Drops","Ciplox","Wockhardt Ltd",20,13.3,17,"Piece"
"Moxicip Eye Drops Inhaler (Batch 1)","Moxifloxacin Eye Drops","Drops","Moxicip","Apex Laboratories",48,31.8,40.8,"Piece"
"Otrivin Nasal Spray Respules (Batch 1)","Xylometazoline Hydrochloride","Drops","Otrivin","Intas Pharmaceuticals",101,67,85.9,"Piece"
"Nasoclear Drops Inhaler (Batch 1)","Sodium Chloride Nasal Solution","Drops","Nasoclear","Macleods Pharmaceuticals",44,29.2,37.4,"Piece"
"Calpol Plus (Batch 2)","Paracetamol","Tablets","Calpol","Hetero Healthcare",17,11.3,14.5,"Strip"
"Crocin Advance 625mg (Batch 2)","Paracetamol","Tablets","Crocin","Biocon Ltd",22,14.6,18.7,"Strip"
"Dolo 100mg (Batch 2)","Paracetamol","Tablets","Dolo","AstraZeneca India",28,18.6,23.8,"Strip"
"Pacimol Forte (Batch 2)","Paracetamol","Tablets","Pacimol","Bayer India",11,7.3,9.4,"Strip"
"Sumo L 650mg (Batch 2)","Paracetamol","Tablets","Sumo","IPCA Laboratories",25,16.6,21.3,"Strip"
"Combiflam 150mg (Batch 2)","Ibuprofen + Paracetamol","Tablets","Combiflam","Alembic Pharmaceuticals",37,24.6,31.5,"Strip"
"Flexon 5mg (Batch 2)","Ibuprofen + Paracetamol","Tablets","Flexon","GSK Pharma",20,13.3,17,"Strip"
"Ibugesic Plus 1g (Batch 2)","Ibuprofen + Paracetamol","Tablets","Ibugesic","Abbott India",31,20.6,26.4,"Strip"
"Acecloc 200mg (Batch 2)","Aceclofenac + Paracetamol","Tablets","Acecloc","Sun Pharmaceutical Industries",51,33.9,43.4,"Strip"
"Zerodol-P 10mg (Batch 2)","Aceclofenac + Paracetamol","Tablets","Zerodol","Cipla Ltd",79,52.3,67.1,"Strip"
"Hifenac-P SR (Batch 2)","Aceclofenac + Paracetamol","Tablets","Hifenac","Lupin Ltd",87,57.7,74,"Strip"
"Zerodol-SP 250mg (Batch 2)","Aceclofenac + Paracetamol + Serratiopeptidase","Tablets","Zerodol","Mankind Pharma",105,69.7,89.3,"Strip"
"Meftal-Spas 20mg (Batch 2)","Mefenamic Acid + Dicyclomine","Tablets","Meftal","Torrent Pharmaceuticals",53,35.2,45.1,"Strip"
"Cyclopam DSR (Batch 2)","Dicyclomine + Paracetamol","Tablets","Cyclopam","Dr. Reddy s Laboratories",54,35.8,45.9,"Strip"
"Ultracet 300mg (Batch 2)","Tramadol + Paracetamol","Tablets","Ultracet","Alkem Laboratories",204,135.3,173.4,"Strip"
"Tramazac 40mg (Batch 2)","Tramadol","Capsules","Tramazac","Glenmark Pharmaceuticals",87,57.7,74,"Strip"
"Nise XL (Batch 2)","Nimesulide","Tablets","Nise","Cadila Pharmaceuticals",90,59.7,76.5,"Strip"
"Nimulid 400mg (Batch 2)","Nimesulide","Tablets","Nimulid","Zydus Lifesciences",58,38.5,49.3,"Strip"
"Amox 50mg (Batch 2)","Amoxicillin","Capsules","Amox","Sanofi India",51,33.9,43.4,"Strip"
"Amoxil Duo (Batch 2)","Amoxicillin","Capsules","Amoxil","USV Private Ltd",59,39.2,50.2,"Strip"
"Mox 500mg (Batch 2)","Amoxicillin","Capsules","Mox","Pfizer India",70,46.4,59.5,"Strip"
"Novamox 75mg (Batch 2)","Amoxicillin","Capsules","Novamox","Micro Labs Ltd",57,37.8,48.4,"Strip"
"Clavam Kid (Batch 2)","Amoxicillin + Potassium Clavulanate","Tablets","Clavam","Blue Cross Laboratories",128,84.9,108.8,"Strip"
"Augmentin 600mg (Batch 2)","Amoxicillin + Potassium Clavulanate","Tablets","Augmentin","Aristo Pharmaceuticals",171,113.4,145.4,"Strip"
"Moxikind-CV 80mg (Batch 2)","Amoxicillin + Potassium Clavulanate","Tablets","Moxikind","FDC Ltd",194,128.6,164.9,"Strip"
"Advent Plus (Batch 2)","Amoxicillin + Potassium Clavulanate","Tablets","Advent","J.B. Chemicals & Pharmaceuticals",177,117.4,150.5,"Strip"
"Azee 625mg (Batch 2)","Azithromycin","Tablets","Azee","Wockhardt Ltd",80,53,68,"Strip"
"Azithral 100mg (Batch 2)","Azithromycin","Tablets","Azithral","Apex Laboratories",143,94.8,121.6,"Strip"
"Azax Forte (Batch 2)","Azithromycin","Tablets","Azax","Intas Pharmaceuticals",81,53.7,68.9,"Strip"
"Zifi 650mg (Batch 2)","Cefixime","Tablets","Zifi","Macleods Pharmaceuticals",149,98.8,126.7,"Strip"
"Taxim-O 150mg (Batch 2)","Cefixime","Tablets","Taxim-O","Hetero Healthcare",132,87.5,112.2,"Strip"
"Cefolac 5mg (Batch 2)","Cefixime","Tablets","Cefolac","Biocon Ltd",95,63,80.8,"Strip"
"Milixim 1g (Batch 2)","Cefixime","Tablets","Milixim","AstraZeneca India",110,72.9,93.5,"Strip"
"Gepod 200mg (Batch 2)","Cefpodoxime Proxetil","Tablets","Gepod","Bayer India",101,67,85.9,"Strip"
"Monocef-O 10mg (Batch 2)","Cefpodoxime Proxetil","Tablets","Monocef-O","IPCA Laboratories",154,102.1,130.9,"Strip"
"Macpod SR (Batch 2)","Cefpodoxime Proxetil","Tablets","Macpod","Alembic Pharmaceuticals",147,97.5,125,"Strip"
"Oflomac 250mg (Batch 2)","Ofloxacin","Tablets","Oflomac","GSK Pharma",50,33.2,42.5,"Strip"
"Oframax 20mg (Batch 2)","Ofloxacin","Tablets","Oframax","Abbott India",73,48.4,62.1,"Strip"
"Oflotas DSR (Batch 2)","Ofloxacin","Tablets","Oflotas","Sun Pharmaceutical Industries",49,32.5,41.7,"Strip"
"Oflomac-OZ 300mg (Batch 2)","Ofloxacin + Ornidazole","Tablets","Oflomac","Cipla Ltd",84,55.7,71.4,"Strip"
"Zenflox-OZ 40mg (Batch 2)","Ofloxacin + Ornidazole","Tablets","Zenflox","Lupin Ltd",137,90.9,116.5,"Strip"
"Norflox XL (Batch 2)","Norfloxacin","Tablets","Norflox","Mankind Pharma",65,43.1,55.3,"Strip"
"Norflox-TZ 400mg (Batch 2)","Norfloxacin + Tinidazole","Tablets","Norflox","Torrent Pharmaceuticals",73,48.4,62.1,"Strip"
"Ciplox 50mg (Batch 2)","Ciprofloxacin","Tablets","Ciplox","Dr. Reddy s Laboratories",26,17.2,22.1,"Strip"
"Ciprobid Duo (Batch 2)","Ciprofloxacin","Tablets","Ciprobid","Alkem Laboratories",38,25.2,32.3,"Strip"
"Atorva 500mg (Batch 2)","Atorvastatin","Tablets","Atorva","Glenmark Pharmaceuticals",132,87.5,112.2,"Strip"
"Lipitor 75mg (Batch 2)","Atorvastatin","Tablets","Lipitor","Cadila Pharmaceuticals",320,212.2,272,"Strip"
"Lipikind Kid (Batch 2)","Atorvastatin","Tablets","Lipikind","Zydus Lifesciences",68,45.1,57.8,"Strip"
"Tonact 600mg (Batch 2)","Atorvastatin","Tablets","Tonact","Sanofi India",96,63.6,81.6,"Strip"
"Rosuvas 80mg (Batch 2)","Rosuvastatin","Tablets","Rosuvas","USV Private Ltd",219,145.2,186.2,"Strip"
"Rosyn Plus (Batch 2)","Rosuvastatin","Tablets","Rosyn","Pfizer India",192,127.3,163.2,"Strip"
"Roseday 625mg (Batch 2)","Rosuvastatin","Tablets","Roseday","Micro Labs Ltd",205,136,174.3,"Strip"
"Crevast 100mg (Batch 2)","Rosuvastatin","Tablets","Crevast","Blue Cross Laboratories",93,61.7,79.1,"Strip"
"Telma Forte (Batch 2)","Telmisartan","Tablets","Telma","Aristo Pharmaceuticals",46,30.5,39.1,"Strip"
"Telvas 650mg (Batch 2)","Telmisartan","Tablets","Telvas","FDC Ltd",62,41.1,52.7,"Strip"
"Telsar 150mg (Batch 2)","Telmisartan","Tablets","Telsar","J.B. Chemicals & Pharmaceuticals",112,74.3,95.2,"Strip"
"Telma-H 5mg (Batch 2)","Telmisartan + Hydrochlorothiazide","Tablets","Telma","Wockhardt Ltd",175,116.1,148.8,"Strip"
"Telvas-H 1g (Batch 2)","Telmisartan + Hydrochlorothiazide","Tablets","Telvas","Apex Laboratories",118,78.2,100.3,"Strip"
"Amlokind 200mg (Batch 2)","Amlodipine","Tablets","Amlokind","Intas Pharmaceuticals",13,8.6,11,"Strip"
"Amlosafe 10mg (Batch 2)","Amlodipine","Tablets","Amlosafe","Macleods Pharmaceuticals",44,29.2,37.4,"Strip"
"Amlovas SR (Batch 2)","Amlodipine","Tablets","Amlovas","Hetero Healthcare",24,15.9,20.4,"Strip"
"Cilacar 250mg (Batch 2)","Cilnidipine","Tablets","Cilacar","Biocon Ltd",85,56.4,72.3,"Strip"
"Cilnidac 20mg (Batch 2)","Cilnidipine","Tablets","Cilnidac","AstraZeneca India",118,78.2,100.3,"Strip"
"Concor DSR (Batch 2)","Bisoprolol Fumarate","Tablets","Concor","Bayer India",141,93.5,119.9,"Strip"
"Starpress 300mg (Batch 2)","Metoprolol Succinate","Tablets","Starpress","IPCA Laboratories",109,72.2,92.6,"Strip"
"Metolar 40mg (Batch 2)","Metoprolol Tartrate","Tablets","Metolar","Alembic Pharmaceuticals",62,41.1,52.7,"Strip"
"Glycomet XL (Batch 2)","Metformin Hydrochloride","Tablets","Glycomet","GSK Pharma",40,26.5,34,"Strip"
"Metformin SR 400mg (Batch 2)","Metformin Hydrochloride","Tablets","Metformin","Abbott India",30,19.9,25.5,"Strip"
"Glycomet GP 50mg (Batch 2)","Glimepiride + Metformin","Tablets","Glycomet GP","Sun Pharmaceutical Industries",126,83.5,107.1,"Strip"
"Amaryl M Duo (Batch 2)","Glimepiride + Metformin","Tablets","Amaryl","Cipla Ltd",149,98.8,126.7,"Strip"
"Glimisave M 500mg (Batch 2)","Glimepiride + Metformin","Tablets","Glimisave","Lupin Ltd",87,57.7,74,"Strip"
"Jalra-M 75mg (Batch 2)","Vildagliptin + Metformin","Tablets","Jalra-M","Mankind Pharma",225,149.2,191.3,"Strip"
"Galvus Met Kid (Batch 2)","Vildagliptin + Metformin","Tablets","Galvus","Torrent Pharmaceuticals",228,151.2,193.8,"Strip"
"Ziten M 600mg (Batch 2)","Teneligliptin + Metformin","Tablets","Ziten","Dr. Reddy s Laboratories",131,86.9,111.4,"Strip"
"Dynaglipt M 80mg (Batch 2)","Teneligliptin + Metformin","Tablets","Dynaglipt","Alkem Laboratories",169,112.1,143.7,"Strip"
"Voglistar Plus (Batch 2)","Voglibose","Tablets","Voglistar","Glenmark Pharmaceuticals",97,64.4,82.5,"Strip"
"Volibo 625mg (Batch 2)","Voglibose","Tablets","Volibo","Cadila Pharmaceuticals",45,29.9,38.3,"Strip"
"Pantocid 100mg (Batch 2)","Pantoprazole","Tablets","Pantocid","Zydus Lifesciences",153,101.4,130,"Strip"
"Pan Forte (Batch 2)","Pantoprazole","Tablets","Pan","Sanofi India",106,70.3,90.1,"Strip"
"Pantodac 650mg (Batch 2)","Pantoprazole","Tablets","Pantodac","USV Private Ltd",104,69,88.4,"Strip"
"Pan-D 150mg (Batch 2)","Pantoprazole + Domperidone","Capsules","Pan-D","Pfizer India",172,114,146.2,"Strip"
"Pantocid-DSR 5mg (Batch 2)","Pantoprazole + Domperidone","Capsules","Pantocid","Micro Labs Ltd",185,122.7,157.3,"Strip"
"Pantosec-DSR 1g (Batch 2)","Pantoprazole + Domperidone","Capsules","Pantosec","Blue Cross Laboratories",153,101.4,130,"Strip"
"Omez 200mg (Batch 2)","Omeprazole","Capsules","Omez","Aristo Pharmaceuticals",31,20.6,26.4,"Strip"
"Omecip 10mg (Batch 2)","Omeprazole","Capsules","Omecip","FDC Ltd",34,22.5,28.9,"Strip"
"Omez-D SR (Batch 2)","Omeprazole + Domperidone","Capsules","Omez","J.B. Chemicals & Pharmaceuticals",82,54.4,69.7,"Strip"
"Rabicip 250mg (Batch 2)","Rabeprazole","Tablets","Rabicip","Wockhardt Ltd",105,69.7,89.3,"Strip"
"Rabeloc 20mg (Batch 2)","Rabeprazole","Tablets","Rabeloc","Apex Laboratories",73,48.4,62.1,"Strip"
"Rabicip-DSR DSR (Batch 2)","Rabeprazole + Domperidone","Capsules","Rabicip","Intas Pharmaceuticals",111,73.6,94.4,"Strip"
"Razo-DSR 300mg (Batch 2)","Rabeprazole + Domperidone","Capsules","Razo","Macleods Pharmaceuticals",149,98.8,126.7,"Strip"
"Sompraz 40mg (Batch 2)","Esomeprazole","Tablets","Sompraz","Hetero Healthcare",107,71,91,"Strip"
"Nexpro XL (Batch 2)","Esomeprazole","Tablets","Nexpro","Biocon Ltd",130,86.2,110.5,"Strip"
"Sompraz-DSR 400mg (Batch 2)","Esomeprazole + Domperidone","Capsules","Sompraz","AstraZeneca India",193,127.9,164,"Strip"
"Nexpro-RD 50mg (Batch 2)","Esomeprazole + Domperidone","Capsules","Nexpro","Bayer India",141,93.5,119.9,"Strip"
"Aciloc Duo (Batch 2)","Ranitidine","Tablets","Aciloc","IPCA Laboratories",16,10.6,13.6,"Strip"
"Rantac 500mg (Batch 2)","Ranitidine","Tablets","Rantac","Alembic Pharmaceuticals",16,10.6,13.6,"Strip"
"Zinetac 75mg (Batch 2)","Ranitidine","Tablets","Zinetac","GSK Pharma",16,10.6,13.6,"Strip"
"Okacet Kid (Batch 2)","Cetirizine","Tablets","Okacet","Abbott India",13,8.6,11,"Strip"
"Cetcip 600mg (Batch 2)","Cetirizine","Tablets","Cetcip","Sun Pharmaceutical Industries",14,9.3,11.9,"Strip"
"Alerid 80mg (Batch 2)","Cetirizine","Tablets","Alerid","Cipla Ltd",19,12.6,16.2,"Strip"
"Teczine Plus (Batch 2)","Levocetirizine","Tablets","Teczine","Lupin Ltd",72,47.7,61.2,"Strip"
"Lecope 625mg (Batch 2)","Levocetirizine","Tablets","Lecope","Mankind Pharma",43,28.5,36.6,"Strip"
"Sizloc 100mg (Batch 2)","Levocetirizine","Tablets","Sizloc","Torrent Pharmaceuticals",54,35.8,45.9,"Strip"
"Montair-LC Forte (Batch 2)","Montelukast + Levocetirizine","Tablets","Montair","Dr. Reddy s Laboratories",221,146.6,187.9,"Strip"
"Telekast-L 650mg (Batch 2)","Montelukast + Levocetirizine","Tablets","Telekast","Alkem Laboratories",124,82.2,105.4,"Strip"
"Montemac-L 150mg (Batch 2)","Montelukast + Levocetirizine","Tablets","Montemac","Glenmark Pharmaceuticals",197,130.7,167.5,"Strip"
"Montek-LC 5mg (Batch 2)","Montelukast + Levocetirizine","Tablets","Montek","Cadila Pharmaceuticals",150,99.5,127.5,"Strip"
"Allegra 1g (Batch 2)","Fexofenadine Hydrochloride","Tablets","Allegra","Zydus Lifesciences",163,108,138.5,"Strip"
"Fexo 200mg (Batch 2)","Fexofenadine Hydrochloride","Tablets","Fexo","Sanofi India",76,50.4,64.6,"Strip"
"Fexigra 10mg (Batch 2)","Fexofenadine Hydrochloride","Tablets","Fexigra","USV Private Ltd",89,59,75.6,"Strip"
"Avil SR (Batch 2)","Pheniramine Maleate","Tablets","Avil","Pfizer India",10,6.6,8.5,"Strip"
"Atarax 250mg (Batch 2)","Hydroxyzine Hydrochloride","Tablets","Atarax","Micro Labs Ltd",95,63,80.8,"Strip"
"Becosules 20mg (Batch 2)","Vitamin B Complex + Vitamin C","Capsules","Becosules","Blue Cross Laboratories",28,18.6,23.8,"Strip"
"Cobadex Forte DSR (Batch 2)","Vitamin B Complex + Zinc","Capsules","Cobadex","Aristo Pharmaceuticals",33,21.9,28.1,"Strip"
"Zincovit 300mg (Batch 2)","Multivitamin + Multimineral","Tablets","Zincovit","FDC Ltd",99,65.6,84.1,"Strip"
"Revital H 40mg (Batch 2)","Multivitamins + Minerals + Ginseng","Capsules","Revital","J.B. Chemicals & Pharmaceuticals",247,163.8,210,"Strip"
"Limcee Orange XL (Batch 2)","Vitamin C (Ascorbic Acid)","Tablets","Limcee","Wockhardt Ltd",20,13.3,17,"Strip"
"Celin chewable 400mg (Batch 2)","Vitamin C (Ascorbic Acid)","Tablets","Celin","Apex Laboratories",21,13.9,17.8,"Strip"
"Shelcal 50mg (Batch 2)","Calcium + Vitamin D3","Tablets","Shelcal","Intas Pharmaceuticals",116,76.9,98.6,"Strip"
"Cipcal Duo (Batch 2)","Calcium + Vitamin D3","Tablets","Cipcal","Macleods Pharmaceuticals",99,65.6,84.1,"Strip"
"Calcirol Sachet 500mg (Batch 2)","Cholecalciferol (Vitamin D3)","Others","Calcirol","Hetero Healthcare",27,17.9,23,"Sachet"
"D3-Must 75mg (Batch 2)","Cholecalciferol (Vitamin D3)","Capsules","D3-Must","Biocon Ltd",44,29.2,37.4,"Strip"
"Evion Kid (Batch 2)","Vitamin E","Capsules","Evion","AstraZeneca India",33,21.9,28.1,"Strip"
"Neurobion Forte 600mg (Batch 2)","Vitamin B Complex + Methylcobalamin","Tablets","Neurobion","Bayer India",26,17.2,22.1,"Strip"
"Mecobon 80mg (Batch 2)","Methylcobalamin","Tablets","Mecobon","IPCA Laboratories",164,108.7,139.4,"Strip"
"Asthalin Respules (Batch 2)","Salbutamol","Inhalers","Asthalin","Alembic Pharmaceuticals",147,97.5,125,"Piece"
"Duolin Inhaler (Batch 2)","Levosalbutamol + Ipratropium Bromide","Inhalers","Duolin","GSK Pharma",270,179,229.5,"Piece"
"Budecort Respules (Batch 2)","Budesonide","Inhalers","Budecort","Abbott India",253,167.8,215.1,"Piece"
"Foracort Inhaler (Batch 2)","Budesonide + Formoterol Fumarate","Inhalers","Foracort","Sun Pharmaceutical Industries",306,202.9,260.1,"Piece"
"Benadryl Syrup 60ml Syrup (Batch 2)","Diphenhydramine + Ammonium Chloride + Sodium Citrate","Syrups","Benadryl","Cipla Ltd",124,82.2,105.4,"Bottle"
"Ascoril LS Syrup 100ml Syrup (Batch 2)","Ambroxol + Levosalbutamol + Guaiphenesin","Syrups","Ascoril","Lupin Ltd",102,67.6,86.7,"Bottle"
"Grilinctus Syrup 60ml Syrup (Batch 2)","Dextromethorphan + Chlorpheniramine","Syrups","Grilinctus","Mankind Pharma",120,79.6,102,"Bottle"
"Corex DX Syrup 100ml Syrup (Batch 2)","Chlorpheniramine + Dextromethorphan","Syrups","Corex","Torrent Pharmaceuticals",133,88.2,113.1,"Bottle"
"Solvin Cold Syrup 60ml Syrup (Batch 2)","Paracetamol + Phenylephrine + Chlorpheniramine","Syrups","Solvin","Dr. Reddy s Laboratories",86,57,73.1,"Bottle"
"Volini Gel Respules (Batch 2)","Diclofenac + Methyl Salicylate + Menthol","Others","Volini","Alkem Laboratories",109,72.2,92.6,"Piece"
"Moov Gel Inhaler (Batch 2)","Oil of Wintergreen + Menthol + Turpentine Oil","Others","Moov","Glenmark Pharmaceuticals",127,84.2,108,"Piece"
"Iodex Balm Respules (Batch 2)","Methyl Salicylate + Menthol + Camphor","Others","Iodex","Cadila Pharmaceuticals",105,69.7,89.3,"Piece"
"Betnovate-N Respules (Batch 2)","Betamethasone + Neomycin","Others","Betnovate","Zydus Lifesciences",38,25.2,32.3,"Piece"
"Betnovate-C Inhaler (Batch 2)","Betamethasone + Clioquinol","Others","Betnovate","Sanofi India",54,35.8,45.9,"Piece"
"Betnovate-GM Inhaler (Batch 2)","Betamethasone + Gentamicin + Miconazole","Others","Betnovate","USV Private Ltd",61,40.5,51.9,"Piece"
"Quadriderm RF Inhaler (Batch 2)","Beclomethasone + Clotrimazole + Neomycin","Others","Quadriderm","Pfizer India",67,44.5,57,"Piece"
"Panderm Super Respules (Batch 2)","Clobetasol + Neomycin + Miconazole","Others","Panderm","Micro Labs Ltd",100,66.3,85,"Piece"
"Tenovate Cream Respules (Batch 2)","Clobetasol Propionate","Others","Tenovate","Blue Cross Laboratories",78,51.7,66.3,"Piece"
"Ciplox Eye/Ear Drops Inhaler (Batch 2)","Ciprofloxacin Eye Drops","Drops","Ciplox","Aristo Pharmaceuticals",26,17.2,22.1,"Piece"
"Moxicip Eye Drops Respules (Batch 2)","Moxifloxacin Eye Drops","Drops","Moxicip","FDC Ltd",69,45.8,58.7,"Piece"
"Otrivin Nasal Spray Respules (Batch 2)","Xylometazoline Hydrochloride","Drops","Otrivin","J.B. Chemicals & Pharmaceuticals",92,61,78.2,"Piece"
"Nasoclear Drops Inhaler (Batch 2)","Sodium Chloride Nasal Solution","Drops","Nasoclear","Wockhardt Ltd",35,23.2,29.8,"Piece"
"Calpol Kid (Batch 3)","Paracetamol","Tablets","Calpol","Apex Laboratories",28,18.6,23.8,"Strip"
"Crocin Advance 600mg (Batch 3)","Paracetamol","Tablets","Crocin","Intas Pharmaceuticals",13,8.6,11,"Strip"
"Dolo 80mg (Batch 3)","Paracetamol","Tablets","Dolo","Macleods Pharmaceuticals",34,22.5,28.9,"Strip"
"Pacimol Plus (Batch 3)","Paracetamol","Tablets","Pacimol","Hetero Healthcare",12,8,10.2,"Strip"
"Sumo L 625mg (Batch 3)","Paracetamol","Tablets","Sumo","Biocon Ltd",16,10.6,13.6,"Strip"
"Combiflam 100mg (Batch 3)","Ibuprofen + Paracetamol","Tablets","Combiflam","AstraZeneca India",48,31.8,40.8,"Strip"
"Flexon Forte (Batch 3)","Ibuprofen + Paracetamol","Tablets","Flexon","Bayer India",26,17.2,22.1,"Strip"
"Ibugesic Plus 650mg (Batch 3)","Ibuprofen + Paracetamol","Tablets","Ibugesic","IPCA Laboratories",22,14.6,18.7,"Strip"
"Acecloc 150mg (Batch 3)","Aceclofenac + Paracetamol","Tablets","Acecloc","Alembic Pharmaceuticals",82,54.4,69.7,"Strip"
"Zerodol-P 5mg (Batch 3)","Aceclofenac + Paracetamol","Tablets","Zerodol","GSK Pharma",70,46.4,59.5,"Strip"
"Hifenac-P 1g (Batch 3)","Aceclofenac + Paracetamol","Tablets","Hifenac","Abbott India",73,48.4,62.1,"Strip"
"Zerodol-SP 200mg (Batch 3)","Aceclofenac + Paracetamol + Serratiopeptidase","Tablets","Zerodol","Sun Pharmaceutical Industries",116,76.9,98.6,"Strip"
"Meftal-Spas 10mg (Batch 3)","Mefenamic Acid + Dicyclomine","Tablets","Meftal","Cipla Ltd",44,29.2,37.4,"Strip"
"Cyclopam SR (Batch 3)","Dicyclomine + Paracetamol","Tablets","Cyclopam","Lupin Ltd",40,26.5,34,"Strip"
"Ultracet 250mg (Batch 3)","Tramadol + Paracetamol","Tablets","Ultracet","Mankind Pharma",225,149.2,191.3,"Strip"
"Tramazac 20mg (Batch 3)","Tramadol","Capsules","Tramazac","Torrent Pharmaceuticals",98,65,83.3,"Strip"
"Nise DSR (Batch 3)","Nimesulide","Tablets","Nise","Dr. Reddy s Laboratories",66,43.8,56.1,"Strip"
"Nimulid 300mg (Batch 3)","Nimesulide","Tablets","Nimulid","Alkem Laboratories",89,59,75.6,"Strip"
"Amox 40mg (Batch 3)","Amoxicillin","Capsules","Amox","Glenmark Pharmaceuticals",42,27.8,35.7,"Strip"
"Amoxil XL (Batch 3)","Amoxicillin","Capsules","Amoxil","Cadila Pharmaceuticals",70,46.4,59.5,"Strip"
"Mox 400mg (Batch 3)","Amoxicillin","Capsules","Mox","Zydus Lifesciences",46,30.5,39.1,"Strip"
"Novamox 50mg (Batch 3)","Amoxicillin","Capsules","Novamox","Sanofi India",48,31.8,40.8,"Strip"
"Clavam Duo (Batch 3)","Amoxicillin + Potassium Clavulanate","Tablets","Clavam","USV Private Ltd",139,92.2,118.2,"Strip"
"Augmentin 500mg (Batch 3)","Amoxicillin + Potassium Clavulanate","Tablets","Augmentin","Pfizer India",162,107.4,137.7,"Strip"
"Moxikind-CV 75mg (Batch 3)","Amoxicillin + Potassium Clavulanate","Tablets","Moxikind","Micro Labs Ltd",125,82.9,106.3,"Strip"
"Advent Kid (Batch 3)","Amoxicillin + Potassium Clavulanate","Tablets","Advent","Blue Cross Laboratories",188,124.6,159.8,"Strip"
"Azee 600mg (Batch 3)","Azithromycin","Tablets","Azee","Aristo Pharmaceuticals",101,67,85.9,"Strip"
"Azithral 80mg (Batch 3)","Azithromycin","Tablets","Azithral","FDC Ltd",154,102.1,130.9,"Strip"
"Azax Plus (Batch 3)","Azithromycin","Tablets","Azax","J.B. Chemicals & Pharmaceuticals",72,47.7,61.2,"Strip"
"Zifi 625mg (Batch 3)","Cefixime","Tablets","Zifi","Wockhardt Ltd",110,72.9,93.5,"Strip"
"Taxim-O 100mg (Batch 3)","Cefixime","Tablets","Taxim-O","Apex Laboratories",123,81.6,104.6,"Strip"
"Cefolac Forte (Batch 3)","Cefixime","Tablets","Cefolac","Intas Pharmaceuticals",116,76.9,98.6,"Strip"
"Milixim 650mg (Batch 3)","Cefixime","Tablets","Milixim","Macleods Pharmaceuticals",146,96.8,124.1,"Strip"
"Gepod 150mg (Batch 3)","Cefpodoxime Proxetil","Tablets","Gepod","Hetero Healthcare",92,61,78.2,"Strip"
"Monocef-O 5mg (Batch 3)","Cefpodoxime Proxetil","Tablets","Monocef-O","Biocon Ltd",175,116.1,148.8,"Strip"
"Macpod 1g (Batch 3)","Cefpodoxime Proxetil","Tablets","Macpod","AstraZeneca India",138,91.5,117.3,"Strip"
"Oflomac 200mg (Batch 3)","Ofloxacin","Tablets","Oflomac","Bayer India",41,27.2,34.9,"Strip"
"Oframax 10mg (Batch 3)","Ofloxacin","Tablets","Oframax","IPCA Laboratories",49,32.5,41.7,"Strip"
"Oflotas SR (Batch 3)","Ofloxacin","Tablets","Oflotas","Alembic Pharmaceuticals",70,46.4,59.5,"Strip"
"Oflomac-OZ 250mg (Batch 3)","Ofloxacin + Ornidazole","Tablets","Oflomac","GSK Pharma",75,49.8,63.8,"Strip"
"Zenflox-OZ 20mg (Batch 3)","Ofloxacin + Ornidazole","Tablets","Zenflox","Abbott India",98,65,83.3,"Strip"
"Norflox DSR (Batch 3)","Norfloxacin","Tablets","Norflox","Sun Pharmaceutical Industries",51,33.9,43.4,"Strip"
"Norflox-TZ 300mg (Batch 3)","Norfloxacin + Tinidazole","Tablets","Norflox","Cipla Ltd",94,62.3,79.9,"Strip"
"Ciplox 40mg (Batch 3)","Ciprofloxacin","Tablets","Ciplox","Lupin Ltd",47,31.1,39.9,"Strip"
"Ciprobid XL (Batch 3)","Ciprofloxacin","Tablets","Ciprobid","Mankind Pharma",29,19.3,24.7,"Strip"
"Atorva 400mg (Batch 3)","Atorvastatin","Tablets","Atorva","Torrent Pharmaceuticals",123,81.6,104.6,"Strip"
"Lipitor 50mg (Batch 3)","Atorvastatin","Tablets","Lipitor","Dr. Reddy s Laboratories",231,153.2,196.4,"Strip"
"Lipikind Duo (Batch 3)","Atorvastatin","Tablets","Lipikind","Alkem Laboratories",59,39.2,50.2,"Strip"
"Tonact 500mg (Batch 3)","Atorvastatin","Tablets","Tonact","Glenmark Pharmaceuticals",137,90.9,116.5,"Strip"
"Rosuvas 75mg (Batch 3)","Rosuvastatin","Tablets","Rosuvas","Cadila Pharmaceuticals",150,99.5,127.5,"Strip"
"Rosyn Kid (Batch 3)","Rosuvastatin","Tablets","Rosyn","Zydus Lifesciences",153,101.4,130,"Strip"
"Roseday 600mg (Batch 3)","Rosuvastatin","Tablets","Roseday","Sanofi India",216,143.2,183.6,"Strip"
"Crevast 80mg (Batch 3)","Rosuvastatin","Tablets","Crevast","USV Private Ltd",84,55.7,71.4,"Strip"
"Telma Plus (Batch 3)","Telmisartan","Tablets","Telma","Pfizer India",87,57.7,74,"Strip"
"Telvas 625mg (Batch 3)","Telmisartan","Tablets","Telvas","Micro Labs Ltd",83,55.1,70.6,"Strip"
"Telsar 100mg (Batch 3)","Telmisartan","Tablets","Telsar","Blue Cross Laboratories",123,81.6,104.6,"Strip"
"Telma-H Forte (Batch 3)","Telmisartan + Hydrochlorothiazide","Tablets","Telma","Aristo Pharmaceuticals",166,110.1,141.1,"Strip"
"Telvas-H 650mg (Batch 3)","Telmisartan + Hydrochlorothiazide","Tablets","Telvas","FDC Ltd",129,85.6,109.7,"Strip"
"Amlokind 150mg (Batch 3)","Amlodipine","Tablets","Amlokind","J.B. Chemicals & Pharmaceuticals",24,15.9,20.4,"Strip"
"Amlosafe 5mg (Batch 3)","Amlodipine","Tablets","Amlosafe","Wockhardt Ltd",35,23.2,29.8,"Strip"
"Amlovas 1g (Batch 3)","Amlodipine","Tablets","Amlovas","Apex Laboratories",31,20.6,26.4,"Strip"
"Cilacar 200mg (Batch 3)","Cilnidipine","Tablets","Cilacar","Intas Pharmaceuticals",106,70.3,90.1,"Strip"
"Cilnidac 10mg (Batch 3)","Cilnidipine","Tablets","Cilnidac","Macleods Pharmaceuticals",109,72.2,92.6,"Strip"
"Concor SR (Batch 3)","Bisoprolol Fumarate","Tablets","Concor","Hetero Healthcare",132,87.5,112.2,"Strip"
"Starpress 250mg (Batch 3)","Metoprolol Succinate","Tablets","Starpress","Biocon Ltd",130,86.2,110.5,"Strip"
"Metolar 20mg (Batch 3)","Metoprolol Tartrate","Tablets","Metolar","AstraZeneca India",53,35.2,45.1,"Strip"
"Glycomet DSR (Batch 3)","Metformin Hydrochloride","Tablets","Glycomet","Bayer India",26,17.2,22.1,"Strip"
"Metformin SR 300mg (Batch 3)","Metformin Hydrochloride","Tablets","Metformin","IPCA Laboratories",16,10.6,13.6,"Strip"
"Glycomet GP 40mg (Batch 3)","Glimepiride + Metformin","Tablets","Glycomet GP","Alembic Pharmaceuticals",57,37.8,48.4,"Strip"
"Amaryl M XL (Batch 3)","Glimepiride + Metformin","Tablets","Amaryl","GSK Pharma",110,72.9,93.5,"Strip"
"Glimisave M 400mg (Batch 3)","Glimepiride + Metformin","Tablets","Glimisave","Abbott India",108,71.6,91.8,"Strip"
"Jalra-M 50mg (Batch 3)","Vildagliptin + Metformin","Tablets","Jalra-M","Sun Pharmaceutical Industries",336,222.8,285.6,"Strip"
"Galvus Met Duo (Batch 3)","Vildagliptin + Metformin","Tablets","Galvus","Cipla Ltd",389,257.9,330.7,"Strip"
"Ziten M 500mg (Batch 3)","Teneligliptin + Metformin","Tablets","Ziten","Lupin Ltd",172,114,146.2,"Strip"
"Dynaglipt M 75mg (Batch 3)","Teneligliptin + Metformin","Tablets","Dynaglipt","Mankind Pharma",180,119.3,153,"Strip"
"Voglistar Kid (Batch 3)","Voglibose","Tablets","Voglistar","Torrent Pharmaceuticals",88,58.3,74.8,"Strip"
"Volibo 600mg (Batch 3)","Voglibose","Tablets","Volibo","Dr. Reddy s Laboratories",71,47.1,60.4,"Strip"
"Pantocid 80mg (Batch 3)","Pantoprazole","Tablets","Pantocid","Alkem Laboratories",84,55.7,71.4,"Strip"
"Pan Plus (Batch 3)","Pantoprazole","Tablets","Pan","Glenmark Pharmaceuticals",97,64.4,82.5,"Strip"
"Pantodac 625mg (Batch 3)","Pantoprazole","Tablets","Pantodac","Cadila Pharmaceuticals",115,76.3,97.8,"Strip"
"Pan-D 100mg (Batch 3)","Pantoprazole + Domperidone","Capsules","Pan-D","Zydus Lifesciences",163,108,138.5,"Strip"
"Pantocid-DSR Forte (Batch 3)","Pantoprazole + Domperidone","Capsules","Pantocid","Sanofi India",146,96.8,124.1,"Strip"
"Pantosec-DSR 650mg (Batch 3)","Pantoprazole + Domperidone","Capsules","Pantosec","USV Private Ltd",194,128.6,164.9,"Strip"
"Omez 150mg (Batch 3)","Omeprazole","Capsules","Omez","Pfizer India",42,27.8,35.7,"Strip"
"Omecip 5mg (Batch 3)","Omeprazole","Capsules","Omecip","Micro Labs Ltd",55,36.5,46.8,"Strip"
"Omez-D 1g (Batch 3)","Omeprazole + Domperidone","Capsules","Omez","Blue Cross Laboratories",103,68.3,87.6,"Strip"
"Rabicip 200mg (Batch 3)","Rabeprazole","Tablets","Rabicip","Aristo Pharmaceuticals",96,63.6,81.6,"Strip"
"Rabeloc 10mg (Batch 3)","Rabeprazole","Tablets","Rabeloc","FDC Ltd",114,75.6,96.9,"Strip"
"Rabicip-DSR SR (Batch 3)","Rabeprazole + Domperidone","Capsules","Rabicip","J.B. Chemicals & Pharmaceuticals",152,100.8,129.2,"Strip"
"Razo-DSR 250mg (Batch 3)","Rabeprazole + Domperidone","Capsules","Razo","Wockhardt Ltd",110,72.9,93.5,"Strip"
"Sompraz 20mg (Batch 3)","Esomeprazole","Tablets","Sompraz","Apex Laboratories",148,98.1,125.8,"Strip"
"Nexpro DSR (Batch 3)","Esomeprazole","Tablets","Nexpro","Intas Pharmaceuticals",151,100.2,128.4,"Strip"
"Sompraz-DSR 300mg (Batch 3)","Esomeprazole + Domperidone","Capsules","Sompraz","Macleods Pharmaceuticals",154,102.1,130.9,"Strip"
"Nexpro-RD 40mg (Batch 3)","Esomeprazole + Domperidone","Capsules","Nexpro","Hetero Healthcare",177,117.4,150.5,"Strip"
"Aciloc XL (Batch 3)","Ranitidine","Tablets","Aciloc","Biocon Ltd",37,24.6,31.5,"Strip"
"Rantac 400mg (Batch 3)","Ranitidine","Tablets","Rantac","AstraZeneca India",39,25.9,33.2,"Strip"
"Zinetac 50mg (Batch 3)","Ranitidine","Tablets","Zinetac","Bayer India",23,15.3,19.6,"Strip"
"Okacet Duo (Batch 3)","Cetirizine","Tablets","Okacet","IPCA Laboratories",24,15.9,20.4,"Strip"
"Cetcip 500mg (Batch 3)","Cetirizine","Tablets","Cetcip","Alembic Pharmaceuticals",17,11.3,14.5,"Strip"
"Alerid 75mg (Batch 3)","Cetirizine","Tablets","Alerid","GSK Pharma",16,10.6,13.6,"Strip"
"Teczine Kid (Batch 3)","Levocetirizine","Tablets","Teczine","Abbott India",48,31.8,40.8,"Strip"
"Lecope 600mg (Batch 3)","Levocetirizine","Tablets","Lecope","Sun Pharmaceutical Industries",34,22.5,28.9,"Strip"
"Sizloc 80mg (Batch 3)","Levocetirizine","Tablets","Sizloc","Cipla Ltd",33,21.9,28.1,"Strip"
"Montair-LC Plus (Batch 3)","Montelukast + Levocetirizine","Tablets","Montair","Lupin Ltd",182,120.7,154.7,"Strip"
"Telekast-L 625mg (Batch 3)","Montelukast + Levocetirizine","Tablets","Telekast","Mankind Pharma",165,109.4,140.3,"Strip"
"Montemac-L 100mg (Batch 3)","Montelukast + Levocetirizine","Tablets","Montemac","Torrent Pharmaceuticals",208,137.9,176.8,"Strip"
"Montek-LC Forte (Batch 3)","Montelukast + Levocetirizine","Tablets","Montek","Dr. Reddy s Laboratories",221,146.6,187.9,"Strip"
"Allegra 650mg (Batch 3)","Fexofenadine Hydrochloride","Tablets","Allegra","Alkem Laboratories",154,102.1,130.9,"Strip"
"Fexo 150mg (Batch 3)","Fexofenadine Hydrochloride","Tablets","Fexo","Glenmark Pharmaceuticals",97,64.4,82.5,"Strip"
"Fexigra 5mg (Batch 3)","Fexofenadine Hydrochloride","Tablets","Fexigra","Cadila Pharmaceuticals",100,66.3,85,"Strip"
"Avil 1g (Batch 3)","Pheniramine Maleate","Tablets","Avil","Zydus Lifesciences",11,7.3,9.4,"Strip"
"Atarax 200mg (Batch 3)","Hydroxyzine Hydrochloride","Tablets","Atarax","Sanofi India",86,57,73.1,"Strip"
"Becosules 10mg (Batch 3)","Vitamin B Complex + Vitamin C","Capsules","Becosules","USV Private Ltd",39,25.9,33.2,"Strip"
"Cobadex Forte SR (Batch 3)","Vitamin B Complex + Zinc","Capsules","Cobadex","Pfizer India",24,15.9,20.4,"Strip"
"Zincovit 250mg (Batch 3)","Multivitamin + Multimineral","Tablets","Zincovit","Micro Labs Ltd",90,59.7,76.5,"Strip"
"Revital H 20mg (Batch 3)","Multivitamins + Minerals + Ginseng","Capsules","Revital","Blue Cross Laboratories",208,137.9,176.8,"Strip"
"Limcee Orange DSR (Batch 3)","Vitamin C (Ascorbic Acid)","Tablets","Limcee","Aristo Pharmaceuticals",26,17.2,22.1,"Strip"
"Celin chewable 300mg (Batch 3)","Vitamin C (Ascorbic Acid)","Tablets","Celin","FDC Ltd",27,17.9,23,"Strip"
"Shelcal 40mg (Batch 3)","Calcium + Vitamin D3","Tablets","Shelcal","J.B. Chemicals & Pharmaceuticals",137,90.9,116.5,"Strip"
"Cipcal XL (Batch 3)","Calcium + Vitamin D3","Tablets","Cipcal","Wockhardt Ltd",90,59.7,76.5,"Strip"
"Calcirol Sachet 400mg (Batch 3)","Cholecalciferol (Vitamin D3)","Others","Calcirol","Apex Laboratories",38,25.2,32.3,"Sachet"
"D3-Must 50mg (Batch 3)","Cholecalciferol (Vitamin D3)","Capsules","D3-Must","Intas Pharmaceuticals",30,19.9,25.5,"Strip"
"Evion Duo (Batch 3)","Vitamin E","Capsules","Evion","Macleods Pharmaceuticals",64,42.4,54.4,"Strip"
"Neurobion Forte 500mg (Batch 3)","Vitamin B Complex + Methylcobalamin","Tablets","Neurobion","Hetero Healthcare",37,24.6,31.5,"Strip"
"Mecobon 75mg (Batch 3)","Methylcobalamin","Tablets","Mecobon","Biocon Ltd",155,102.8,131.8,"Strip"
"Asthalin Respules (Batch 3)","Salbutamol","Inhalers","Asthalin","AstraZeneca India",108,71.6,91.8,"Piece"
"Duolin Inhaler (Batch 3)","Levosalbutamol + Ipratropium Bromide","Inhalers","Duolin","Bayer India",291,193,247.4,"Piece"
"Budecort Respules (Batch 3)","Budesonide","Inhalers","Budecort","IPCA Laboratories",244,161.8,207.4,"Piece"
"Foracort Inhaler (Batch 3)","Budesonide + Formoterol Fumarate","Inhalers","Foracort","Alembic Pharmaceuticals",267,177.1,227,"Piece"
"Benadryl Syrup 100ml Syrup (Batch 3)","Diphenhydramine + Ammonium Chloride + Sodium Citrate","Syrups","Benadryl","GSK Pharma",115,76.3,97.8,"Bottle"
"Ascoril LS Syrup 60ml Syrup (Batch 3)","Ambroxol + Levosalbutamol + Guaiphenesin","Syrups","Ascoril","Abbott India",113,75,96.1,"Bottle"
"Grilinctus Syrup 100ml Syrup (Batch 3)","Dextromethorphan + Chlorpheniramine","Syrups","Grilinctus","Sun Pharmaceutical Industries",96,63.6,81.6,"Bottle"
"Corex DX Syrup 60ml Syrup (Batch 3)","Chlorpheniramine + Dextromethorphan","Syrups","Corex","Cipla Ltd",119,78.9,101.1,"Bottle"
"Solvin Cold Syrup 100ml Syrup (Batch 3)","Paracetamol + Phenylephrine + Chlorpheniramine","Syrups","Solvin","Lupin Ltd",72,47.7,61.2,"Bottle"
"Volini Gel Respules (Batch 3)","Diclofenac + Methyl Salicylate + Menthol","Others","Volini","Mankind Pharma",150,99.5,127.5,"Piece"
"Moov Gel Respules (Batch 3)","Oil of Wintergreen + Menthol + Turpentine Oil","Others","Moov","Torrent Pharmaceuticals",138,91.5,117.3,"Piece"
"Iodex Balm Respules (Batch 3)","Methyl Salicylate + Menthol + Camphor","Others","Iodex","Dr. Reddy s Laboratories",96,63.6,81.6,"Piece"
"Betnovate-N Inhaler (Batch 3)","Betamethasone + Neomycin","Others","Betnovate","Alkem Laboratories",49,32.5,41.7,"Piece"
"Betnovate-C Respules (Batch 3)","Betamethasone + Clioquinol","Others","Betnovate","Glenmark Pharmaceuticals",40,26.5,34,"Piece"
"Betnovate-GM Inhaler (Batch 3)","Betamethasone + Gentamicin + Miconazole","Others","Betnovate","Cadila Pharmaceuticals",52,34.5,44.2,"Piece"
"Quadriderm RF Respules (Batch 3)","Beclomethasone + Clotrimazole + Neomycin","Others","Quadriderm","Zydus Lifesciences",98,65,83.3,"Piece"
"Panderm Super Respules (Batch 3)","Clobetasol + Neomycin + Miconazole","Others","Panderm","Sanofi India",76,50.4,64.6,"Piece"
"Tenovate Cream Inhaler (Batch 3)","Clobetasol Propionate","Others","Tenovate","USV Private Ltd",64,42.4,54.4,"Piece"
"Ciplox Eye/Ear Drops Inhaler (Batch 3)","Ciprofloxacin Eye Drops","Drops","Ciplox","Pfizer India",17,11.3,14.5,"Piece"
"Moxicip Eye Drops Inhaler (Batch 3)","Moxifloxacin Eye Drops","Drops","Moxicip","Micro Labs Ltd",55,36.5,46.8,"Piece"
"Otrivin Nasal Spray Inhaler (Batch 3)","Xylometazoline Hydrochloride","Drops","Otrivin","Blue Cross Laboratories",83,55.1,70.6,"Piece"
"Nasoclear Drops Inhaler (Batch 3)","Sodium Chloride Nasal Solution","Drops","Nasoclear","Aristo Pharmaceuticals",46,30.5,39.1,"Piece"
"Calpol Duo (Batch 4)","Paracetamol","Tablets","Calpol","FDC Ltd",19,12.6,16.2,"Strip"
"Crocin Advance 500mg (Batch 4)","Paracetamol","Tablets","Crocin","J.B. Chemicals & Pharmaceuticals",19,12.6,16.2,"Strip"
"Dolo 75mg (Batch 4)","Paracetamol","Tablets","Dolo","Wockhardt Ltd",25,16.6,21.3,"Strip"
"Pacimol Kid (Batch 4)","Paracetamol","Tablets","Pacimol","Apex Laboratories",13,8.6,11,"Strip"
"Sumo L 600mg (Batch 4)","Paracetamol","Tablets","Sumo","Intas Pharmaceuticals",19,12.6,16.2,"Strip"
"Combiflam 80mg (Batch 4)","Ibuprofen + Paracetamol","Tablets","Combiflam","Macleods Pharmaceuticals",34,22.5,28.9,"Strip"
"Flexon Plus (Batch 4)","Ibuprofen + Paracetamol","Tablets","Flexon","Hetero Healthcare",32,21.2,27.2,"Strip"
"Ibugesic Plus 625mg (Batch 4)","Ibuprofen + Paracetamol","Tablets","Ibugesic","Biocon Ltd",28,18.6,23.8,"Strip"
"Acecloc 100mg (Batch 4)","Aceclofenac + Paracetamol","Tablets","Acecloc","AstraZeneca India",73,48.4,62.1,"Strip"
"Zerodol-P Forte (Batch 4)","Aceclofenac + Paracetamol","Tablets","Zerodol","Bayer India",61,40.5,51.9,"Strip"
"Hifenac-P 650mg (Batch 4)","Aceclofenac + Paracetamol","Tablets","Hifenac","IPCA Laboratories",59,39.2,50.2,"Strip"
"Zerodol-SP 150mg (Batch 4)","Aceclofenac + Paracetamol + Serratiopeptidase","Tablets","Zerodol","Alembic Pharmaceuticals",127,84.2,108,"Strip"
"Meftal-Spas 5mg (Batch 4)","Mefenamic Acid + Dicyclomine","Tablets","Meftal","GSK Pharma",35,23.2,29.8,"Strip"
"Cyclopam 1g (Batch 4)","Dicyclomine + Paracetamol","Tablets","Cyclopam","Abbott India",51,33.9,43.4,"Strip"
"Ultracet 200mg (Batch 4)","Tramadol + Paracetamol","Tablets","Ultracet","Sun Pharmaceutical Industries",246,163.1,209.1,"Strip"
"Tramazac 10mg (Batch 4)","Tramadol","Capsules","Tramazac","Cipla Ltd",109,72.2,92.6,"Strip"
"Nise SR (Batch 4)","Nimesulide","Tablets","Nise","Lupin Ltd",87,57.7,74,"Strip"
"Nimulid 250mg (Batch 4)","Nimesulide","Tablets","Nimulid","Mankind Pharma",80,53,68,"Strip"
"Amox 20mg (Batch 4)","Amoxicillin","Capsules","Amox","Torrent Pharmaceuticals",73,48.4,62.1,"Strip"
"Amoxil DSR (Batch 4)","Amoxicillin","Capsules","Amoxil","Dr. Reddy s Laboratories",81,53.7,68.9,"Strip"
"Mox 300mg (Batch 4)","Amoxicillin","Capsules","Mox","Alkem Laboratories",67,44.5,57,"Strip"
"Novamox 40mg (Batch 4)","Amoxicillin","Capsules","Novamox","Glenmark Pharmaceuticals",87,57.7,74,"Strip"
"Clavam XL (Batch 4)","Amoxicillin + Potassium Clavulanate","Tablets","Clavam","Cadila Pharmaceuticals",150,99.5,127.5,"Strip"
"Augmentin 400mg (Batch 4)","Amoxicillin + Potassium Clavulanate","Tablets","Augmentin","Zydus Lifesciences",153,101.4,130,"Strip"
"Moxikind-CV 50mg (Batch 4)","Amoxicillin + Potassium Clavulanate","Tablets","Moxikind","Sanofi India",146,96.8,124.1,"Strip"
"Advent Duo (Batch 4)","Amoxicillin + Potassium Clavulanate","Tablets","Advent","USV Private Ltd",199,132,169.2,"Strip"
"Azee 500mg (Batch 4)","Azithromycin","Tablets","Azee","Pfizer India",122,80.9,103.7,"Strip"
"Azithral 75mg (Batch 4)","Azithromycin","Tablets","Azithral","Micro Labs Ltd",165,109.4,140.3,"Strip"
"Azax Kid (Batch 4)","Azithromycin","Tablets","Azax","Blue Cross Laboratories",63,41.8,53.6,"Strip"
"Zifi 600mg (Batch 4)","Cefixime","Tablets","Zifi","Aristo Pharmaceuticals",146,96.8,124.1,"Strip"
"Taxim-O 80mg (Batch 4)","Cefixime","Tablets","Taxim-O","FDC Ltd",114,75.6,96.9,"Strip"
"Cefolac Plus (Batch 4)","Cefixime","Tablets","Cefolac","J.B. Chemicals & Pharmaceuticals",137,90.9,116.5,"Strip"
"Milixim 625mg (Batch 4)","Cefixime","Tablets","Milixim","Wockhardt Ltd",107,71,91,"Strip"
"Gepod 100mg (Batch 4)","Cefpodoxime Proxetil","Tablets","Gepod","Apex Laboratories",163,108,138.5,"Strip"
"Monocef-O Forte (Batch 4)","Cefpodoxime Proxetil","Tablets","Monocef-O","Intas Pharmaceuticals",196,129.9,166.6,"Strip"
"Macpod 650mg (Batch 4)","Cefpodoxime Proxetil","Tablets","Macpod","Macleods Pharmaceuticals",129,85.6,109.7,"Strip"
"Oflomac 150mg (Batch 4)","Ofloxacin","Tablets","Oflomac","Hetero Healthcare",72,47.7,61.2,"Strip"
"Oframax 5mg (Batch 4)","Ofloxacin","Tablets","Oframax","Biocon Ltd",70,46.4,59.5,"Strip"
"Oflotas 1g (Batch 4)","Ofloxacin","Tablets","Oflotas","AstraZeneca India",56,37.1,47.6,"Strip"
"Oflomac-OZ 200mg (Batch 4)","Ofloxacin + Ornidazole","Tablets","Oflomac","Bayer India",126,83.5,107.1,"Strip"
"Zenflox-OZ 10mg (Batch 4)","Ofloxacin + Ornidazole","Tablets","Zenflox","IPCA Laboratories",124,82.2,105.4,"Strip"
"Norflox SR (Batch 4)","Norfloxacin","Tablets","Norflox","Alembic Pharmaceuticals",72,47.7,61.2,"Strip"
"Norflox-TZ 250mg (Batch 4)","Norfloxacin + Tinidazole","Tablets","Norflox","GSK Pharma",70,46.4,59.5,"Strip"
"Ciplox 20mg (Batch 4)","Ciprofloxacin","Tablets","Ciplox","Abbott India",38,25.2,32.3,"Strip"
"Ciprobid DSR (Batch 4)","Ciprofloxacin","Tablets","Ciprobid","Sun Pharmaceutical Industries",52,34.5,44.2,"Strip"
"Atorva 300mg (Batch 4)","Atorvastatin","Tablets","Atorva","Cipla Ltd",114,75.6,96.9,"Strip"
"Lipitor 40mg (Batch 4)","Atorvastatin","Tablets","Lipitor","Lupin Ltd",392,259.9,333.2,"Strip"
"Lipikind XL (Batch 4)","Atorvastatin","Tablets","Lipikind","Mankind Pharma",50,33.2,42.5,"Strip"
"Tonact 400mg (Batch 4)","Atorvastatin","Tablets","Tonact","Torrent Pharmaceuticals",68,45.1,57.8,"Strip"
"Rosuvas 50mg (Batch 4)","Rosuvastatin","Tablets","Rosuvas","Dr. Reddy s Laboratories",81,53.7,68.9,"Strip"
"Rosyn Duo (Batch 4)","Rosuvastatin","Tablets","Rosyn","Alkem Laboratories",114,75.6,96.9,"Strip"
"Roseday 500mg (Batch 4)","Rosuvastatin","Tablets","Roseday","Glenmark Pharmaceuticals",227,150.5,193,"Strip"
"Crevast 75mg (Batch 4)","Rosuvastatin","Tablets","Crevast","Cadila Pharmaceuticals",75,49.8,63.8,"Strip"
"Telma Kid (Batch 4)","Telmisartan","Tablets","Telma","Zydus Lifesciences",128,84.9,108.8,"Strip"
"Telvas 600mg (Batch 4)","Telmisartan","Tablets","Telvas","Sanofi India",104,69,88.4,"Strip"
"Telsar 80mg (Batch 4)","Telmisartan","Tablets","Telsar","USV Private Ltd",134,88.8,113.9,"Strip"
"Telma-H Plus (Batch 4)","Telmisartan + Hydrochlorothiazide","Tablets","Telma","Pfizer India",157,104.1,133.5,"Strip"
"Telvas-H 625mg (Batch 4)","Telmisartan + Hydrochlorothiazide","Tablets","Telvas","Micro Labs Ltd",140,92.8,119,"Strip"
"Amlokind 100mg (Batch 4)","Amlodipine","Tablets","Amlokind","Blue Cross Laboratories",35,23.2,29.8,"Strip"
"Amlosafe Forte (Batch 4)","Amlodipine","Tablets","Amlosafe","Aristo Pharmaceuticals",26,17.2,22.1,"Strip"
"Amlovas 650mg (Batch 4)","Amlodipine","Tablets","Amlovas","FDC Ltd",38,25.2,32.3,"Strip"
"Cilacar 150mg (Batch 4)","Cilnidipine","Tablets","Cilacar","J.B. Chemicals & Pharmaceuticals",127,84.2,108,"Strip"
"Cilnidac 5mg (Batch 4)","Cilnidipine","Tablets","Cilnidac","Wockhardt Ltd",100,66.3,85,"Strip"
"Concor 1g (Batch 4)","Bisoprolol Fumarate","Tablets","Concor","Apex Laboratories",123,81.6,104.6,"Strip"
"Starpress 200mg (Batch 4)","Metoprolol Succinate","Tablets","Starpress","Intas Pharmaceuticals",61,40.5,51.9,"Strip"
"Metolar 10mg (Batch 4)","Metoprolol Tartrate","Tablets","Metolar","Macleods Pharmaceuticals",44,29.2,37.4,"Strip"
"Glycomet SR (Batch 4)","Metformin Hydrochloride","Tablets","Glycomet","Hetero Healthcare",47,31.1,39.9,"Strip"
"Metformin SR 250mg (Batch 4)","Metformin Hydrochloride","Tablets","Metformin","Biocon Ltd",27,17.9,23,"Strip"
"Glycomet GP 20mg (Batch 4)","Glimepiride + Metformin","Tablets","Glycomet GP","AstraZeneca India",98,65,83.3,"Strip"
"Amaryl M DSR (Batch 4)","Glimepiride + Metformin","Tablets","Amaryl","Bayer India",221,146.6,187.9,"Strip"
"Glimisave M 300mg (Batch 4)","Glimepiride + Metformin","Tablets","Glimisave","IPCA Laboratories",39,25.9,33.2,"Strip"
"Jalra-M 40mg (Batch 4)","Vildagliptin + Metformin","Tablets","Jalra-M","Alembic Pharmaceuticals",267,177.1,227,"Strip"
"Galvus Met XL (Batch 4)","Vildagliptin + Metformin","Tablets","Galvus","GSK Pharma",300,198.9,255,"Strip"
"Ziten M 400mg (Batch 4)","Teneligliptin + Metformin","Tablets","Ziten","Abbott India",103,68.3,87.6,"Strip"
"Dynaglipt M 50mg (Batch 4)","Teneligliptin + Metformin","Tablets","Dynaglipt","Sun Pharmaceutical Industries",91,60.4,77.4,"Strip"
"Voglistar Duo (Batch 4)","Voglibose","Tablets","Voglistar","Cipla Ltd",79,52.3,67.1,"Strip"
"Volibo 500mg (Batch 4)","Voglibose","Tablets","Volibo","Lupin Ltd",97,64.4,82.5,"Strip"
"Pantocid 75mg (Batch 4)","Pantoprazole","Tablets","Pantocid","Mankind Pharma",125,82.9,106.3,"Strip"
"Pan Kid (Batch 4)","Pantoprazole","Tablets","Pan","Torrent Pharmaceuticals",88,58.3,74.8,"Strip"
"Pantodac 600mg (Batch 4)","Pantoprazole","Tablets","Pantodac","Dr. Reddy s Laboratories",126,83.5,107.1,"Strip"
"Pan-D 80mg (Batch 4)","Pantoprazole + Domperidone","Capsules","Pan-D","Alkem Laboratories",154,102.1,130.9,"Strip"
"Pantocid-DSR Plus (Batch 4)","Pantoprazole + Domperidone","Capsules","Pantocid","Glenmark Pharmaceuticals",237,157.2,201.5,"Strip"
"Pantosec-DSR 625mg (Batch 4)","Pantoprazole + Domperidone","Capsules","Pantosec","Cadila Pharmaceuticals",125,82.9,106.3,"Strip"
"Omez 100mg (Batch 4)","Omeprazole","Capsules","Omez","Zydus Lifesciences",53,35.2,45.1,"Strip"
"Omecip Forte (Batch 4)","Omeprazole","Capsules","Omecip","Sanofi India",31,20.6,26.4,"Strip"
"Omez-D 650mg (Batch 4)","Omeprazole + Domperidone","Capsules","Omez","USV Private Ltd",124,82.2,105.4,"Strip"
"Rabicip 150mg (Batch 4)","Rabeprazole","Tablets","Rabicip","Pfizer India",87,57.7,74,"Strip"
"Rabeloc 5mg (Batch 4)","Rabeprazole","Tablets","Rabeloc","Micro Labs Ltd",70,46.4,59.5,"Strip"
"Rabicip-DSR 1g (Batch 4)","Rabeprazole + Domperidone","Capsules","Rabicip","Blue Cross Laboratories",193,127.9,164,"Strip"
"Razo-DSR 200mg (Batch 4)","Rabeprazole + Domperidone","Capsules","Razo","Aristo Pharmaceuticals",201,133.3,170.9,"Strip"
"Sompraz 10mg (Batch 4)","Esomeprazole","Tablets","Sompraz","FDC Ltd",79,52.3,67.1,"Strip"
"Nexpro SR (Batch 4)","Esomeprazole","Tablets","Nexpro","J.B. Chemicals & Pharmaceuticals",67,44.5,57,"Strip"
"Sompraz-DSR 250mg (Batch 4)","Esomeprazole + Domperidone","Capsules","Sompraz","Wockhardt Ltd",115,76.3,97.8,"Strip"
"Nexpro-RD 20mg (Batch 4)","Esomeprazole + Domperidone","Capsules","Nexpro","Apex Laboratories",213,141.2,181,"Strip"
"Aciloc DSR (Batch 4)","Ranitidine","Tablets","Aciloc","Intas Pharmaceuticals",28,18.6,23.8,"Strip"
"Rantac 300mg (Batch 4)","Ranitidine","Tablets","Rantac","Macleods Pharmaceuticals",30,19.9,25.5,"Strip"
"Zinetac 40mg (Batch 4)","Ranitidine","Tablets","Zinetac","Hetero Healthcare",30,19.9,25.5,"Strip"
"Okacet XL (Batch 4)","Cetirizine","Tablets","Okacet","Biocon Ltd",15,10,12.8,"Strip"
"Cetcip 400mg (Batch 4)","Cetirizine","Tablets","Cetcip","AstraZeneca India",20,13.3,17,"Strip"
"Alerid 50mg (Batch 4)","Cetirizine","Tablets","Alerid","Bayer India",35,23.2,29.8,"Strip"
"Teczine Duo (Batch 4)","Levocetirizine","Tablets","Teczine","IPCA Laboratories",69,45.8,58.7,"Strip"
"Lecope 500mg (Batch 4)","Levocetirizine","Tablets","Lecope","Alembic Pharmaceuticals",65,43.1,55.3,"Strip"
"Sizloc 75mg (Batch 4)","Levocetirizine","Tablets","Sizloc","GSK Pharma",54,35.8,45.9,"Strip"
"Montair-LC Kid (Batch 4)","Montelukast + Levocetirizine","Tablets","Montair","Abbott India",143,94.8,121.6,"Strip"
"Telekast-L 600mg (Batch 4)","Montelukast + Levocetirizine","Tablets","Telekast","Sun Pharmaceutical Industries",206,136.6,175.1,"Strip"
"Montemac-L 80mg (Batch 4)","Montelukast + Levocetirizine","Tablets","Montemac","Cipla Ltd",119,78.9,101.1,"Strip"
"Montek-LC Plus (Batch 4)","Montelukast + Levocetirizine","Tablets","Montek","Lupin Ltd",177,117.4,150.5,"Strip"
"Allegra 625mg (Batch 4)","Fexofenadine Hydrochloride","Tablets","Allegra","Mankind Pharma",145,96.2,123.3,"Strip"
"Fexo 100mg (Batch 4)","Fexofenadine Hydrochloride","Tablets","Fexo","Torrent Pharmaceuticals",118,78.2,100.3,"Strip"
"Fexigra Forte (Batch 4)","Fexofenadine Hydrochloride","Tablets","Fexigra","Dr. Reddy s Laboratories",111,73.6,94.4,"Strip"
"Avil 650mg (Batch 4)","Pheniramine Maleate","Tablets","Avil","Alkem Laboratories",12,8,10.2,"Strip"
"Atarax 150mg (Batch 4)","Hydroxyzine Hydrochloride","Tablets","Atarax","Glenmark Pharmaceuticals",77,51.1,65.5,"Strip"
"Becosules 5mg (Batch 4)","Vitamin B Complex + Vitamin C","Capsules","Becosules","Cadila Pharmaceuticals",25,16.6,21.3,"Strip"
"Cobadex Forte 1g (Batch 4)","Vitamin B Complex + Zinc","Capsules","Cobadex","Zydus Lifesciences",35,23.2,29.8,"Strip"
"Zincovit 200mg (Batch 4)","Multivitamin + Multimineral","Tablets","Zincovit","Sanofi India",81,53.7,68.9,"Strip"
"Revital H 10mg (Batch 4)","Multivitamins + Minerals + Ginseng","Capsules","Revital","USV Private Ltd",319,211.5,271.2,"Strip"
"Limcee Orange SR (Batch 4)","Vitamin C (Ascorbic Acid)","Tablets","Limcee","Pfizer India",17,11.3,14.5,"Strip"
"Celin chewable 250mg (Batch 4)","Vitamin C (Ascorbic Acid)","Tablets","Celin","Micro Labs Ltd",18,11.9,15.3,"Strip"
"Shelcal 20mg (Batch 4)","Calcium + Vitamin D3","Tablets","Shelcal","Blue Cross Laboratories",88,58.3,74.8,"Strip"
"Cipcal DSR (Batch 4)","Calcium + Vitamin D3","Tablets","Cipcal","Aristo Pharmaceuticals",81,53.7,68.9,"Strip"
"Calcirol Sachet 300mg (Batch 4)","Cholecalciferol (Vitamin D3)","Others","Calcirol","FDC Ltd",29,19.3,24.7,"Sachet"
"D3-Must 40mg (Batch 4)","Cholecalciferol (Vitamin D3)","Capsules","D3-Must","J.B. Chemicals & Pharmaceuticals",41,27.2,34.9,"Strip"
"Evion XL (Batch 4)","Vitamin E","Capsules","Evion","Wockhardt Ltd",55,36.5,46.8,"Strip"
"Neurobion Forte 400mg (Batch 4)","Vitamin B Complex + Methylcobalamin","Tablets","Neurobion","Apex Laboratories",28,18.6,23.8,"Strip"
"Mecobon 50mg (Batch 4)","Methylcobalamin","Tablets","Mecobon","Intas Pharmaceuticals",146,96.8,124.1,"Strip"
"Asthalin Inhaler (Batch 4)","Salbutamol","Inhalers","Asthalin","Macleods Pharmaceuticals",119,78.9,101.1,"Piece"
"Duolin Inhaler (Batch 4)","Levosalbutamol + Ipratropium Bromide","Inhalers","Duolin","Hetero Healthcare",222,147.2,188.7,"Piece"
"Budecort Inhaler (Batch 4)","Budesonide","Inhalers","Budecort","Biocon Ltd",235,155.8,199.8,"Piece"
"Foracort Respules (Batch 4)","Budesonide + Formoterol Fumarate","Inhalers","Foracort","AstraZeneca India",228,151.2,193.8,"Piece"
"Benadryl Syrup 60ml Syrup (Batch 4)","Diphenhydramine + Ammonium Chloride + Sodium Citrate","Syrups","Benadryl","Bayer India",106,70.3,90.1,"Bottle"
"Ascoril LS Syrup 100ml Syrup (Batch 4)","Ambroxol + Levosalbutamol + Guaiphenesin","Syrups","Ascoril","IPCA Laboratories",124,82.2,105.4,"Bottle"
"Grilinctus Syrup 60ml Syrup (Batch 4)","Dextromethorphan + Chlorpheniramine","Syrups","Grilinctus","Alembic Pharmaceuticals",117,77.6,99.5,"Bottle"
"Corex DX Syrup 100ml Syrup (Batch 4)","Chlorpheniramine + Dextromethorphan","Syrups","Corex","GSK Pharma",105,69.7,89.3,"Bottle"
"Solvin Cold Syrup 60ml Syrup (Batch 4)","Paracetamol + Phenylephrine + Chlorpheniramine","Syrups","Solvin","Abbott India",93,61.7,79.1,"Bottle"
"Volini Gel Respules (Batch 4)","Diclofenac + Methyl Salicylate + Menthol","Others","Volini","Sun Pharmaceutical Industries",81,53.7,68.9,"Piece"
"Moov Gel Inhaler (Batch 4)","Oil of Wintergreen + Menthol + Turpentine Oil","Others","Moov","Cipla Ltd",149,98.8,126.7,"Piece"
"Iodex Balm Inhaler (Batch 4)","Methyl Salicylate + Menthol + Camphor","Others","Iodex","Lupin Ltd",87,57.7,74,"Piece"
"Betnovate-N Respules (Batch 4)","Betamethasone + Neomycin","Others","Betnovate","Mankind Pharma",35,23.2,29.8,"Piece"
"Betnovate-C Respules (Batch 4)","Betamethasone + Clioquinol","Others","Betnovate","Torrent Pharmaceuticals",51,33.9,43.4,"Piece"
"Betnovate-GM Inhaler (Batch 4)","Betamethasone + Gentamicin + Miconazole","Others","Betnovate","Dr. Reddy s Laboratories",43,28.5,36.6,"Piece"
"Quadriderm RF Respules (Batch 4)","Beclomethasone + Clotrimazole + Neomycin","Others","Quadriderm","Alkem Laboratories",89,59,75.6,"Piece"
"Panderm Super Respules (Batch 4)","Clobetasol + Neomycin + Miconazole","Others","Panderm","Glenmark Pharmaceuticals",97,64.4,82.5,"Piece"
"Tenovate Cream Inhaler (Batch 4)","Clobetasol Propionate","Others","Tenovate","Cadila Pharmaceuticals",50,33.2,42.5,"Piece"
"Ciplox Eye/Ear Drops Inhaler (Batch 4)","Ciprofloxacin Eye Drops","Drops","Ciplox","Zydus Lifesciences",23,15.3,19.6,"Piece"
"Moxicip Eye Drops Inhaler (Batch 4)","Moxifloxacin Eye Drops","Drops","Moxicip","Sanofi India",76,50.4,64.6,"Piece"
"Otrivin Nasal Spray Inhaler (Batch 4)","Xylometazoline Hydrochloride","Drops","Otrivin","USV Private Ltd",74,49.1,62.9,"Piece"
"Nasoclear Drops Inhaler (Batch 4)","Sodium Chloride Nasal Solution","Drops","Nasoclear","Pfizer India",37,24.6,31.5,"Piece"
"Calpol XL (Batch 5)","Paracetamol","Tablets","Calpol","Micro Labs Ltd",30,19.9,25.5,"Strip"
"Crocin Advance 400mg (Batch 5)","Paracetamol","Tablets","Crocin","Blue Cross Laboratories",25,16.6,21.3,"Strip"
"Dolo 50mg (Batch 5)","Paracetamol","Tablets","Dolo","Aristo Pharmaceuticals",31,20.6,26.4,"Strip"
"Pacimol Duo (Batch 5)","Paracetamol","Tablets","Pacimol","FDC Ltd",14,9.3,11.9,"Strip"
"Sumo L 500mg (Batch 5)","Paracetamol","Tablets","Sumo","J.B. Chemicals & Pharmaceuticals",22,14.6,18.7,"Strip"
"Combiflam 75mg (Batch 5)","Ibuprofen + Paracetamol","Tablets","Combiflam","Wockhardt Ltd",45,29.9,38.3,"Strip"
"Flexon Kid (Batch 5)","Ibuprofen + Paracetamol","Tablets","Flexon","Apex Laboratories",23,15.3,19.6,"Strip"
"Ibugesic Plus 600mg (Batch 5)","Ibuprofen + Paracetamol","Tablets","Ibugesic","Intas Pharmaceuticals",19,12.6,16.2,"Strip"
"Acecloc 80mg (Batch 5)","Aceclofenac + Paracetamol","Tablets","Acecloc","Macleods Pharmaceuticals",64,42.4,54.4,"Strip"
"Zerodol-P Plus (Batch 5)","Aceclofenac + Paracetamol","Tablets","Zerodol","Hetero Healthcare",92,61,78.2,"Strip"
"Hifenac-P 625mg (Batch 5)","Aceclofenac + Paracetamol","Tablets","Hifenac","Biocon Ltd",80,53,68,"Strip"
"Zerodol-SP 100mg (Batch 5)","Aceclofenac + Paracetamol + Serratiopeptidase","Tablets","Zerodol","AstraZeneca India",138,91.5,117.3,"Strip"
"Meftal-Spas Forte (Batch 5)","Mefenamic Acid + Dicyclomine","Tablets","Meftal","Bayer India",46,30.5,39.1,"Strip"
"Cyclopam 650mg (Batch 5)","Dicyclomine + Paracetamol","Tablets","Cyclopam","IPCA Laboratories",62,41.1,52.7,"Strip"
"Ultracet 150mg (Batch 5)","Tramadol + Paracetamol","Tablets","Ultracet","Alembic Pharmaceuticals",177,117.4,150.5,"Strip"
"Tramazac 5mg (Batch 5)","Tramadol","Capsules","Tramazac","GSK Pharma",70,46.4,59.5,"Strip"
"Nise 1g (Batch 5)","Nimesulide","Tablets","Nise","Abbott India",108,71.6,91.8,"Strip"
"Nimulid 200mg (Batch 5)","Nimesulide","Tablets","Nimulid","Sun Pharmaceutical Industries",71,47.1,60.4,"Strip"
"Amox 10mg (Batch 5)","Amoxicillin","Capsules","Amox","Cipla Ltd",64,42.4,54.4,"Strip"
"Amoxil SR (Batch 5)","Amoxicillin","Capsules","Amoxil","Lupin Ltd",42,27.8,35.7,"Strip"
"Mox 250mg (Batch 5)","Amoxicillin","Capsules","Mox","Mankind Pharma",43,28.5,36.6,"Strip"
"Novamox 20mg (Batch 5)","Amoxicillin","Capsules","Novamox","Torrent Pharmaceuticals",78,51.7,66.3,"Strip"
"Clavam DSR (Batch 5)","Amoxicillin + Potassium Clavulanate","Tablets","Clavam","Dr. Reddy s Laboratories",161,106.8,136.9,"Strip"
"Augmentin 300mg (Batch 5)","Amoxicillin + Potassium Clavulanate","Tablets","Augmentin","Alkem Laboratories",144,95.5,122.4,"Strip"
"Moxikind-CV 40mg (Batch 5)","Amoxicillin + Potassium Clavulanate","Tablets","Moxikind","Glenmark Pharmaceuticals",167,110.8,142,"Strip"
"Advent XL (Batch 5)","Amoxicillin + Potassium Clavulanate","Tablets","Advent","Cadila Pharmaceuticals",115,76.3,97.8,"Strip"
"Azee 400mg (Batch 5)","Azithromycin","Tablets","Azee","Zydus Lifesciences",143,94.8,121.6,"Strip"
"Azithral 50mg (Batch 5)","Azithromycin","Tablets","Azithral","Sanofi India",76,50.4,64.6,"Strip"
"Azax Duo (Batch 5)","Azithromycin","Tablets","Azax","USV Private Ltd",134,88.8,113.9,"Strip"
"Zifi 500mg (Batch 5)","Cefixime","Tablets","Zifi","Pfizer India",107,71,91,"Strip"
"Taxim-O 75mg (Batch 5)","Cefixime","Tablets","Taxim-O","Micro Labs Ltd",105,69.7,89.3,"Strip"
"Cefolac Kid (Batch 5)","Cefixime","Tablets","Cefolac","Blue Cross Laboratories",88,58.3,74.8,"Strip"
"Milixim 600mg (Batch 5)","Cefixime","Tablets","Milixim","Aristo Pharmaceuticals",143,94.8,121.6,"Strip"
"Gepod 80mg (Batch 5)","Cefpodoxime Proxetil","Tablets","Gepod","FDC Ltd",154,102.1,130.9,"Strip"
"Monocef-O Plus (Batch 5)","Cefpodoxime Proxetil","Tablets","Monocef-O","J.B. Chemicals & Pharmaceuticals",127,84.2,108,"Strip"
"Macpod 625mg (Batch 5)","Cefpodoxime Proxetil","Tablets","Macpod","Wockhardt Ltd",120,79.6,102,"Strip"
"Oflomac 100mg (Batch 5)","Ofloxacin","Tablets","Oflomac","Apex Laboratories",63,41.8,53.6,"Strip"
"Oframax Forte (Batch 5)","Ofloxacin","Tablets","Oframax","Intas Pharmaceuticals",46,30.5,39.1,"Strip"
"Oflotas 650mg (Batch 5)","Ofloxacin","Tablets","Oflotas","Macleods Pharmaceuticals",42,27.8,35.7,"Strip"
"Oflomac-OZ 150mg (Batch 5)","Ofloxacin + Ornidazole","Tablets","Oflomac","Hetero Healthcare",117,77.6,99.5,"Strip"
"Zenflox-OZ 5mg (Batch 5)","Ofloxacin + Ornidazole","Tablets","Zenflox","Biocon Ltd",85,56.4,72.3,"Strip"
"Norflox 1g (Batch 5)","Norfloxacin","Tablets","Norflox","AstraZeneca India",58,38.5,49.3,"Strip"
"Norflox-TZ 200mg (Batch 5)","Norfloxacin + Tinidazole","Tablets","Norflox","Bayer India",91,60.4,77.4,"Strip"
"Ciplox 10mg (Batch 5)","Ciprofloxacin","Tablets","Ciplox","IPCA Laboratories",29,19.3,24.7,"Strip"
"Ciprobid SR (Batch 5)","Ciprofloxacin","Tablets","Ciprobid","Alembic Pharmaceuticals",43,28.5,36.6,"Strip"
"Atorva 250mg (Batch 5)","Atorvastatin","Tablets","Atorva","GSK Pharma",105,69.7,89.3,"Strip"
"Lipitor 20mg (Batch 5)","Atorvastatin","Tablets","Lipitor","Abbott India",303,200.9,257.6,"Strip"
"Lipikind DSR (Batch 5)","Atorvastatin","Tablets","Lipikind","Sun Pharmaceutical Industries",41,27.2,34.9,"Strip"
"Tonact 300mg (Batch 5)","Atorvastatin","Tablets","Tonact","Cipla Ltd",109,72.2,92.6,"Strip"
"Rosuvas 40mg (Batch 5)","Rosuvastatin","Tablets","Rosuvas","Lupin Ltd",192,127.3,163.2,"Strip"
"Rosyn XL (Batch 5)","Rosuvastatin","Tablets","Rosyn","Mankind Pharma",75,49.8,63.8,"Strip"
"Roseday 400mg (Batch 5)","Rosuvastatin","Tablets","Roseday","Torrent Pharmaceuticals",238,157.8,202.3,"Strip"
"Crevast 50mg (Batch 5)","Rosuvastatin","Tablets","Crevast","Dr. Reddy s Laboratories",226,149.8,192.1,"Strip"
"Telma Duo (Batch 5)","Telmisartan","Tablets","Telma","Alkem Laboratories",59,39.2,50.2,"Strip"
"Telvas 500mg (Batch 5)","Telmisartan","Tablets","Telvas","Glenmark Pharmaceuticals",125,82.9,106.3,"Strip"
"Telsar 75mg (Batch 5)","Telmisartan","Tablets","Telsar","Cadila Pharmaceuticals",50,33.2,42.5,"Strip"
"Telma-H Kid (Batch 5)","Telmisartan + Hydrochlorothiazide","Tablets","Telma","Zydus Lifesciences",148,98.1,125.8,"Strip"
"Telvas-H 600mg (Batch 5)","Telmisartan + Hydrochlorothiazide","Tablets","Telvas","Sanofi India",151,100.2,128.4,"Strip"
"Amlokind 80mg (Batch 5)","Amlodipine","Tablets","Amlokind","USV Private Ltd",21,13.9,17.8,"Strip"
"Amlosafe Plus (Batch 5)","Amlodipine","Tablets","Amlosafe","Pfizer India",17,11.3,14.5,"Strip"
"Amlovas 625mg (Batch 5)","Amlodipine","Tablets","Amlovas","Micro Labs Ltd",17,11.3,14.5,"Strip"
"Cilacar 100mg (Batch 5)","Cilnidipine","Tablets","Cilacar","Blue Cross Laboratories",148,98.1,125.8,"Strip"
"Cilnidac Forte (Batch 5)","Cilnidipine","Tablets","Cilnidac","Aristo Pharmaceuticals",91,60.4,77.4,"Strip"
"Concor 650mg (Batch 5)","Bisoprolol Fumarate","Tablets","Concor","FDC Ltd",114,75.6,96.9,"Strip"
"Starpress 150mg (Batch 5)","Metoprolol Succinate","Tablets","Starpress","J.B. Chemicals & Pharmaceuticals",82,54.4,69.7,"Strip"
"Metolar 5mg (Batch 5)","Metoprolol Tartrate","Tablets","Metolar","Wockhardt Ltd",35,23.2,29.8,"Strip"
"Glycomet 1g (Batch 5)","Metformin Hydrochloride","Tablets","Glycomet","Apex Laboratories",33,21.9,28.1,"Strip"
"Metformin SR 200mg (Batch 5)","Metformin Hydrochloride","Tablets","Metformin","Intas Pharmaceuticals",13,8.6,11,"Strip"
"Glycomet GP 10mg (Batch 5)","Glimepiride + Metformin","Tablets","Glycomet GP","Macleods Pharmaceuticals",139,92.2,118.2,"Strip"
"Amaryl M SR (Batch 5)","Glimepiride + Metformin","Tablets","Amaryl","Hetero Healthcare",182,120.7,154.7,"Strip"
"Glimisave M 250mg (Batch 5)","Glimepiride + Metformin","Tablets","Glimisave","Biocon Ltd",60,39.8,51,"Strip"
"Jalra-M 20mg (Batch 5)","Vildagliptin + Metformin","Tablets","Jalra-M","AstraZeneca India",198,131.3,168.3,"Strip"
"Galvus Met DSR (Batch 5)","Vildagliptin + Metformin","Tablets","Galvus","Bayer India",461,305.6,391.8,"Strip"
"Ziten M 300mg (Batch 5)","Teneligliptin + Metformin","Tablets","Ziten","IPCA Laboratories",144,95.5,122.4,"Strip"
"Dynaglipt M 40mg (Batch 5)","Teneligliptin + Metformin","Tablets","Dynaglipt","Alembic Pharmaceuticals",102,67.6,86.7,"Strip"
"Voglistar XL (Batch 5)","Voglibose","Tablets","Voglistar","GSK Pharma",70,46.4,59.5,"Strip"
"Volibo 400mg (Batch 5)","Voglibose","Tablets","Volibo","Abbott India",58,38.5,49.3,"Strip"
"Pantocid 50mg (Batch 5)","Pantoprazole","Tablets","Pantocid","Sun Pharmaceutical Industries",166,110.1,141.1,"Strip"
"Pan Duo (Batch 5)","Pantoprazole","Tablets","Pan","Cipla Ltd",79,52.3,67.1,"Strip"
"Pantodac 500mg (Batch 5)","Pantoprazole","Tablets","Pantodac","Lupin Ltd",137,90.9,116.5,"Strip"
"Pan-D 75mg (Batch 5)","Pantoprazole + Domperidone","Capsules","Pan-D","Mankind Pharma",145,96.2,123.3,"Strip"
"Pantocid-DSR Kid (Batch 5)","Pantoprazole + Domperidone","Capsules","Pantocid","Torrent Pharmaceuticals",198,131.3,168.3,"Strip"
"Pantosec-DSR 600mg (Batch 5)","Pantoprazole + Domperidone","Capsules","Pantosec","Dr. Reddy s Laboratories",166,110.1,141.1,"Strip"
"Omez 80mg (Batch 5)","Omeprazole","Capsules","Omez","Alkem Laboratories",64,42.4,54.4,"Strip"
"Omecip Plus (Batch 5)","Omeprazole","Capsules","Omecip","Glenmark Pharmaceuticals",52,34.5,44.2,"Strip"
"Omez-D 625mg (Batch 5)","Omeprazole + Domperidone","Capsules","Omez","Cadila Pharmaceuticals",75,49.8,63.8,"Strip"
"Rabicip 100mg (Batch 5)","Rabeprazole","Tablets","Rabicip","Zydus Lifesciences",78,51.7,66.3,"Strip"
"Rabeloc Forte (Batch 5)","Rabeprazole","Tablets","Rabeloc","Sanofi India",111,73.6,94.4,"Strip"
"Rabicip-DSR 650mg (Batch 5)","Rabeprazole + Domperidone","Capsules","Rabicip","USV Private Ltd",124,82.2,105.4,"Strip"
"Razo-DSR 150mg (Batch 5)","Rabeprazole + Domperidone","Capsules","Razo","Pfizer India",162,107.4,137.7,"Strip"
"Sompraz 5mg (Batch 5)","Esomeprazole","Tablets","Sompraz","Micro Labs Ltd",120,79.6,102,"Strip"
"Nexpro 1g (Batch 5)","Esomeprazole","Tablets","Nexpro","Blue Cross Laboratories",88,58.3,74.8,"Strip"
"Sompraz-DSR 200mg (Batch 5)","Esomeprazole + Domperidone","Capsules","Sompraz","Aristo Pharmaceuticals",206,136.6,175.1,"Strip"
"Nexpro-RD 10mg (Batch 5)","Esomeprazole + Domperidone","Capsules","Nexpro","FDC Ltd",124,82.2,105.4,"Strip"
"Aciloc SR (Batch 5)","Ranitidine","Tablets","Aciloc","J.B. Chemicals & Pharmaceuticals",19,12.6,16.2,"Strip"
"Rantac 250mg (Batch 5)","Ranitidine","Tablets","Rantac","Wockhardt Ltd",21,13.9,17.8,"Strip"
"Zinetac 20mg (Batch 5)","Ranitidine","Tablets","Zinetac","Apex Laboratories",37,24.6,31.5,"Strip"
"Okacet DSR (Batch 5)","Cetirizine","Tablets","Okacet","Intas Pharmaceuticals",26,17.2,22.1,"Strip"
"Cetcip 300mg (Batch 5)","Cetirizine","Tablets","Cetcip","Macleods Pharmaceuticals",23,15.3,19.6,"Strip"
"Alerid 40mg (Batch 5)","Cetirizine","Tablets","Alerid","Hetero Healthcare",32,21.2,27.2,"Strip"
"Teczine XL (Batch 5)","Levocetirizine","Tablets","Teczine","Biocon Ltd",45,29.9,38.3,"Strip"
"Lecope 400mg (Batch 5)","Levocetirizine","Tablets","Lecope","AstraZeneca India",56,37.1,47.6,"Strip"
"Sizloc 50mg (Batch 5)","Levocetirizine","Tablets","Sizloc","Bayer India",33,21.9,28.1,"Strip"
"Montair-LC Duo (Batch 5)","Montelukast + Levocetirizine","Tablets","Montair","IPCA Laboratories",234,155.1,198.9,"Strip"
"Telekast-L 500mg (Batch 5)","Montelukast + Levocetirizine","Tablets","Telekast","Alembic Pharmaceuticals",137,90.9,116.5,"Strip"
"Montemac-L 75mg (Batch 5)","Montelukast + Levocetirizine","Tablets","Montemac","GSK Pharma",130,86.2,110.5,"Strip"
"Montek-LC Kid (Batch 5)","Montelukast + Levocetirizine","Tablets","Montek","Abbott India",133,88.2,113.1,"Strip"
"Allegra 600mg (Batch 5)","Fexofenadine Hydrochloride","Tablets","Allegra","Sun Pharmaceutical Industries",136,90.2,115.6,"Strip"
"Fexo 80mg (Batch 5)","Fexofenadine Hydrochloride","Tablets","Fexo","Cipla Ltd",139,92.2,118.2,"Strip"
"Fexigra Plus (Batch 5)","Fexofenadine Hydrochloride","Tablets","Fexigra","Lupin Ltd",122,80.9,103.7,"Strip"
"Avil 625mg (Batch 5)","Pheniramine Maleate","Tablets","Avil","Mankind Pharma",13,8.6,11,"Strip"
"Atarax 100mg (Batch 5)","Hydroxyzine Hydrochloride","Tablets","Atarax","Torrent Pharmaceuticals",68,45.1,57.8,"Strip"
"Becosules Forte (Batch 5)","Vitamin B Complex + Vitamin C","Capsules","Becosules","Dr. Reddy s Laboratories",36,23.9,30.6,"Strip"
"Cobadex Forte 650mg (Batch 5)","Vitamin B Complex + Zinc","Capsules","Cobadex","Alkem Laboratories",26,17.2,22.1,"Strip"
"Zincovit 150mg (Batch 5)","Multivitamin + Multimineral","Tablets","Zincovit","Glenmark Pharmaceuticals",132,87.5,112.2,"Strip"
"Revital H 5mg (Batch 5)","Multivitamins + Minerals + Ginseng","Capsules","Revital","Cadila Pharmaceuticals",280,185.6,238,"Strip"
"Limcee Orange 1g (Batch 5)","Vitamin C (Ascorbic Acid)","Tablets","Limcee","Zydus Lifesciences",23,15.3,19.6,"Strip"
"Celin chewable 200mg (Batch 5)","Vitamin C (Ascorbic Acid)","Tablets","Celin","Sanofi India",24,15.9,20.4,"Strip"
"Shelcal 10mg (Batch 5)","Calcium + Vitamin D3","Tablets","Shelcal","USV Private Ltd",109,72.2,92.6,"Strip"
"Cipcal SR (Batch 5)","Calcium + Vitamin D3","Tablets","Cipcal","Pfizer India",72,47.7,61.2,"Strip"
"Calcirol Sachet 250mg (Batch 5)","Cholecalciferol (Vitamin D3)","Others","Calcirol","Micro Labs Ltd",40,26.5,34,"Sachet"
"D3-Must 20mg (Batch 5)","Cholecalciferol (Vitamin D3)","Capsules","D3-Must","Blue Cross Laboratories",27,17.9,23,"Strip"
"Evion DSR (Batch 5)","Vitamin E","Capsules","Evion","Aristo Pharmaceuticals",46,30.5,39.1,"Strip"
"Neurobion Forte 300mg (Batch 5)","Vitamin B Complex + Methylcobalamin","Tablets","Neurobion","FDC Ltd",39,25.9,33.2,"Strip"
"Mecobon 40mg (Batch 5)","Methylcobalamin","Tablets","Mecobon","J.B. Chemicals & Pharmaceuticals",137,90.9,116.5,"Strip"
"Asthalin Respules (Batch 5)","Salbutamol","Inhalers","Asthalin","Wockhardt Ltd",130,86.2,110.5,"Piece"
"Duolin Inhaler (Batch 5)","Levosalbutamol + Ipratropium Bromide","Inhalers","Duolin","Apex Laboratories",243,161.1,206.6,"Piece"
"Budecort Respules (Batch 5)","Budesonide","Inhalers","Budecort","Intas Pharmaceuticals",226,149.8,192.1,"Piece"
"Foracort Respules (Batch 5)","Budesonide + Formoterol Fumarate","Inhalers","Foracort","Macleods Pharmaceuticals",339,224.8,288.2,"Piece"
"Benadryl Syrup 100ml Syrup (Batch 5)","Diphenhydramine + Ammonium Chloride + Sodium Citrate","Syrups","Benadryl","Hetero Healthcare",97,64.4,82.5,"Bottle"
"Ascoril LS Syrup 60ml Syrup (Batch 5)","Ambroxol + Levosalbutamol + Guaiphenesin","Syrups","Ascoril","Biocon Ltd",135,89.5,114.8,"Bottle"
"Grilinctus Syrup 100ml Syrup (Batch 5)","Dextromethorphan + Chlorpheniramine","Syrups","Grilinctus","AstraZeneca India",93,61.7,79.1,"Bottle"
"Corex DX Syrup 60ml Syrup (Batch 5)","Chlorpheniramine + Dextromethorphan","Syrups","Corex","Bayer India",146,96.8,124.1,"Bottle"
"Solvin Cold Syrup 100ml Syrup (Batch 5)","Paracetamol + Phenylephrine + Chlorpheniramine","Syrups","Solvin","IPCA Laboratories",79,52.3,67.1,"Bottle"
"Volini Gel Respules (Batch 5)","Diclofenac + Methyl Salicylate + Menthol","Others","Volini","Alembic Pharmaceuticals",122,80.9,103.7,"Piece"
"Moov Gel Respules (Batch 5)","Oil of Wintergreen + Menthol + Turpentine Oil","Others","Moov","GSK Pharma",60,39.8,51,"Piece"
"Iodex Balm Respules (Batch 5)","Methyl Salicylate + Menthol + Camphor","Others","Iodex","Abbott India",78,51.7,66.3,"Piece"
"Betnovate-N Inhaler (Batch 5)","Betamethasone + Neomycin","Others","Betnovate","Sun Pharmaceutical Industries",46,30.5,39.1,"Piece"
"Betnovate-C Inhaler (Batch 5)","Betamethasone + Clioquinol","Others","Betnovate","Cipla Ltd",62,41.1,52.7,"Piece"
"Betnovate-GM Inhaler (Batch 5)","Betamethasone + Gentamicin + Miconazole","Others","Betnovate","Lupin Ltd",64,42.4,54.4,"Piece"
"Quadriderm RF Inhaler (Batch 5)","Beclomethasone + Clotrimazole + Neomycin","Others","Quadriderm","Mankind Pharma",80,53,68,"Piece"
"Panderm Super Respules (Batch 5)","Clobetasol + Neomycin + Miconazole","Others","Panderm","Torrent Pharmaceuticals",73,48.4,62.1,"Piece"
"Tenovate Cream Respules (Batch 5)","Clobetasol Propionate","Others","Tenovate","Dr. Reddy s Laboratories",71,47.1,60.4,"Piece"
"Ciplox Eye/Ear Drops Respules (Batch 5)","Ciprofloxacin Eye Drops","Drops","Ciplox","Alkem Laboratories",29,19.3,24.7,"Piece"
"Moxicip Eye Drops Respules (Batch 5)","Moxifloxacin Eye Drops","Drops","Moxicip","Glenmark Pharmaceuticals",62,41.1,52.7,"Piece"
"Otrivin Nasal Spray Respules (Batch 5)","Xylometazoline Hydrochloride","Drops","Otrivin","Cadila Pharmaceuticals",65,43.1,55.3,"Piece"
"Nasoclear Drops Respules (Batch 5)","Sodium Chloride Nasal Solution","Drops","Nasoclear","Zydus Lifesciences",48,31.8,40.8,"Piece"
"Calpol DSR (Batch 6)","Paracetamol","Tablets","Calpol","Sanofi India",21,13.9,17.8,"Strip"
"Crocin Advance 300mg (Batch 6)","Paracetamol","Tablets","Crocin","USV Private Ltd",16,10.6,13.6,"Strip"
"Dolo 40mg (Batch 6)","Paracetamol","Tablets","Dolo","Pfizer India",22,14.6,18.7,"Strip"
"Pacimol XL (Batch 6)","Paracetamol","Tablets","Pacimol","Micro Labs Ltd",15,10,12.8,"Strip"
"Sumo L 400mg (Batch 6)","Paracetamol","Tablets","Sumo","Blue Cross Laboratories",25,16.6,21.3,"Strip"
"Combiflam 50mg (Batch 6)","Ibuprofen + Paracetamol","Tablets","Combiflam","Aristo Pharmaceuticals",31,20.6,26.4,"Strip"
"Flexon Duo (Batch 6)","Ibuprofen + Paracetamol","Tablets","Flexon","FDC Ltd",29,19.3,24.7,"Strip"
"Ibugesic Plus 500mg (Batch 6)","Ibuprofen + Paracetamol","Tablets","Ibugesic","J.B. Chemicals & Pharmaceuticals",25,16.6,21.3,"Strip"
"Acecloc 75mg (Batch 6)","Aceclofenac + Paracetamol","Tablets","Acecloc","Wockhardt Ltd",55,36.5,46.8,"Strip"
"Zerodol-P Kid (Batch 6)","Aceclofenac + Paracetamol","Tablets","Zerodol","Apex Laboratories",83,55.1,70.6,"Strip"
"Hifenac-P 600mg (Batch 6)","Aceclofenac + Paracetamol","Tablets","Hifenac","Intas Pharmaceuticals",66,43.8,56.1,"Strip"
"Zerodol-SP 80mg (Batch 6)","Aceclofenac + Paracetamol + Serratiopeptidase","Tablets","Zerodol","Macleods Pharmaceuticals",99,65.6,84.1,"Strip"
"Meftal-Spas Plus (Batch 6)","Mefenamic Acid + Dicyclomine","Tablets","Meftal","Hetero Healthcare",37,24.6,31.5,"Strip"
"Cyclopam 625mg (Batch 6)","Dicyclomine + Paracetamol","Tablets","Cyclopam","Biocon Ltd",48,31.8,40.8,"Strip"
"Ultracet 100mg (Batch 6)","Tramadol + Paracetamol","Tablets","Ultracet","AstraZeneca India",198,131.3,168.3,"Strip"
"Tramazac Forte (Batch 6)","Tramadol","Capsules","Tramazac","Bayer India",81,53.7,68.9,"Strip"
"Nise 650mg (Batch 6)","Nimesulide","Tablets","Nise","IPCA Laboratories",84,55.7,71.4,"Strip"
"Nimulid 150mg (Batch 6)","Nimesulide","Tablets","Nimulid","Alembic Pharmaceuticals",62,41.1,52.7,"Strip"
"Amox 5mg (Batch 6)","Amoxicillin","Capsules","Amox","GSK Pharma",55,36.5,46.8,"Strip"
"Amoxil 1g (Batch 6)","Amoxicillin","Capsules","Amoxil","Abbott India",53,35.2,45.1,"Strip"
"Mox 200mg (Batch 6)","Amoxicillin","Capsules","Mox","Sun Pharmaceutical Industries",64,42.4,54.4,"Strip"
"Novamox 10mg (Batch 6)","Amoxicillin","Capsules","Novamox","Cipla Ltd",69,45.8,58.7,"Strip"
"Clavam SR (Batch 6)","Amoxicillin + Potassium Clavulanate","Tablets","Clavam","Lupin Ltd",172,114,146.2,"Strip"
"Augmentin 250mg (Batch 6)","Amoxicillin + Potassium Clavulanate","Tablets","Augmentin","Mankind Pharma",135,89.5,114.8,"Strip"
"Moxikind-CV 20mg (Batch 6)","Amoxicillin + Potassium Clavulanate","Tablets","Moxikind","Torrent Pharmaceuticals",188,124.6,159.8,"Strip"
"Advent DSR (Batch 6)","Amoxicillin + Potassium Clavulanate","Tablets","Advent","Dr. Reddy s Laboratories",126,83.5,107.1,"Strip"
"Azee 300mg (Batch 6)","Azithromycin","Tablets","Azee","Alkem Laboratories",74,49.1,62.9,"Strip"
"Azithral 40mg (Batch 6)","Azithromycin","Tablets","Azithral","Glenmark Pharmaceuticals",87,57.7,74,"Strip"
"Azax XL (Batch 6)","Azithromycin","Tablets","Azax","Cadila Pharmaceuticals",125,82.9,106.3,"Strip"
"Zifi 400mg (Batch 6)","Cefixime","Tablets","Zifi","Zydus Lifesciences",143,94.8,121.6,"Strip"
"Taxim-O 50mg (Batch 6)","Cefixime","Tablets","Taxim-O","Sanofi India",96,63.6,81.6,"Strip"
"Cefolac Duo (Batch 6)","Cefixime","Tablets","Cefolac","USV Private Ltd",109,72.2,92.6,"Strip"
"Milixim 500mg (Batch 6)","Cefixime","Tablets","Milixim","Pfizer India",104,69,88.4,"Strip"
"Gepod 75mg (Batch 6)","Cefpodoxime Proxetil","Tablets","Gepod","Micro Labs Ltd",145,96.2,123.3,"Strip"
"Monocef-O Kid (Batch 6)","Cefpodoxime Proxetil","Tablets","Monocef-O","Blue Cross Laboratories",148,98.1,125.8,"Strip"
"Macpod 600mg (Batch 6)","Cefpodoxime Proxetil","Tablets","Macpod","Aristo Pharmaceuticals",111,73.6,94.4,"Strip"
"Oflomac 80mg (Batch 6)","Ofloxacin","Tablets","Oflomac","FDC Ltd",54,35.8,45.9,"Strip"
"Oframax Plus (Batch 6)","Ofloxacin","Tablets","Oframax","J.B. Chemicals & Pharmaceuticals",67,44.5,57,"Strip"
"Oflotas 625mg (Batch 6)","Ofloxacin","Tablets","Oflotas","Wockhardt Ltd",63,41.8,53.6,"Strip"
"Oflomac-OZ 100mg (Batch 6)","Ofloxacin + Ornidazole","Tablets","Oflomac","Apex Laboratories",108,71.6,91.8,"Strip"
"Zenflox-OZ Forte (Batch 6)","Ofloxacin + Ornidazole","Tablets","Zenflox","Intas Pharmaceuticals",111,73.6,94.4,"Strip"
"Norflox 650mg (Batch 6)","Norfloxacin","Tablets","Norflox","Macleods Pharmaceuticals",79,52.3,67.1,"Strip"
"Norflox-TZ 150mg (Batch 6)","Norfloxacin + Tinidazole","Tablets","Norflox","Hetero Healthcare",112,74.3,95.2,"Strip"
"Ciplox 5mg (Batch 6)","Ciprofloxacin","Tablets","Ciplox","Biocon Ltd",50,33.2,42.5,"Strip"
"Ciprobid 1g (Batch 6)","Ciprofloxacin","Tablets","Ciprobid","AstraZeneca India",34,22.5,28.9,"Strip"
"Atorva 200mg (Batch 6)","Atorvastatin","Tablets","Atorva","Bayer India",96,63.6,81.6,"Strip"
"Lipitor 10mg (Batch 6)","Atorvastatin","Tablets","Lipitor","IPCA Laboratories",214,141.9,181.9,"Strip"
"Lipikind SR (Batch 6)","Atorvastatin","Tablets","Lipikind","Alembic Pharmaceuticals",112,74.3,95.2,"Strip"
"Tonact 250mg (Batch 6)","Atorvastatin","Tablets","Tonact","GSK Pharma",150,99.5,127.5,"Strip"
"Rosuvas 20mg (Batch 6)","Rosuvastatin","Tablets","Rosuvas","Abbott India",123,81.6,104.6,"Strip"
"Rosyn DSR (Batch 6)","Rosuvastatin","Tablets","Rosyn","Sun Pharmaceutical Industries",186,123.3,158.1,"Strip"
"Roseday 300mg (Batch 6)","Rosuvastatin","Tablets","Roseday","Cipla Ltd",249,165.1,211.7,"Strip"
"Crevast 40mg (Batch 6)","Rosuvastatin","Tablets","Crevast","Lupin Ltd",217,143.9,184.5,"Strip"
"Telma XL (Batch 6)","Telmisartan","Tablets","Telma","Mankind Pharma",100,66.3,85,"Strip"
"Telvas 400mg (Batch 6)","Telmisartan","Tablets","Telvas","Torrent Pharmaceuticals",56,37.1,47.6,"Strip"
"Telsar 50mg (Batch 6)","Telmisartan","Tablets","Telsar","Dr. Reddy s Laboratories",61,40.5,51.9,"Strip"
"Telma-H Duo (Batch 6)","Telmisartan + Hydrochlorothiazide","Tablets","Telma","Alkem Laboratories",139,92.2,118.2,"Strip"
"Telvas-H 500mg (Batch 6)","Telmisartan + Hydrochlorothiazide","Tablets","Telvas","Glenmark Pharmaceuticals",62,41.1,52.7,"Strip"
"Amlokind 75mg (Batch 6)","Amlodipine","Tablets","Amlokind","Cadila Pharmaceuticals",32,21.2,27.2,"Strip"
"Amlosafe Kid (Batch 6)","Amlodipine","Tablets","Amlosafe","Zydus Lifesciences",38,25.2,32.3,"Strip"
"Amlovas 600mg (Batch 6)","Amlodipine","Tablets","Amlovas","Sanofi India",24,15.9,20.4,"Strip"
"Cilacar 80mg (Batch 6)","Cilnidipine","Tablets","Cilacar","USV Private Ltd",79,52.3,67.1,"Strip"
"Cilnidac Plus (Batch 6)","Cilnidipine","Tablets","Cilnidac","Pfizer India",82,54.4,69.7,"Strip"
"Concor 625mg (Batch 6)","Bisoprolol Fumarate","Tablets","Concor","Micro Labs Ltd",105,69.7,89.3,"Strip"
"Starpress 100mg (Batch 6)","Metoprolol Succinate","Tablets","Starpress","Blue Cross Laboratories",103,68.3,87.6,"Strip"
"Metolar Forte (Batch 6)","Metoprolol Tartrate","Tablets","Metolar","Aristo Pharmaceuticals",106,70.3,90.1,"Strip"
"Glycomet 650mg (Batch 6)","Metformin Hydrochloride","Tablets","Glycomet","FDC Ltd",19,12.6,16.2,"Strip"
"Metformin SR 150mg (Batch 6)","Metformin Hydrochloride","Tablets","Metformin","J.B. Chemicals & Pharmaceuticals",24,15.9,20.4,"Strip"
"Glycomet GP 5mg (Batch 6)","Glimepiride + Metformin","Tablets","Glycomet GP","Wockhardt Ltd",70,46.4,59.5,"Strip"
"Amaryl M 1g (Batch 6)","Glimepiride + Metformin","Tablets","Amaryl","Apex Laboratories",143,94.8,121.6,"Strip"
"Glimisave M 200mg (Batch 6)","Glimepiride + Metformin","Tablets","Glimisave","Intas Pharmaceuticals",81,53.7,68.9,"Strip"
"Jalra-M 10mg (Batch 6)","Vildagliptin + Metformin","Tablets","Jalra-M","Macleods Pharmaceuticals",309,204.9,262.7,"Strip"
"Galvus Met SR (Batch 6)","Vildagliptin + Metformin","Tablets","Galvus","Hetero Healthcare",372,246.6,316.2,"Strip"
"Ziten M 250mg (Batch 6)","Teneligliptin + Metformin","Tablets","Ziten","Biocon Ltd",185,122.7,157.3,"Strip"
"Dynaglipt M 20mg (Batch 6)","Teneligliptin + Metformin","Tablets","Dynaglipt","AstraZeneca India",113,75,96.1,"Strip"
"Voglistar DSR (Batch 6)","Voglibose","Tablets","Voglistar","Bayer India",61,40.5,51.9,"Strip"
"Volibo 300mg (Batch 6)","Voglibose","Tablets","Volibo","IPCA Laboratories",84,55.7,71.4,"Strip"
"Pantocid 40mg (Batch 6)","Pantoprazole","Tablets","Pantocid","Alembic Pharmaceuticals",97,64.4,82.5,"Strip"
"Pan XL (Batch 6)","Pantoprazole","Tablets","Pan","GSK Pharma",70,46.4,59.5,"Strip"
"Pantodac 400mg (Batch 6)","Pantoprazole","Tablets","Pantodac","Abbott India",148,98.1,125.8,"Strip"
"Pan-D 50mg (Batch 6)","Pantoprazole + Domperidone","Capsules","Pan-D","Sun Pharmaceutical Industries",136,90.2,115.6,"Strip"
"Pantocid-DSR Duo (Batch 6)","Pantoprazole + Domperidone","Capsules","Pantocid","Cipla Ltd",159,105.5,135.2,"Strip"
"Pantosec-DSR 500mg (Batch 6)","Pantoprazole + Domperidone","Capsules","Pantosec","Lupin Ltd",207,137.3,176,"Strip"
"Omez 75mg (Batch 6)","Omeprazole","Capsules","Omez","Mankind Pharma",75,49.8,63.8,"Strip"
"Omecip Kid (Batch 6)","Omeprazole","Capsules","Omecip","Torrent Pharmaceuticals",28,18.6,23.8,"Strip"
"Omez-D 600mg (Batch 6)","Omeprazole + Domperidone","Capsules","Omez","Dr. Reddy s Laboratories",96,63.6,81.6,"Strip"
"Rabicip 80mg (Batch 6)","Rabeprazole","Tablets","Rabicip","Alkem Laboratories",69,45.8,58.7,"Strip"
"Rabeloc Plus (Batch 6)","Rabeprazole","Tablets","Rabeloc","Glenmark Pharmaceuticals",67,44.5,57,"Strip"
"Rabicip-DSR 625mg (Batch 6)","Rabeprazole + Domperidone","Capsules","Rabicip","Cadila Pharmaceuticals",165,109.4,140.3,"Strip"
"Razo-DSR 100mg (Batch 6)","Rabeprazole + Domperidone","Capsules","Razo","Zydus Lifesciences",123,81.6,104.6,"Strip"
"Sompraz Forte (Batch 6)","Esomeprazole","Tablets","Sompraz","Sanofi India",161,106.8,136.9,"Strip"
"Nexpro 650mg (Batch 6)","Esomeprazole","Tablets","Nexpro","USV Private Ltd",109,72.2,92.6,"Strip"
"Sompraz-DSR 150mg (Batch 6)","Esomeprazole + Domperidone","Capsules","Sompraz","Pfizer India",167,110.8,142,"Strip"
"Nexpro-RD 5mg (Batch 6)","Esomeprazole + Domperidone","Capsules","Nexpro","Micro Labs Ltd",160,106.1,136,"Strip"
"Aciloc 1g (Batch 6)","Ranitidine","Tablets","Aciloc","Blue Cross Laboratories",40,26.5,34,"Strip"
"Rantac 200mg (Batch 6)","Ranitidine","Tablets","Rantac","Aristo Pharmaceuticals",44,29.2,37.4,"Strip"
"Zinetac 10mg (Batch 6)","Ranitidine","Tablets","Zinetac","FDC Ltd",16,10.6,13.6,"Strip"
"Okacet SR (Batch 6)","Cetirizine","Tablets","Okacet","J.B. Chemicals & Pharmaceuticals",17,11.3,14.5,"Strip"
"Cetcip 250mg (Batch 6)","Cetirizine","Tablets","Cetcip","Wockhardt Ltd",26,17.2,22.1,"Strip"
"Alerid 20mg (Batch 6)","Cetirizine","Tablets","Alerid","Apex Laboratories",29,19.3,24.7,"Strip"
"Teczine DSR (Batch 6)","Levocetirizine","Tablets","Teczine","Intas Pharmaceuticals",66,43.8,56.1,"Strip"
"Lecope 300mg (Batch 6)","Levocetirizine","Tablets","Lecope","Macleods Pharmaceuticals",47,31.1,39.9,"Strip"
"Sizloc 40mg (Batch 6)","Levocetirizine","Tablets","Sizloc","Hetero Healthcare",54,35.8,45.9,"Strip"
"Montair-LC XL (Batch 6)","Montelukast + Levocetirizine","Tablets","Montair","Biocon Ltd",195,129.3,165.8,"Strip"
"Telekast-L 400mg (Batch 6)","Montelukast + Levocetirizine","Tablets","Telekast","AstraZeneca India",178,118,151.3,"Strip"
"Montemac-L 50mg (Batch 6)","Montelukast + Levocetirizine","Tablets","Montemac","Bayer India",141,93.5,119.9,"Strip"
"Montek-LC Duo (Batch 6)","Montelukast + Levocetirizine","Tablets","Montek","IPCA Laboratories",204,135.3,173.4,"Strip"
"Allegra 500mg (Batch 6)","Fexofenadine Hydrochloride","Tablets","Allegra","Alembic Pharmaceuticals",127,84.2,108,"Strip"
"Fexo 75mg (Batch 6)","Fexofenadine Hydrochloride","Tablets","Fexo","GSK Pharma",70,46.4,59.5,"Strip"
"Fexigra Kid (Batch 6)","Fexofenadine Hydrochloride","Tablets","Fexigra","Abbott India",133,88.2,113.1,"Strip"
"Avil 600mg (Batch 6)","Pheniramine Maleate","Tablets","Avil","Sun Pharmaceutical Industries",14,9.3,11.9,"Strip"
"Atarax 80mg (Batch 6)","Hydroxyzine Hydrochloride","Tablets","Atarax","Cipla Ltd",59,39.2,50.2,"Strip"
"Becosules Plus (Batch 6)","Vitamin B Complex + Vitamin C","Capsules","Becosules","Lupin Ltd",47,31.1,39.9,"Strip"
"Cobadex Forte 625mg (Batch 6)","Vitamin B Complex + Zinc","Capsules","Cobadex","Mankind Pharma",37,24.6,31.5,"Strip"
"Zincovit 100mg (Batch 6)","Multivitamin + Multimineral","Tablets","Zincovit","Torrent Pharmaceuticals",123,81.6,104.6,"Strip"
"Revital H Forte (Batch 6)","Multivitamins + Minerals + Ginseng","Capsules","Revital","Dr. Reddy s Laboratories",241,159.8,204.9,"Strip"
"Limcee Orange 650mg (Batch 6)","Vitamin C (Ascorbic Acid)","Tablets","Limcee","Alkem Laboratories",29,19.3,24.7,"Strip"
"Celin chewable 150mg (Batch 6)","Vitamin C (Ascorbic Acid)","Tablets","Celin","Glenmark Pharmaceuticals",30,19.9,25.5,"Strip"
"Shelcal 5mg (Batch 6)","Calcium + Vitamin D3","Tablets","Shelcal","Cadila Pharmaceuticals",130,86.2,110.5,"Strip"
"Cipcal 1g (Batch 6)","Calcium + Vitamin D3","Tablets","Cipcal","Zydus Lifesciences",123,81.6,104.6,"Strip"
"Calcirol Sachet 200mg (Batch 6)","Cholecalciferol (Vitamin D3)","Others","Calcirol","Sanofi India",31,20.6,26.4,"Sachet"
"D3-Must 10mg (Batch 6)","Cholecalciferol (Vitamin D3)","Capsules","D3-Must","USV Private Ltd",38,25.2,32.3,"Strip"
"Evion SR (Batch 6)","Vitamin E","Capsules","Evion","Pfizer India",37,24.6,31.5,"Strip"
"Neurobion Forte 250mg (Batch 6)","Vitamin B Complex + Methylcobalamin","Tablets","Neurobion","Micro Labs Ltd",30,19.9,25.5,"Strip"
"Mecobon 20mg (Batch 6)","Methylcobalamin","Tablets","Mecobon","Blue Cross Laboratories",128,84.9,108.8,"Strip"
"Asthalin Inhaler (Batch 6)","Salbutamol","Inhalers","Asthalin","Aristo Pharmaceuticals",141,93.5,119.9,"Piece"
"Duolin Respules (Batch 6)","Levosalbutamol + Ipratropium Bromide","Inhalers","Duolin","FDC Ltd",264,175,224.4,"Piece"
"Budecort Respules (Batch 6)","Budesonide","Inhalers","Budecort","J.B. Chemicals & Pharmaceuticals",217,143.9,184.5,"Piece"
"Foracort Respules (Batch 6)","Budesonide + Formoterol Fumarate","Inhalers","Foracort","Wockhardt Ltd",300,198.9,255,"Piece"
"Benadryl Syrup 60ml Syrup (Batch 6)","Diphenhydramine + Ammonium Chloride + Sodium Citrate","Syrups","Benadryl","Apex Laboratories",88,58.3,74.8,"Bottle"
"Ascoril LS Syrup 100ml Syrup (Batch 6)","Ambroxol + Levosalbutamol + Guaiphenesin","Syrups","Ascoril","Intas Pharmaceuticals",96,63.6,81.6,"Bottle"
"Grilinctus Syrup 60ml Syrup (Batch 6)","Dextromethorphan + Chlorpheniramine","Syrups","Grilinctus","Macleods Pharmaceuticals",114,75.6,96.9,"Bottle"
"Corex DX Syrup 100ml Syrup (Batch 6)","Chlorpheniramine + Dextromethorphan","Syrups","Corex","Hetero Healthcare",132,87.5,112.2,"Bottle"
"Solvin Cold Syrup 60ml Syrup (Batch 6)","Paracetamol + Phenylephrine + Chlorpheniramine","Syrups","Solvin","Biocon Ltd",65,43.1,55.3,"Bottle"
"Volini Gel Inhaler (Batch 6)","Diclofenac + Methyl Salicylate + Menthol","Others","Volini","AstraZeneca India",53,35.2,45.1,"Piece"
"Moov Gel Respules (Batch 6)","Oil of Wintergreen + Menthol + Turpentine Oil","Others","Moov","Bayer India",71,47.1,60.4,"Piece"
"Iodex Balm Respules (Batch 6)","Methyl Salicylate + Menthol + Camphor","Others","Iodex","IPCA Laboratories",69,45.8,58.7,"Piece"
"Betnovate-N Respules (Batch 6)","Betamethasone + Neomycin","Others","Betnovate","Alembic Pharmaceuticals",57,37.8,48.4,"Piece"
"Betnovate-C Respules (Batch 6)","Betamethasone + Clioquinol","Others","Betnovate","GSK Pharma",48,31.8,40.8,"Piece"
"Betnovate-GM Respules (Batch 6)","Betamethasone + Gentamicin + Miconazole","Others","Betnovate","Abbott India",55,36.5,46.8,"Piece"
"Quadriderm RF Inhaler (Batch 6)","Beclomethasone + Clotrimazole + Neomycin","Others","Quadriderm","Sun Pharmaceutical Industries",71,47.1,60.4,"Piece"
"Panderm Super Respules (Batch 6)","Clobetasol + Neomycin + Miconazole","Others","Panderm","Cipla Ltd",94,62.3,79.9,"Piece"
"Tenovate Cream Inhaler (Batch 6)","Clobetasol Propionate","Others","Tenovate","Lupin Ltd",57,37.8,48.4,"Piece"
"Ciplox Eye/Ear Drops Respules (Batch 6)","Ciprofloxacin Eye Drops","Drops","Ciplox","Mankind Pharma",20,13.3,17,"Piece"
"Moxicip Eye Drops Respules (Batch 6)","Moxifloxacin Eye Drops","Drops","Moxicip","Torrent Pharmaceuticals",48,31.8,40.8,"Piece"
"Otrivin Nasal Spray Respules (Batch 6)","Xylometazoline Hydrochloride","Drops","Otrivin","Dr. Reddy s Laboratories",96,63.6,81.6,"Piece"
"Nasoclear Drops Inhaler (Batch 6)","Sodium Chloride Nasal Solution","Drops","Nasoclear","Alkem Laboratories",39,25.9,33.2,"Piece"
"Calpol SR (Batch 7)","Paracetamol","Tablets","Calpol","Glenmark Pharmaceuticals",32,21.2,27.2,"Strip"
"Crocin Advance 250mg (Batch 7)","Paracetamol","Tablets","Crocin","Cadila Pharmaceuticals",22,14.6,18.7,"Strip"
"Dolo 20mg (Batch 7)","Paracetamol","Tablets","Dolo","Zydus Lifesciences",28,18.6,23.8,"Strip"
"Pacimol DSR (Batch 7)","Paracetamol","Tablets","Pacimol","Sanofi India",16,10.6,13.6,"Strip"
"Sumo L 300mg (Batch 7)","Paracetamol","Tablets","Sumo","USV Private Ltd",16,10.6,13.6,"Strip"
"Combiflam 40mg (Batch 7)","Ibuprofen + Paracetamol","Tablets","Combiflam","Pfizer India",42,27.8,35.7,"Strip"
"Flexon XL (Batch 7)","Ibuprofen + Paracetamol","Tablets","Flexon","Micro Labs Ltd",20,13.3,17,"Strip"
"Ibugesic Plus 400mg (Batch 7)","Ibuprofen + Paracetamol","Tablets","Ibugesic","Blue Cross Laboratories",31,20.6,26.4,"Strip"
"Acecloc 50mg (Batch 7)","Aceclofenac + Paracetamol","Tablets","Acecloc","Aristo Pharmaceuticals",46,30.5,39.1,"Strip"
"Zerodol-P Duo (Batch 7)","Aceclofenac + Paracetamol","Tablets","Zerodol","FDC Ltd",74,49.1,62.9,"Strip"
"Hifenac-P 500mg (Batch 7)","Aceclofenac + Paracetamol","Tablets","Hifenac","J.B. Chemicals & Pharmaceuticals",87,57.7,74,"Strip"
"Zerodol-SP 75mg (Batch 7)","Aceclofenac + Paracetamol + Serratiopeptidase","Tablets","Zerodol","Wockhardt Ltd",110,72.9,93.5,"Strip"
"Meftal-Spas Kid (Batch 7)","Mefenamic Acid + Dicyclomine","Tablets","Meftal","Apex Laboratories",48,31.8,40.8,"Strip"
"Cyclopam 600mg (Batch 7)","Dicyclomine + Paracetamol","Tablets","Cyclopam","Intas Pharmaceuticals",59,39.2,50.2,"Strip"
"Ultracet 80mg (Batch 7)","Tramadol + Paracetamol","Tablets","Ultracet","Macleods Pharmaceuticals",219,145.2,186.2,"Strip"
"Tramazac Plus (Batch 7)","Tramadol","Capsules","Tramazac","Hetero Healthcare",92,61,78.2,"Strip"
"Nise 625mg (Batch 7)","Nimesulide","Tablets","Nise","Biocon Ltd",105,69.7,89.3,"Strip"
"Nimulid 100mg (Batch 7)","Nimesulide","Tablets","Nimulid","AstraZeneca India",93,61.7,79.1,"Strip"
"Amox Forte (Batch 7)","Amoxicillin","Capsules","Amox","Bayer India",46,30.5,39.1,"Strip"
"Amoxil 650mg (Batch 7)","Amoxicillin","Capsules","Amoxil","IPCA Laboratories",64,42.4,54.4,"Strip"
"Mox 150mg (Batch 7)","Amoxicillin","Capsules","Mox","Alembic Pharmaceuticals",40,26.5,34,"Strip"
"Novamox 5mg (Batch 7)","Amoxicillin","Capsules","Novamox","GSK Pharma",60,39.8,51,"Strip"
"Clavam 1g (Batch 7)","Amoxicillin + Potassium Clavulanate","Tablets","Clavam","Abbott India",183,121.3,155.5,"Strip"
"Augmentin 200mg (Batch 7)","Amoxicillin + Potassium Clavulanate","Tablets","Augmentin","Sun Pharmaceutical Industries",246,163.1,209.1,"Strip"
"Moxikind-CV 10mg (Batch 7)","Amoxicillin + Potassium Clavulanate","Tablets","Moxikind","Cipla Ltd",119,78.9,101.1,"Strip"
"Advent SR (Batch 7)","Amoxicillin + Potassium Clavulanate","Tablets","Advent","Lupin Ltd",137,90.9,116.5,"Strip"
"Azee 250mg (Batch 7)","Azithromycin","Tablets","Azee","Mankind Pharma",95,63,80.8,"Strip"
"Azithral 20mg (Batch 7)","Azithromycin","Tablets","Azithral","Torrent Pharmaceuticals",98,65,83.3,"Strip"
"Azax DSR (Batch 7)","Azithromycin","Tablets","Azax","Dr. Reddy s Laboratories",116,76.9,98.6,"Strip"
"Zifi 300mg (Batch 7)","Cefixime","Tablets","Zifi","Alkem Laboratories",104,69,88.4,"Strip"
"Taxim-O 40mg (Batch 7)","Cefixime","Tablets","Taxim-O","Glenmark Pharmaceuticals",87,57.7,74,"Strip"
"Cefolac XL (Batch 7)","Cefixime","Tablets","Cefolac","Cadila Pharmaceuticals",130,86.2,110.5,"Strip"
"Milixim 400mg (Batch 7)","Cefixime","Tablets","Milixim","Zydus Lifesciences",140,92.8,119,"Strip"
"Gepod 50mg (Batch 7)","Cefpodoxime Proxetil","Tablets","Gepod","Sanofi India",136,90.2,115.6,"Strip"
"Monocef-O Duo (Batch 7)","Cefpodoxime Proxetil","Tablets","Monocef-O","USV Private Ltd",169,112.1,143.7,"Strip"
"Macpod 500mg (Batch 7)","Cefpodoxime Proxetil","Tablets","Macpod","Pfizer India",182,120.7,154.7,"Strip"
"Oflomac 75mg (Batch 7)","Ofloxacin","Tablets","Oflomac","Micro Labs Ltd",45,29.9,38.3,"Strip"
"Oframax Kid (Batch 7)","Ofloxacin","Tablets","Oframax","Blue Cross Laboratories",88,58.3,74.8,"Strip"
"Oflotas 600mg (Batch 7)","Ofloxacin","Tablets","Oflotas","Aristo Pharmaceuticals",49,32.5,41.7,"Strip"
"Oflomac-OZ 80mg (Batch 7)","Ofloxacin + Ornidazole","Tablets","Oflomac","FDC Ltd",99,65.6,84.1,"Strip"
"Zenflox-OZ Plus (Batch 7)","Ofloxacin + Ornidazole","Tablets","Zenflox","J.B. Chemicals & Pharmaceuticals",137,90.9,116.5,"Strip"
"Norflox 625mg (Batch 7)","Norfloxacin","Tablets","Norflox","Wockhardt Ltd",65,43.1,55.3,"Strip"
"Norflox-TZ 100mg (Batch 7)","Norfloxacin + Tinidazole","Tablets","Norflox","Apex Laboratories",88,58.3,74.8,"Strip"
"Ciplox Forte (Batch 7)","Ciprofloxacin","Tablets","Ciplox","Intas Pharmaceuticals",41,27.2,34.9,"Strip"
"Ciprobid 650mg (Batch 7)","Ciprofloxacin","Tablets","Ciprobid","Macleods Pharmaceuticals",57,37.8,48.4,"Strip"
"Atorva 150mg (Batch 7)","Atorvastatin","Tablets","Atorva","Hetero Healthcare",87,57.7,74,"Strip"
"Lipitor 5mg (Batch 7)","Atorvastatin","Tablets","Lipitor","Biocon Ltd",375,248.7,318.8,"Strip"
"Lipikind 1g (Batch 7)","Atorvastatin","Tablets","Lipikind","AstraZeneca India",103,68.3,87.6,"Strip"
"Tonact 200mg (Batch 7)","Atorvastatin","Tablets","Tonact","Bayer India",81,53.7,68.9,"Strip"
"Rosuvas 10mg (Batch 7)","Rosuvastatin","Tablets","Rosuvas","IPCA Laboratories",234,155.1,198.9,"Strip"
"Rosyn SR (Batch 7)","Rosuvastatin","Tablets","Rosyn","Alembic Pharmaceuticals",147,97.5,125,"Strip"
"Roseday 250mg (Batch 7)","Rosuvastatin","Tablets","Roseday","GSK Pharma",260,172.4,221,"Strip"
"Crevast 20mg (Batch 7)","Rosuvastatin","Tablets","Crevast","Abbott India",208,137.9,176.8,"Strip"
"Telma DSR (Batch 7)","Telmisartan","Tablets","Telma","Sun Pharmaceutical Industries",141,93.5,119.9,"Strip"
"Telvas 300mg (Batch 7)","Telmisartan","Tablets","Telvas","Cipla Ltd",77,51.1,65.5,"Strip"
"Telsar 40mg (Batch 7)","Telmisartan","Tablets","Telsar","Lupin Ltd",72,47.7,61.2,"Strip"
"Telma-H XL (Batch 7)","Telmisartan + Hydrochlorothiazide","Tablets","Telma","Mankind Pharma",130,86.2,110.5,"Strip"
"Telvas-H 400mg (Batch 7)","Telmisartan + Hydrochlorothiazide","Tablets","Telvas","Torrent Pharmaceuticals",73,48.4,62.1,"Strip"
"Amlokind 50mg (Batch 7)","Amlodipine","Tablets","Amlokind","Dr. Reddy s Laboratories",18,11.9,15.3,"Strip"
"Amlosafe Duo (Batch 7)","Amlodipine","Tablets","Amlosafe","Alkem Laboratories",29,19.3,24.7,"Strip"
"Amlovas 500mg (Batch 7)","Amlodipine","Tablets","Amlovas","Glenmark Pharmaceuticals",31,20.6,26.4,"Strip"
"Cilacar 75mg (Batch 7)","Cilnidipine","Tablets","Cilacar","Cadila Pharmaceuticals",100,66.3,85,"Strip"
"Cilnidac Kid (Batch 7)","Cilnidipine","Tablets","Cilnidac","Zydus Lifesciences",73,48.4,62.1,"Strip"
"Concor 600mg (Batch 7)","Bisoprolol Fumarate","Tablets","Concor","Sanofi India",96,63.6,81.6,"Strip"
"Starpress 80mg (Batch 7)","Metoprolol Succinate","Tablets","Starpress","USV Private Ltd",124,82.2,105.4,"Strip"
"Metolar Plus (Batch 7)","Metoprolol Tartrate","Tablets","Metolar","Pfizer India",97,64.4,82.5,"Strip"
"Glycomet 625mg (Batch 7)","Metformin Hydrochloride","Tablets","Glycomet","Micro Labs Ltd",40,26.5,34,"Strip"
"Metformin SR 100mg (Batch 7)","Metformin Hydrochloride","Tablets","Metformin","Blue Cross Laboratories",35,23.2,29.8,"Strip"
"Glycomet GP Forte (Batch 7)","Glimepiride + Metformin","Tablets","Glycomet GP","Aristo Pharmaceuticals",111,73.6,94.4,"Strip"
"Amaryl M 650mg (Batch 7)","Glimepiride + Metformin","Tablets","Amaryl","FDC Ltd",104,69,88.4,"Strip"
"Glimisave M 150mg (Batch 7)","Glimepiride + Metformin","Tablets","Glimisave","J.B. Chemicals & Pharmaceuticals",102,67.6,86.7,"Strip"
"Jalra-M 5mg (Batch 7)","Vildagliptin + Metformin","Tablets","Jalra-M","Wockhardt Ltd",240,159.1,204,"Strip"
"Galvus Met 1g (Batch 7)","Vildagliptin + Metformin","Tablets","Galvus","Apex Laboratories",283,187.7,240.6,"Strip"
"Ziten M 200mg (Batch 7)","Teneligliptin + Metformin","Tablets","Ziten","Intas Pharmaceuticals",116,76.9,98.6,"Strip"
"Dynaglipt M 10mg (Batch 7)","Teneligliptin + Metformin","Tablets","Dynaglipt","Macleods Pharmaceuticals",124,82.2,105.4,"Strip"
"Voglistar SR (Batch 7)","Voglibose","Tablets","Voglistar","Hetero Healthcare",52,34.5,44.2,"Strip"
"Volibo 250mg (Batch 7)","Voglibose","Tablets","Volibo","Biocon Ltd",45,29.9,38.3,"Strip"
"Pantocid 20mg (Batch 7)","Pantoprazole","Tablets","Pantocid","AstraZeneca India",138,91.5,117.3,"Strip"
"Pan DSR (Batch 7)","Pantoprazole","Tablets","Pan","Bayer India",181,120,153.9,"Strip"
"Pantodac 300mg (Batch 7)","Pantoprazole","Tablets","Pantodac","IPCA Laboratories",59,39.2,50.2,"Strip"
"Pan-D 40mg (Batch 7)","Pantoprazole + Domperidone","Capsules","Pan-D","Alembic Pharmaceuticals",127,84.2,108,"Strip"
"Pantocid-DSR XL (Batch 7)","Pantoprazole + Domperidone","Capsules","Pantocid","GSK Pharma",120,79.6,102,"Strip"
"Pantosec-DSR 400mg (Batch 7)","Pantoprazole + Domperidone","Capsules","Pantosec","Abbott India",138,91.5,117.3,"Strip"
"Omez 50mg (Batch 7)","Omeprazole","Capsules","Omez","Sun Pharmaceutical Industries",36,23.9,30.6,"Strip"
"Omecip Duo (Batch 7)","Omeprazole","Capsules","Omecip","Cipla Ltd",49,32.5,41.7,"Strip"
"Omez-D 500mg (Batch 7)","Omeprazole + Domperidone","Capsules","Omez","Lupin Ltd",117,77.6,99.5,"Strip"
"Rabicip 75mg (Batch 7)","Rabeprazole","Tablets","Rabicip","Mankind Pharma",60,39.8,51,"Strip"
"Rabeloc Kid (Batch 7)","Rabeprazole","Tablets","Rabeloc","Torrent Pharmaceuticals",108,71.6,91.8,"Strip"
"Rabicip-DSR 600mg (Batch 7)","Rabeprazole + Domperidone","Capsules","Rabicip","Dr. Reddy s Laboratories",96,63.6,81.6,"Strip"
"Razo-DSR 80mg (Batch 7)","Rabeprazole + Domperidone","Capsules","Razo","Alkem Laboratories",214,141.9,181.9,"Strip"
"Sompraz Plus (Batch 7)","Esomeprazole","Tablets","Sompraz","Glenmark Pharmaceuticals",92,61,78.2,"Strip"
"Nexpro 625mg (Batch 7)","Esomeprazole","Tablets","Nexpro","Cadila Pharmaceuticals",130,86.2,110.5,"Strip"
"Sompraz-DSR 100mg (Batch 7)","Esomeprazole + Domperidone","Capsules","Sompraz","Zydus Lifesciences",128,84.9,108.8,"Strip"
"Nexpro-RD Forte (Batch 7)","Esomeprazole + Domperidone","Capsules","Nexpro","Sanofi India",196,129.9,166.6,"Strip"
"Aciloc 650mg (Batch 7)","Ranitidine","Tablets","Aciloc","USV Private Ltd",31,20.6,26.4,"Strip"
"Rantac 150mg (Batch 7)","Ranitidine","Tablets","Rantac","Pfizer India",35,23.2,29.8,"Strip"
"Zinetac 5mg (Batch 7)","Ranitidine","Tablets","Zinetac","Micro Labs Ltd",23,15.3,19.6,"Strip"
"Okacet 1g (Batch 7)","Cetirizine","Tablets","Okacet","Blue Cross Laboratories",28,18.6,23.8,"Strip"
"Cetcip 200mg (Batch 7)","Cetirizine","Tablets","Cetcip","Aristo Pharmaceuticals",29,19.3,24.7,"Strip"
"Alerid 10mg (Batch 7)","Cetirizine","Tablets","Alerid","FDC Ltd",26,17.2,22.1,"Strip"
"Teczine SR (Batch 7)","Levocetirizine","Tablets","Teczine","J.B. Chemicals & Pharmaceuticals",42,27.8,35.7,"Strip"
"Lecope 250mg (Batch 7)","Levocetirizine","Tablets","Lecope","Wockhardt Ltd",38,25.2,32.3,"Strip"
"Sizloc 20mg (Batch 7)","Levocetirizine","Tablets","Sizloc","Apex Laboratories",33,21.9,28.1,"Strip"
"Montair-LC DSR (Batch 7)","Montelukast + Levocetirizine","Tablets","Montair","Intas Pharmaceuticals",156,103.4,132.6,"Strip"
"Telekast-L 300mg (Batch 7)","Montelukast + Levocetirizine","Tablets","Telekast","Macleods Pharmaceuticals",219,145.2,186.2,"Strip"
"Montemac-L 40mg (Batch 7)","Montelukast + Levocetirizine","Tablets","Montemac","Hetero Healthcare",152,100.8,129.2,"Strip"
"Montek-LC XL (Batch 7)","Montelukast + Levocetirizine","Tablets","Montek","Biocon Ltd",160,106.1,136,"Strip"
"Allegra 400mg (Batch 7)","Fexofenadine Hydrochloride","Tablets","Allegra","AstraZeneca India",118,78.2,100.3,"Strip"
"Fexo 50mg (Batch 7)","Fexofenadine Hydrochloride","Tablets","Fexo","Bayer India",91,60.4,77.4,"Strip"
"Fexigra Duo (Batch 7)","Fexofenadine Hydrochloride","Tablets","Fexigra","IPCA Laboratories",144,95.5,122.4,"Strip"
"Avil 500mg (Batch 7)","Pheniramine Maleate","Tablets","Avil","Alembic Pharmaceuticals",15,10,12.8,"Strip"
"Atarax 75mg (Batch 7)","Hydroxyzine Hydrochloride","Tablets","Atarax","GSK Pharma",50,33.2,42.5,"Strip"
"Becosules Kid (Batch 7)","Vitamin B Complex + Vitamin C","Capsules","Becosules","Abbott India",33,21.9,28.1,"Strip"
"Cobadex Forte 600mg (Batch 7)","Vitamin B Complex + Zinc","Capsules","Cobadex","Sun Pharmaceutical Industries",28,18.6,23.8,"Strip"
"Zincovit 80mg (Batch 7)","Multivitamin + Multimineral","Tablets","Zincovit","Cipla Ltd",114,75.6,96.9,"Strip"
"Revital H Plus (Batch 7)","Multivitamins + Minerals + Ginseng","Capsules","Revital","Lupin Ltd",202,133.9,171.7,"Strip"
"Limcee Orange 625mg (Batch 7)","Vitamin C (Ascorbic Acid)","Tablets","Limcee","Mankind Pharma",20,13.3,17,"Strip"
"Celin chewable 100mg (Batch 7)","Vitamin C (Ascorbic Acid)","Tablets","Celin","Torrent Pharmaceuticals",21,13.9,17.8,"Strip"
"Shelcal Forte (Batch 7)","Calcium + Vitamin D3","Tablets","Shelcal","Dr. Reddy s Laboratories",81,53.7,68.9,"Strip"
"Cipcal 650mg (Batch 7)","Calcium + Vitamin D3","Tablets","Cipcal","Alkem Laboratories",114,75.6,96.9,"Strip"
"Calcirol Sachet 150mg (Batch 7)","Cholecalciferol (Vitamin D3)","Others","Calcirol","Glenmark Pharmaceuticals",42,27.8,35.7,"Sachet"
"D3-Must 5mg (Batch 7)","Cholecalciferol (Vitamin D3)","Capsules","D3-Must","Cadila Pharmaceuticals",24,15.9,20.4,"Strip"
"Evion 1g (Batch 7)","Vitamin E","Capsules","Evion","Zydus Lifesciences",28,18.6,23.8,"Strip"
"Neurobion Forte 200mg (Batch 7)","Vitamin B Complex + Methylcobalamin","Tablets","Neurobion","Sanofi India",41,27.2,34.9,"Strip"
"Mecobon 10mg (Batch 7)","Methylcobalamin","Tablets","Mecobon","USV Private Ltd",119,78.9,101.1,"Strip"
"Asthalin Respules (Batch 7)","Salbutamol","Inhalers","Asthalin","Pfizer India",102,67.6,86.7,"Piece"
"Duolin Inhaler (Batch 7)","Levosalbutamol + Ipratropium Bromide","Inhalers","Duolin","Micro Labs Ltd",285,189,242.3,"Piece"
"Budecort Respules (Batch 7)","Budesonide","Inhalers","Budecort","Blue Cross Laboratories",208,137.9,176.8,"Piece"
"Foracort Respules (Batch 7)","Budesonide + Formoterol Fumarate","Inhalers","Foracort","Aristo Pharmaceuticals",261,173.1,221.9,"Piece"
"Benadryl Syrup 100ml Syrup (Batch 7)","Diphenhydramine + Ammonium Chloride + Sodium Citrate","Syrups","Benadryl","FDC Ltd",139,92.2,118.2,"Bottle"
"Ascoril LS Syrup 60ml Syrup (Batch 7)","Ambroxol + Levosalbutamol + Guaiphenesin","Syrups","Ascoril","J.B. Chemicals & Pharmaceuticals",107,71,91,"Bottle"
"Grilinctus Syrup 100ml Syrup (Batch 7)","Dextromethorphan + Chlorpheniramine","Syrups","Grilinctus","Wockhardt Ltd",90,59.7,76.5,"Bottle"
"Corex DX Syrup 60ml Syrup (Batch 7)","Chlorpheniramine + Dextromethorphan","Syrups","Corex","Apex Laboratories",118,78.2,100.3,"Bottle"
"Solvin Cold Syrup 100ml Syrup (Batch 7)","Paracetamol + Phenylephrine + Chlorpheniramine","Syrups","Solvin","Intas Pharmaceuticals",86,57,73.1,"Bottle"
"Volini Gel Respules (Batch 7)","Diclofenac + Methyl Salicylate + Menthol","Others","Volini","Macleods Pharmaceuticals",94,62.3,79.9,"Piece"
"Moov Gel Inhaler (Batch 7)","Oil of Wintergreen + Menthol + Turpentine Oil","Others","Moov","Hetero Healthcare",82,54.4,69.7,"Piece"
"Iodex Balm Respules (Batch 7)","Methyl Salicylate + Menthol + Camphor","Others","Iodex","Biocon Ltd",60,39.8,51,"Piece"
"Betnovate-N Inhaler (Batch 7)","Betamethasone + Neomycin","Others","Betnovate","AstraZeneca India",43,28.5,36.6,"Piece"
"Betnovate-C Respules (Batch 7)","Betamethasone + Clioquinol","Others","Betnovate","Bayer India",59,39.2,50.2,"Piece"
"Betnovate-GM Inhaler (Batch 7)","Betamethasone + Gentamicin + Miconazole","Others","Betnovate","IPCA Laboratories",46,30.5,39.1,"Piece"
"Quadriderm RF Respules (Batch 7)","Beclomethasone + Clotrimazole + Neomycin","Others","Quadriderm","Alembic Pharmaceuticals",102,67.6,86.7,"Piece"
"Panderm Super Inhaler (Batch 7)","Clobetasol + Neomycin + Miconazole","Others","Panderm","GSK Pharma",70,46.4,59.5,"Piece"
"Tenovate Cream Respules (Batch 7)","Clobetasol Propionate","Others","Tenovate","Abbott India",78,51.7,66.3,"Piece"
"Ciplox Eye/Ear Drops Inhaler (Batch 7)","Ciprofloxacin Eye Drops","Drops","Ciplox","Sun Pharmaceutical Industries",26,17.2,22.1,"Piece"
"Moxicip Eye Drops Inhaler (Batch 7)","Moxifloxacin Eye Drops","Drops","Moxicip","Cipla Ltd",69,45.8,58.7,"Piece"
"Otrivin Nasal Spray Respules (Batch 7)","Xylometazoline Hydrochloride","Drops","Otrivin","Lupin Ltd",87,57.7,74,"Piece"
"Nasoclear Drops Respules (Batch 7)","Sodium Chloride Nasal Solution","Drops","Nasoclear","Mankind Pharma",50,33.2,42.5,"Piece"
"Calpol 1g (Batch 8)","Paracetamol","Tablets","Calpol","Torrent Pharmaceuticals",23,15.3,19.6,"Strip"
"Crocin Advance 200mg (Batch 8)","Paracetamol","Tablets","Crocin","Dr. Reddy s Laboratories",13,8.6,11,"Strip"
"Dolo 10mg (Batch 8)","Paracetamol","Tablets","Dolo","Alkem Laboratories",34,22.5,28.9,"Strip"
"Pacimol SR (Batch 8)","Paracetamol","Tablets","Pacimol","Glenmark Pharmaceuticals",17,11.3,14.5,"Strip"
"Sumo L 250mg (Batch 8)","Paracetamol","Tablets","Sumo","Cadila Pharmaceuticals",19,12.6,16.2,"Strip"
"Combiflam 20mg (Batch 8)","Ibuprofen + Paracetamol","Tablets","Combiflam","Zydus Lifesciences",28,18.6,23.8,"Strip"
"Flexon DSR (Batch 8)","Ibuprofen + Paracetamol","Tablets","Flexon","Sanofi India",26,17.2,22.1,"Strip"
"Ibugesic Plus 300mg (Batch 8)","Ibuprofen + Paracetamol","Tablets","Ibugesic","USV Private Ltd",22,14.6,18.7,"Strip"
"Acecloc 40mg (Batch 8)","Aceclofenac + Paracetamol","Tablets","Acecloc","Pfizer India",77,51.1,65.5,"Strip"
"Zerodol-P XL (Batch 8)","Aceclofenac + Paracetamol","Tablets","Zerodol","Micro Labs Ltd",65,43.1,55.3,"Strip"
"Hifenac-P 400mg (Batch 8)","Aceclofenac + Paracetamol","Tablets","Hifenac","Blue Cross Laboratories",73,48.4,62.1,"Strip"
"Zerodol-SP 50mg (Batch 8)","Aceclofenac + Paracetamol + Serratiopeptidase","Tablets","Zerodol","Aristo Pharmaceuticals",121,80.3,102.9,"Strip"
"Meftal-Spas Duo (Batch 8)","Mefenamic Acid + Dicyclomine","Tablets","Meftal","FDC Ltd",39,25.9,33.2,"Strip"
"Cyclopam 500mg (Batch 8)","Dicyclomine + Paracetamol","Tablets","Cyclopam","J.B. Chemicals & Pharmaceuticals",45,29.9,38.3,"Strip"
"Ultracet 75mg (Batch 8)","Tramadol + Paracetamol","Tablets","Ultracet","Wockhardt Ltd",240,159.1,204,"Strip"
"Tramazac Kid (Batch 8)","Tramadol","Capsules","Tramazac","Apex Laboratories",103,68.3,87.6,"Strip"
"Nise 600mg (Batch 8)","Nimesulide","Tablets","Nise","Intas Pharmaceuticals",81,53.7,68.9,"Strip"
"Nimulid 80mg (Batch 8)","Nimesulide","Tablets","Nimulid","Macleods Pharmaceuticals",84,55.7,71.4,"Strip"
"Amox Plus (Batch 8)","Amoxicillin","Capsules","Amox","Hetero Healthcare",37,24.6,31.5,"Strip"
"Amoxil 625mg (Batch 8)","Amoxicillin","Capsules","Amoxil","Biocon Ltd",75,49.8,63.8,"Strip"
"Mox 100mg (Batch 8)","Amoxicillin","Capsules","Mox","AstraZeneca India",61,40.5,51.9,"Strip"
"Novamox Forte (Batch 8)","Amoxicillin","Capsules","Novamox","Bayer India",51,33.9,43.4,"Strip"
"Clavam 650mg (Batch 8)","Amoxicillin + Potassium Clavulanate","Tablets","Clavam","IPCA Laboratories",194,128.6,164.9,"Strip"
"Augmentin 150mg (Batch 8)","Amoxicillin + Potassium Clavulanate","Tablets","Augmentin","Alembic Pharmaceuticals",237,157.2,201.5,"Strip"
"Moxikind-CV 5mg (Batch 8)","Amoxicillin + Potassium Clavulanate","Tablets","Moxikind","GSK Pharma",140,92.8,119,"Strip"
"Advent 1g (Batch 8)","Amoxicillin + Potassium Clavulanate","Tablets","Advent","Abbott India",148,98.1,125.8,"Strip"
"Azee 200mg (Batch 8)","Azithromycin","Tablets","Azee","Sun Pharmaceutical Industries",116,76.9,98.6,"Strip"
"Azithral 10mg (Batch 8)","Azithromycin","Tablets","Azithral","Cipla Ltd",109,72.2,92.6,"Strip"
"Azax SR (Batch 8)","Azithromycin","Tablets","Azax","Lupin Ltd",107,71,91,"Strip"
"Zifi 250mg (Batch 8)","Cefixime","Tablets","Zifi","Mankind Pharma",140,92.8,119,"Strip"
"Taxim-O 20mg (Batch 8)","Cefixime","Tablets","Taxim-O","Torrent Pharmaceuticals",158,104.8,134.3,"Strip"
"Cefolac DSR (Batch 8)","Cefixime","Tablets","Cefolac","Dr. Reddy s Laboratories",81,53.7,68.9,"Strip"
"Milixim 300mg (Batch 8)","Cefixime","Tablets","Milixim","Alkem Laboratories",101,67,85.9,"Strip"
"Gepod 40mg (Batch 8)","Cefpodoxime Proxetil","Tablets","Gepod","Glenmark Pharmaceuticals",127,84.2,108,"Strip"
"Monocef-O XL (Batch 8)","Cefpodoxime Proxetil","Tablets","Monocef-O","Cadila Pharmaceuticals",190,126,161.5,"Strip"
"Macpod 400mg (Batch 8)","Cefpodoxime Proxetil","Tablets","Macpod","Zydus Lifesciences",173,114.7,147,"Strip"
"Oflomac 50mg (Batch 8)","Ofloxacin","Tablets","Oflomac","Sanofi India",76,50.4,64.6,"Strip"
"Oframax Duo (Batch 8)","Ofloxacin","Tablets","Oframax","USV Private Ltd",64,42.4,54.4,"Strip"
"Oflotas 500mg (Batch 8)","Ofloxacin","Tablets","Oflotas","Pfizer India",70,46.4,59.5,"Strip"
"Oflomac-OZ 75mg (Batch 8)","Ofloxacin + Ornidazole","Tablets","Oflomac","Micro Labs Ltd",90,59.7,76.5,"Strip"
"Zenflox-OZ Kid (Batch 8)","Ofloxacin + Ornidazole","Tablets","Zenflox","Blue Cross Laboratories",98,65,83.3,"Strip"
"Norflox 600mg (Batch 8)","Norfloxacin","Tablets","Norflox","Aristo Pharmaceuticals",51,33.9,43.4,"Strip"
"Norflox-TZ 80mg (Batch 8)","Norfloxacin + Tinidazole","Tablets","Norflox","FDC Ltd",109,72.2,92.6,"Strip"
"Ciplox Plus (Batch 8)","Ciprofloxacin","Tablets","Ciplox","J.B. Chemicals & Pharmaceuticals",32,21.2,27.2,"Strip"
"Ciprobid 625mg (Batch 8)","Ciprofloxacin","Tablets","Ciprobid","Wockhardt Ltd",48,31.8,40.8,"Strip"
"Atorva 100mg (Batch 8)","Atorvastatin","Tablets","Atorva","Apex Laboratories",78,51.7,66.3,"Strip"
"Lipitor Forte (Batch 8)","Atorvastatin","Tablets","Lipitor","Intas Pharmaceuticals",286,189.6,243.1,"Strip"
"Lipikind 650mg (Batch 8)","Atorvastatin","Tablets","Lipikind","Macleods Pharmaceuticals",94,62.3,79.9,"Strip"
"Tonact 150mg (Batch 8)","Atorvastatin","Tablets","Tonact","Hetero Healthcare",122,80.9,103.7,"Strip"
"Rosuvas 5mg (Batch 8)","Rosuvastatin","Tablets","Rosuvas","Biocon Ltd",165,109.4,140.3,"Strip"
"Rosyn 1g (Batch 8)","Rosuvastatin","Tablets","Rosyn","AstraZeneca India",108,71.6,91.8,"Strip"
"Roseday 200mg (Batch 8)","Rosuvastatin","Tablets","Roseday","Bayer India",271,179.7,230.4,"Strip"
"Crevast 10mg (Batch 8)","Rosuvastatin","Tablets","Crevast","IPCA Laboratories",199,132,169.2,"Strip"
"Telma SR (Batch 8)","Telmisartan","Tablets","Telma","Alembic Pharmaceuticals",72,47.7,61.2,"Strip"
"Telvas 250mg (Batch 8)","Telmisartan","Tablets","Telvas","GSK Pharma",98,65,83.3,"Strip"
"Telsar 20mg (Batch 8)","Telmisartan","Tablets","Telsar","Abbott India",83,55.1,70.6,"Strip"
"Telma-H DSR (Batch 8)","Telmisartan + Hydrochlorothiazide","Tablets","Telma","Sun Pharmaceutical Industries",121,80.3,102.9,"Strip"
"Telvas-H 300mg (Batch 8)","Telmisartan + Hydrochlorothiazide","Tablets","Telvas","Cipla Ltd",84,55.7,71.4,"Strip"
"Amlokind 40mg (Batch 8)","Amlodipine","Tablets","Amlokind","Lupin Ltd",29,19.3,24.7,"Strip"
"Amlosafe XL (Batch 8)","Amlodipine","Tablets","Amlosafe","Mankind Pharma",20,13.3,17,"Strip"
"Amlovas 400mg (Batch 8)","Amlodipine","Tablets","Amlovas","Torrent Pharmaceuticals",38,25.2,32.3,"Strip"
"Cilacar 50mg (Batch 8)","Cilnidipine","Tablets","Cilacar","Dr. Reddy s Laboratories",121,80.3,102.9,"Strip"
"Cilnidac Duo (Batch 8)","Cilnidipine","Tablets","Cilnidac","Alkem Laboratories",64,42.4,54.4,"Strip"
"Concor 500mg (Batch 8)","Bisoprolol Fumarate","Tablets","Concor","Glenmark Pharmaceuticals",87,57.7,74,"Strip"
"Starpress 75mg (Batch 8)","Metoprolol Succinate","Tablets","Starpress","Cadila Pharmaceuticals",55,36.5,46.8,"Strip"
"Metolar Kid (Batch 8)","Metoprolol Tartrate","Tablets","Metolar","Zydus Lifesciences",88,58.3,74.8,"Strip"
"Glycomet 600mg (Batch 8)","Metformin Hydrochloride","Tablets","Glycomet","Sanofi India",26,17.2,22.1,"Strip"
"Metformin SR 80mg (Batch 8)","Metformin Hydrochloride","Tablets","Metformin","USV Private Ltd",21,13.9,17.8,"Strip"
"Glycomet GP Plus (Batch 8)","Glimepiride + Metformin","Tablets","Glycomet GP","Pfizer India",42,27.8,35.7,"Strip"
"Amaryl M 625mg (Batch 8)","Glimepiride + Metformin","Tablets","Amaryl","Micro Labs Ltd",215,142.6,182.8,"Strip"
"Glimisave M 100mg (Batch 8)","Glimepiride + Metformin","Tablets","Glimisave","Blue Cross Laboratories",123,81.6,104.6,"Strip"
"Jalra-M Forte (Batch 8)","Vildagliptin + Metformin","Tablets","Jalra-M","Aristo Pharmaceuticals",171,113.4,145.4,"Strip"
"Galvus Met 650mg (Batch 8)","Vildagliptin + Metformin","Tablets","Galvus","FDC Ltd",444,294.4,377.4,"Strip"
"Ziten M 150mg (Batch 8)","Teneligliptin + Metformin","Tablets","Ziten","J.B. Chemicals & Pharmaceuticals",157,104.1,133.5,"Strip"
"Dynaglipt M 5mg (Batch 8)","Teneligliptin + Metformin","Tablets","Dynaglipt","Wockhardt Ltd",135,89.5,114.8,"Strip"
"Voglistar 1g (Batch 8)","Voglibose","Tablets","Voglistar","Apex Laboratories",43,28.5,36.6,"Strip"
"Volibo 200mg (Batch 8)","Voglibose","Tablets","Volibo","Intas Pharmaceuticals",71,47.1,60.4,"Strip"
"Pantocid 10mg (Batch 8)","Pantoprazole","Tablets","Pantocid","Macleods Pharmaceuticals",69,45.8,58.7,"Strip"
"Pan SR (Batch 8)","Pantoprazole","Tablets","Pan","Hetero Healthcare",172,114,146.2,"Strip"
"Pantodac 250mg (Batch 8)","Pantoprazole","Tablets","Pantodac","Biocon Ltd",70,46.4,59.5,"Strip"
"Pan-D 20mg (Batch 8)","Pantoprazole + Domperidone","Capsules","Pan-D","AstraZeneca India",118,78.2,100.3,"Strip"
"Pantocid-DSR DSR (Batch 8)","Pantoprazole + Domperidone","Capsules","Pantocid","Bayer India",211,139.9,179.4,"Strip"
"Pantosec-DSR 300mg (Batch 8)","Pantoprazole + Domperidone","Capsules","Pantosec","IPCA Laboratories",179,118.7,152.2,"Strip"
"Omez 40mg (Batch 8)","Omeprazole","Capsules","Omez","Alembic Pharmaceuticals",47,31.1,39.9,"Strip"
"Omecip XL (Batch 8)","Omeprazole","Capsules","Omecip","GSK Pharma",25,16.6,21.3,"Strip"
"Omez-D 400mg (Batch 8)","Omeprazole + Domperidone","Capsules","Omez","Abbott India",68,45.1,57.8,"Strip"
"Rabicip 50mg (Batch 8)","Rabeprazole","Tablets","Rabicip","Sun Pharmaceutical Industries",51,33.9,43.4,"Strip"
"Rabeloc Duo (Batch 8)","Rabeprazole","Tablets","Rabeloc","Cipla Ltd",64,42.4,54.4,"Strip"
"Rabicip-DSR 500mg (Batch 8)","Rabeprazole + Domperidone","Capsules","Rabicip","Lupin Ltd",137,90.9,116.5,"Strip"
"Razo-DSR 75mg (Batch 8)","Rabeprazole + Domperidone","Capsules","Razo","Mankind Pharma",175,116.1,148.8,"Strip"
"Sompraz Kid (Batch 8)","Esomeprazole","Tablets","Sompraz","Torrent Pharmaceuticals",133,88.2,113.1,"Strip"
"Nexpro 600mg (Batch 8)","Esomeprazole","Tablets","Nexpro","Dr. Reddy s Laboratories",151,100.2,128.4,"Strip"
"Sompraz-DSR 80mg (Batch 8)","Esomeprazole + Domperidone","Capsules","Sompraz","Alkem Laboratories",219,145.2,186.2,"Strip"
"Nexpro-RD Plus (Batch 8)","Esomeprazole + Domperidone","Capsules","Nexpro","Glenmark Pharmaceuticals",232,153.8,197.2,"Strip"
"Aciloc 625mg (Batch 8)","Ranitidine","Tablets","Aciloc","Cadila Pharmaceuticals",22,14.6,18.7,"Strip"
"Rantac 100mg (Batch 8)","Ranitidine","Tablets","Rantac","Zydus Lifesciences",26,17.2,22.1,"Strip"
"Zinetac Forte (Batch 8)","Ranitidine","Tablets","Zinetac","Sanofi India",30,19.9,25.5,"Strip"
"Okacet 650mg (Batch 8)","Cetirizine","Tablets","Okacet","USV Private Ltd",19,12.6,16.2,"Strip"
"Cetcip 150mg (Batch 8)","Cetirizine","Tablets","Cetcip","Pfizer India",14,9.3,11.9,"Strip"
"Alerid 5mg (Batch 8)","Cetirizine","Tablets","Alerid","Micro Labs Ltd",23,15.3,19.6,"Strip"
"Teczine 1g (Batch 8)","Levocetirizine","Tablets","Teczine","Blue Cross Laboratories",63,41.8,53.6,"Strip"
"Lecope 200mg (Batch 8)","Levocetirizine","Tablets","Lecope","Aristo Pharmaceuticals",29,19.3,24.7,"Strip"
"Sizloc 10mg (Batch 8)","Levocetirizine","Tablets","Sizloc","FDC Ltd",54,35.8,45.9,"Strip"
"Montair-LC SR (Batch 8)","Montelukast + Levocetirizine","Tablets","Montair","J.B. Chemicals & Pharmaceuticals",247,163.8,210,"Strip"
"Telekast-L 250mg (Batch 8)","Montelukast + Levocetirizine","Tablets","Telekast","Wockhardt Ltd",150,99.5,127.5,"Strip"
"Montemac-L 20mg (Batch 8)","Montelukast + Levocetirizine","Tablets","Montemac","Apex Laboratories",163,108,138.5,"Strip"
"Montek-LC DSR (Batch 8)","Montelukast + Levocetirizine","Tablets","Montek","Intas Pharmaceuticals",231,153.2,196.4,"Strip"
"Allegra 300mg (Batch 8)","Fexofenadine Hydrochloride","Tablets","Allegra","Macleods Pharmaceuticals",229,151.9,194.7,"Strip"
"Fexo 40mg (Batch 8)","Fexofenadine Hydrochloride","Tablets","Fexo","Hetero Healthcare",112,74.3,95.2,"Strip"
"Fexigra XL (Batch 8)","Fexofenadine Hydrochloride","Tablets","Fexigra","Biocon Ltd",155,102.8,131.8,"Strip"
"Avil 400mg (Batch 8)","Pheniramine Maleate","Tablets","Avil","AstraZeneca India",16,10.6,13.6,"Strip"
"Atarax 50mg (Batch 8)","Hydroxyzine Hydrochloride","Tablets","Atarax","Bayer India",101,67,85.9,"Strip"
"Becosules Duo (Batch 8)","Vitamin B Complex + Vitamin C","Capsules","Becosules","IPCA Laboratories",44,29.2,37.4,"Strip"
"Cobadex Forte 500mg (Batch 8)","Vitamin B Complex + Zinc","Capsules","Cobadex","Alembic Pharmaceuticals",39,25.9,33.2,"Strip"
"Zincovit 75mg (Batch 8)","Multivitamin + Multimineral","Tablets","Zincovit","GSK Pharma",105,69.7,89.3,"Strip"
"Revital H Kid (Batch 8)","Multivitamins + Minerals + Ginseng","Capsules","Revital","Abbott India",313,207.6,266.1,"Strip"
"Limcee Orange 600mg (Batch 8)","Vitamin C (Ascorbic Acid)","Tablets","Limcee","Sun Pharmaceutical Industries",26,17.2,22.1,"Strip"
"Celin chewable 80mg (Batch 8)","Vitamin C (Ascorbic Acid)","Tablets","Celin","Cipla Ltd",27,17.9,23,"Strip"
"Shelcal Plus (Batch 8)","Calcium + Vitamin D3","Tablets","Shelcal","Lupin Ltd",102,67.6,86.7,"Strip"
"Cipcal 625mg (Batch 8)","Calcium + Vitamin D3","Tablets","Cipcal","Mankind Pharma",105,69.7,89.3,"Strip"
"Calcirol Sachet 100mg (Batch 8)","Cholecalciferol (Vitamin D3)","Others","Calcirol","Torrent Pharmaceuticals",33,21.9,28.1,"Sachet"
"D3-Must Forte (Batch 8)","Cholecalciferol (Vitamin D3)","Capsules","D3-Must","Dr. Reddy s Laboratories",35,23.2,29.8,"Strip"
"Evion 650mg (Batch 8)","Vitamin E","Capsules","Evion","Alkem Laboratories",59,39.2,50.2,"Strip"
"Neurobion Forte 150mg (Batch 8)","Vitamin B Complex + Methylcobalamin","Tablets","Neurobion","Glenmark Pharmaceuticals",32,21.2,27.2,"Strip"
"Mecobon 5mg (Batch 8)","Methylcobalamin","Tablets","Mecobon","Cadila Pharmaceuticals",110,72.9,93.5,"Strip"
"Asthalin Respules (Batch 8)","Salbutamol","Inhalers","Asthalin","Zydus Lifesciences",113,75,96.1,"Piece"
"Duolin Respules (Batch 8)","Levosalbutamol + Ipratropium Bromide","Inhalers","Duolin","Sanofi India",216,143.2,183.6,"Piece"
"Budecort Respules (Batch 8)","Budesonide","Inhalers","Budecort","USV Private Ltd",199,132,169.2,"Piece"
"Foracort Inhaler (Batch 8)","Budesonide + Formoterol Fumarate","Inhalers","Foracort","Pfizer India",222,147.2,188.7,"Piece"
"Benadryl Syrup 60ml Syrup (Batch 8)","Diphenhydramine + Ammonium Chloride + Sodium Citrate","Syrups","Benadryl","Micro Labs Ltd",130,86.2,110.5,"Bottle"
"Ascoril LS Syrup 100ml Syrup (Batch 8)","Ambroxol + Levosalbutamol + Guaiphenesin","Syrups","Ascoril","Blue Cross Laboratories",118,78.2,100.3,"Bottle"
"Grilinctus Syrup 60ml Syrup (Batch 8)","Dextromethorphan + Chlorpheniramine","Syrups","Grilinctus","Aristo Pharmaceuticals",111,73.6,94.4,"Bottle"
"Corex DX Syrup 100ml Syrup (Batch 8)","Chlorpheniramine + Dextromethorphan","Syrups","Corex","FDC Ltd",104,69,88.4,"Bottle"
"Solvin Cold Syrup 60ml Syrup (Batch 8)","Paracetamol + Phenylephrine + Chlorpheniramine","Syrups","Solvin","J.B. Chemicals & Pharmaceuticals",72,47.7,61.2,"Bottle"
"Volini Gel Inhaler (Batch 8)","Diclofenac + Methyl Salicylate + Menthol","Others","Volini","Wockhardt Ltd",135,89.5,114.8,"Piece"
"Moov Gel Respules (Batch 8)","Oil of Wintergreen + Menthol + Turpentine Oil","Others","Moov","Apex Laboratories",93,61.7,79.1,"Piece"
"Iodex Balm Respules (Batch 8)","Methyl Salicylate + Menthol + Camphor","Others","Iodex","Intas Pharmaceuticals",51,33.9,43.4,"Piece"
"Betnovate-N Respules (Batch 8)","Betamethasone + Neomycin","Others","Betnovate","Macleods Pharmaceuticals",54,35.8,45.9,"Piece"
"Betnovate-C Respules (Batch 8)","Betamethasone + Clioquinol","Others","Betnovate","Hetero Healthcare",45,29.9,38.3,"Piece"
"Betnovate-GM Inhaler (Batch 8)","Betamethasone + Gentamicin + Miconazole","Others","Betnovate","Biocon Ltd",67,44.5,57,"Piece"
"Quadriderm RF Respules (Batch 8)","Beclomethasone + Clotrimazole + Neomycin","Others","Quadriderm","AstraZeneca India",93,61.7,79.1,"Piece"
"Panderm Super Respules (Batch 8)","Clobetasol + Neomycin + Miconazole","Others","Panderm","Bayer India",91,60.4,77.4,"Piece"
"Tenovate Cream Inhaler (Batch 8)","Clobetasol Propionate","Others","Tenovate","IPCA Laboratories",64,42.4,54.4,"Piece"
"Ciplox Eye/Ear Drops Inhaler (Batch 8)","Ciprofloxacin Eye Drops","Drops","Ciplox","Alembic Pharmaceuticals",17,11.3,14.5,"Piece"
"Moxicip Eye Drops Respules (Batch 8)","Moxifloxacin Eye Drops","Drops","Moxicip","GSK Pharma",55,36.5,46.8,"Piece"
"Otrivin Nasal Spray Inhaler (Batch 8)","Xylometazoline Hydrochloride","Drops","Otrivin","Abbott India",78,51.7,66.3,"Piece"
"Nasoclear Drops Inhaler (Batch 8)","Sodium Chloride Nasal Solution","Drops","Nasoclear","Sun Pharmaceutical Industries",41,27.2,34.9,"Piece"
"Calpol 650mg (Batch 9)","Paracetamol","Tablets","Calpol","Cipla Ltd",34,22.5,28.9,"Strip"
"Crocin Advance 150mg (Batch 9)","Paracetamol","Tablets","Crocin","Lupin Ltd",19,12.6,16.2,"Strip"
"Dolo 5mg (Batch 9)","Paracetamol","Tablets","Dolo","Mankind Pharma",25,16.6,21.3,"Strip"
"Pacimol 1g (Batch 9)","Paracetamol","Tablets","Pacimol","Torrent Pharmaceuticals",18,11.9,15.3,"Strip"
"Sumo L 200mg (Batch 9)","Paracetamol","Tablets","Sumo","Dr. Reddy s Laboratories",22,14.6,18.7,"Strip"
"Combiflam 10mg (Batch 9)","Ibuprofen + Paracetamol","Tablets","Combiflam","Alkem Laboratories",39,25.9,33.2,"Strip"
"Flexon SR (Batch 9)","Ibuprofen + Paracetamol","Tablets","Flexon","Glenmark Pharmaceuticals",32,21.2,27.2,"Strip"
"Ibugesic Plus 250mg (Batch 9)","Ibuprofen + Paracetamol","Tablets","Ibugesic","Cadila Pharmaceuticals",28,18.6,23.8,"Strip"
"Acecloc 20mg (Batch 9)","Aceclofenac + Paracetamol","Tablets","Acecloc","Zydus Lifesciences",68,45.1,57.8,"Strip"
"Zerodol-P DSR (Batch 9)","Aceclofenac + Paracetamol","Tablets","Zerodol","Sanofi India",96,63.6,81.6,"Strip"
"Hifenac-P 300mg (Batch 9)","Aceclofenac + Paracetamol","Tablets","Hifenac","USV Private Ltd",59,39.2,50.2,"Strip"
"Zerodol-SP 40mg (Batch 9)","Aceclofenac + Paracetamol + Serratiopeptidase","Tablets","Zerodol","Pfizer India",132,87.5,112.2,"Strip"
"Meftal-Spas XL (Batch 9)","Mefenamic Acid + Dicyclomine","Tablets","Meftal","Micro Labs Ltd",50,33.2,42.5,"Strip"
"Cyclopam 400mg (Batch 9)","Dicyclomine + Paracetamol","Tablets","Cyclopam","Blue Cross Laboratories",56,37.1,47.6,"Strip"
"Ultracet 50mg (Batch 9)","Tramadol + Paracetamol","Tablets","Ultracet","Aristo Pharmaceuticals",171,113.4,145.4,"Strip"
"Tramazac Duo (Batch 9)","Tramadol","Capsules","Tramazac","FDC Ltd",114,75.6,96.9,"Strip"
"Nise 500mg (Batch 9)","Nimesulide","Tablets","Nise","J.B. Chemicals & Pharmaceuticals",102,67.6,86.7,"Strip"
"Nimulid 75mg (Batch 9)","Nimesulide","Tablets","Nimulid","Wockhardt Ltd",75,49.8,63.8,"Strip"
"Amox Kid (Batch 9)","Amoxicillin","Capsules","Amox","Apex Laboratories",68,45.1,57.8,"Strip"
"Amoxil 600mg (Batch 9)","Amoxicillin","Capsules","Amoxil","Intas Pharmaceuticals",86,57,73.1,"Strip"
"Mox 80mg (Batch 9)","Amoxicillin","Capsules","Mox","Macleods Pharmaceuticals",82,54.4,69.7,"Strip"
"Novamox Plus (Batch 9)","Amoxicillin","Capsules","Novamox","Hetero Healthcare",42,27.8,35.7,"Strip"
"Clavam 625mg (Batch 9)","Amoxicillin + Potassium Clavulanate","Tablets","Clavam","Biocon Ltd",205,136,174.3,"Strip"
"Augmentin 100mg (Batch 9)","Amoxicillin + Potassium Clavulanate","Tablets","Augmentin","AstraZeneca India",228,151.2,193.8,"Strip"
"Moxikind-CV Forte (Batch 9)","Amoxicillin + Potassium Clavulanate","Tablets","Moxikind","Bayer India",161,106.8,136.9,"Strip"
"Advent 650mg (Batch 9)","Amoxicillin + Potassium Clavulanate","Tablets","Advent","IPCA Laboratories",159,105.5,135.2,"Strip"
"Azee 150mg (Batch 9)","Azithromycin","Tablets","Azee","Alembic Pharmaceuticals",137,90.9,116.5,"Strip"
"Azithral 5mg (Batch 9)","Azithromycin","Tablets","Azithral","GSK Pharma",120,79.6,102,"Strip"
"Azax 1g (Batch 9)","Azithromycin","Tablets","Azax","Abbott India",98,65,83.3,"Strip"
"Zifi 200mg (Batch 9)","Cefixime","Tablets","Zifi","Sun Pharmaceutical Industries",101,67,85.9,"Strip"
"Taxim-O 10mg (Batch 9)","Cefixime","Tablets","Taxim-O","Cipla Ltd",149,98.8,126.7,"Strip"
"Cefolac SR (Batch 9)","Cefixime","Tablets","Cefolac","Lupin Ltd",102,67.6,86.7,"Strip"
"Milixim 250mg (Batch 9)","Cefixime","Tablets","Milixim","Mankind Pharma",137,90.9,116.5,"Strip"
"Gepod 20mg (Batch 9)","Cefpodoxime Proxetil","Tablets","Gepod","Torrent Pharmaceuticals",118,78.2,100.3,"Strip"
"Monocef-O DSR (Batch 9)","Cefpodoxime Proxetil","Tablets","Monocef-O","Dr. Reddy s Laboratories",121,80.3,102.9,"Strip"
"Macpod 300mg (Batch 9)","Cefpodoxime Proxetil","Tablets","Macpod","Alkem Laboratories",164,108.7,139.4,"Strip"
"Oflomac 40mg (Batch 9)","Ofloxacin","Tablets","Oflomac","Glenmark Pharmaceuticals",67,44.5,57,"Strip"
"Oframax XL (Batch 9)","Ofloxacin","Tablets","Oframax","Cadila Pharmaceuticals",85,56.4,72.3,"Strip"
"Oflotas 400mg (Batch 9)","Ofloxacin","Tablets","Oflotas","Zydus Lifesciences",56,37.1,47.6,"Strip"
"Oflomac-OZ 50mg (Batch 9)","Ofloxacin + Ornidazole","Tablets","Oflomac","Sanofi India",81,53.7,68.9,"Strip"
"Zenflox-OZ Duo (Batch 9)","Ofloxacin + Ornidazole","Tablets","Zenflox","USV Private Ltd",124,82.2,105.4,"Strip"
"Norflox 500mg (Batch 9)","Norfloxacin","Tablets","Norflox","Pfizer India",72,47.7,61.2,"Strip"
"Norflox-TZ 75mg (Batch 9)","Norfloxacin + Tinidazole","Tablets","Norflox","Micro Labs Ltd",85,56.4,72.3,"Strip"
"Ciplox Kid (Batch 9)","Ciprofloxacin","Tablets","Ciplox","Blue Cross Laboratories",53,35.2,45.1,"Strip"
"Ciprobid 600mg (Batch 9)","Ciprofloxacin","Tablets","Ciprobid","Aristo Pharmaceuticals",39,25.9,33.2,"Strip"
"Atorva 80mg (Batch 9)","Atorvastatin","Tablets","Atorva","FDC Ltd",69,45.8,58.7,"Strip"
"Lipitor Plus (Batch 9)","Atorvastatin","Tablets","Lipitor","J.B. Chemicals & Pharmaceuticals",197,130.7,167.5,"Strip"
"Lipikind 625mg (Batch 9)","Atorvastatin","Tablets","Lipikind","Wockhardt Ltd",85,56.4,72.3,"Strip"
"Tonact 100mg (Batch 9)","Atorvastatin","Tablets","Tonact","Apex Laboratories",53,35.2,45.1,"Strip"
"Rosuvas Forte (Batch 9)","Rosuvastatin","Tablets","Rosuvas","Intas Pharmaceuticals",96,63.6,81.6,"Strip"
"Rosyn 650mg (Batch 9)","Rosuvastatin","Tablets","Rosyn","Macleods Pharmaceuticals",219,145.2,186.2,"Strip"
"Roseday 150mg (Batch 9)","Rosuvastatin","Tablets","Roseday","Hetero Healthcare",92,61,78.2,"Strip"
"Crevast 5mg (Batch 9)","Rosuvastatin","Tablets","Crevast","Biocon Ltd",190,126,161.5,"Strip"
"Telma 1g (Batch 9)","Telmisartan","Tablets","Telma","AstraZeneca India",113,75,96.1,"Strip"
"Telvas 200mg (Batch 9)","Telmisartan","Tablets","Telvas","Bayer India",119,78.9,101.1,"Strip"
"Telsar 10mg (Batch 9)","Telmisartan","Tablets","Telsar","IPCA Laboratories",94,62.3,79.9,"Strip"
"Telma-H SR (Batch 9)","Telmisartan + Hydrochlorothiazide","Tablets","Telma","Alembic Pharmaceuticals",112,74.3,95.2,"Strip"
"Telvas-H 250mg (Batch 9)","Telmisartan + Hydrochlorothiazide","Tablets","Telvas","GSK Pharma",95,63,80.8,"Strip"
"Amlokind 20mg (Batch 9)","Amlodipine","Tablets","Amlokind","Abbott India",15,10,12.8,"Strip"
"Amlosafe DSR (Batch 9)","Amlodipine","Tablets","Amlosafe","Sun Pharmaceutical Industries",41,27.2,34.9,"Strip"
"Amlovas 300mg (Batch 9)","Amlodipine","Tablets","Amlovas","Cipla Ltd",17,11.3,14.5,"Strip"
"Cilacar 40mg (Batch 9)","Cilnidipine","Tablets","Cilacar","Lupin Ltd",142,94.1,120.7,"Strip"
"Cilnidac XL (Batch 9)","Cilnidipine","Tablets","Cilnidac","Mankind Pharma",55,36.5,46.8,"Strip"
"Concor 400mg (Batch 9)","Bisoprolol Fumarate","Tablets","Concor","Torrent Pharmaceuticals",78,51.7,66.3,"Strip"
"Starpress 50mg (Batch 9)","Metoprolol Succinate","Tablets","Starpress","Dr. Reddy s Laboratories",76,50.4,64.6,"Strip"
"Metolar Duo (Batch 9)","Metoprolol Tartrate","Tablets","Metolar","Alkem Laboratories",79,52.3,67.1,"Strip"
"Glycomet 500mg (Batch 9)","Metformin Hydrochloride","Tablets","Glycomet","Glenmark Pharmaceuticals",47,31.1,39.9,"Strip"
"Metformin SR 75mg (Batch 9)","Metformin Hydrochloride","Tablets","Metformin","Cadila Pharmaceuticals",32,21.2,27.2,"Strip"
"Glycomet GP Kid (Batch 9)","Glimepiride + Metformin","Tablets","Glycomet GP","Zydus Lifesciences",83,55.1,70.6,"Strip"
"Amaryl M 600mg (Batch 9)","Glimepiride + Metformin","Tablets","Amaryl","Sanofi India",176,116.7,149.6,"Strip"
"Glimisave M 80mg (Batch 9)","Glimepiride + Metformin","Tablets","Glimisave","USV Private Ltd",54,35.8,45.9,"Strip"
"Jalra-M Plus (Batch 9)","Vildagliptin + Metformin","Tablets","Jalra-M","Pfizer India",282,187,239.7,"Strip"
"Galvus Met 625mg (Batch 9)","Vildagliptin + Metformin","Tablets","Galvus","Micro Labs Ltd",355,235.4,301.8,"Strip"
"Ziten M 100mg (Batch 9)","Teneligliptin + Metformin","Tablets","Ziten","Blue Cross Laboratories",198,131.3,168.3,"Strip"
"Dynaglipt M Forte (Batch 9)","Teneligliptin + Metformin","Tablets","Dynaglipt","Aristo Pharmaceuticals",146,96.8,124.1,"Strip"
"Voglistar 650mg (Batch 9)","Voglibose","Tablets","Voglistar","FDC Ltd",94,62.3,79.9,"Strip"
"Volibo 150mg (Batch 9)","Voglibose","Tablets","Volibo","J.B. Chemicals & Pharmaceuticals",97,64.4,82.5,"Strip"
"Pantocid 5mg (Batch 9)","Pantoprazole","Tablets","Pantocid","Wockhardt Ltd",110,72.9,93.5,"Strip"
"Pan 1g (Batch 9)","Pantoprazole","Tablets","Pan","Apex Laboratories",163,108,138.5,"Strip"
"Pantodac 200mg (Batch 9)","Pantoprazole","Tablets","Pantodac","Intas Pharmaceuticals",81,53.7,68.9,"Strip"
"Pan-D 10mg (Batch 9)","Pantoprazole + Domperidone","Capsules","Pan-D","Macleods Pharmaceuticals",229,151.9,194.7,"Strip"
"Pantocid-DSR SR (Batch 9)","Pantoprazole + Domperidone","Capsules","Pantocid","Hetero Healthcare",172,114,146.2,"Strip"
"Pantosec-DSR 250mg (Batch 9)","Pantoprazole + Domperidone","Capsules","Pantosec","Biocon Ltd",110,72.9,93.5,"Strip"
"Omez 20mg (Batch 9)","Omeprazole","Capsules","Omez","AstraZeneca India",58,38.5,49.3,"Strip"
"Omecip DSR (Batch 9)","Omeprazole","Capsules","Omecip","Bayer India",46,30.5,39.1,"Strip"
"Omez-D 300mg (Batch 9)","Omeprazole + Domperidone","Capsules","Omez","IPCA Laboratories",89,59,75.6,"Strip"
"Rabicip 40mg (Batch 9)","Rabeprazole","Tablets","Rabicip","Alembic Pharmaceuticals",122,80.9,103.7,"Strip"
"Rabeloc XL (Batch 9)","Rabeprazole","Tablets","Rabeloc","GSK Pharma",105,69.7,89.3,"Strip"
"Rabicip-DSR 400mg (Batch 9)","Rabeprazole + Domperidone","Capsules","Rabicip","Abbott India",178,118,151.3,"Strip"
"Razo-DSR 50mg (Batch 9)","Rabeprazole + Domperidone","Capsules","Razo","Sun Pharmaceutical Industries",136,90.2,115.6,"Strip"
"Sompraz Duo (Batch 9)","Esomeprazole","Tablets","Sompraz","Cipla Ltd",174,115.4,147.9,"Strip"
"Nexpro 500mg (Batch 9)","Esomeprazole","Tablets","Nexpro","Lupin Ltd",67,44.5,57,"Strip"
"Sompraz-DSR 75mg (Batch 9)","Esomeprazole + Domperidone","Capsules","Sompraz","Mankind Pharma",180,119.3,153,"Strip"
"Nexpro-RD Kid (Batch 9)","Esomeprazole + Domperidone","Capsules","Nexpro","Torrent Pharmaceuticals",143,94.8,121.6,"Strip"
"Aciloc 600mg (Batch 9)","Ranitidine","Tablets","Aciloc","Dr. Reddy s Laboratories",13,8.6,11,"Strip"
"Rantac 80mg (Batch 9)","Ranitidine","Tablets","Rantac","Alkem Laboratories",17,11.3,14.5,"Strip"
"Zinetac Plus (Batch 9)","Ranitidine","Tablets","Zinetac","Glenmark Pharmaceuticals",37,24.6,31.5,"Strip"
"Okacet 625mg (Batch 9)","Cetirizine","Tablets","Okacet","Cadila Pharmaceuticals",10,6.6,8.5,"Strip"
"Cetcip 100mg (Batch 9)","Cetirizine","Tablets","Cetcip","Zydus Lifesciences",17,11.3,14.5,"Strip"
"Alerid Forte (Batch 9)","Cetirizine","Tablets","Alerid","Sanofi India",20,13.3,17,"Strip"
"Teczine 650mg (Batch 9)","Levocetirizine","Tablets","Teczine","USV Private Ltd",39,25.9,33.2,"Strip"
"Lecope 150mg (Batch 9)","Levocetirizine","Tablets","Lecope","Pfizer India",60,39.8,51,"Strip"
"Sizloc 5mg (Batch 9)","Levocetirizine","Tablets","Sizloc","Micro Labs Ltd",33,21.9,28.1,"Strip"
"Montair-LC 1g (Batch 9)","Montelukast + Levocetirizine","Tablets","Montair","Blue Cross Laboratories",208,137.9,176.8,"Strip"
"Telekast-L 200mg (Batch 9)","Montelukast + Levocetirizine","Tablets","Telekast","Aristo Pharmaceuticals",191,126.7,162.4,"Strip"
"Montemac-L 10mg (Batch 9)","Montelukast + Levocetirizine","Tablets","Montemac","FDC Ltd",174,115.4,147.9,"Strip"
"Montek-LC SR (Batch 9)","Montelukast + Levocetirizine","Tablets","Montek","J.B. Chemicals & Pharmaceuticals",187,124,159,"Strip"
"Allegra 250mg (Batch 9)","Fexofenadine Hydrochloride","Tablets","Allegra","Wockhardt Ltd",220,145.9,187,"Strip"
"Fexo 20mg (Batch 9)","Fexofenadine Hydrochloride","Tablets","Fexo","Apex Laboratories",133,88.2,113.1,"Strip"
"Fexigra DSR (Batch 9)","Fexofenadine Hydrochloride","Tablets","Fexigra","Intas Pharmaceuticals",166,110.1,141.1,"Strip"
"Avil 300mg (Batch 9)","Pheniramine Maleate","Tablets","Avil","Macleods Pharmaceuticals",17,11.3,14.5,"Strip"
"Atarax 40mg (Batch 9)","Hydroxyzine Hydrochloride","Tablets","Atarax","Hetero Healthcare",92,61,78.2,"Strip"
"Becosules XL (Batch 9)","Vitamin B Complex + Vitamin C","Capsules","Becosules","Biocon Ltd",30,19.9,25.5,"Strip"
"Cobadex Forte 400mg (Batch 9)","Vitamin B Complex + Zinc","Capsules","Cobadex","AstraZeneca India",30,19.9,25.5,"Strip"
"Zincovit 50mg (Batch 9)","Multivitamin + Multimineral","Tablets","Zincovit","Bayer India",96,63.6,81.6,"Strip"
"Revital H Duo (Batch 9)","Multivitamins + Minerals + Ginseng","Capsules","Revital","IPCA Laboratories",274,181.7,232.9,"Strip"
"Limcee Orange 500mg (Batch 9)","Vitamin C (Ascorbic Acid)","Tablets","Limcee","Alembic Pharmaceuticals",17,11.3,14.5,"Strip"
"Celin chewable 75mg (Batch 9)","Vitamin C (Ascorbic Acid)","Tablets","Celin","GSK Pharma",18,11.9,15.3,"Strip"
"Shelcal Kid (Batch 9)","Calcium + Vitamin D3","Tablets","Shelcal","Abbott India",123,81.6,104.6,"Strip"
"Cipcal 600mg (Batch 9)","Calcium + Vitamin D3","Tablets","Cipcal","Sun Pharmaceutical Industries",96,63.6,81.6,"Strip"
"Calcirol Sachet 80mg (Batch 9)","Cholecalciferol (Vitamin D3)","Others","Calcirol","Cipla Ltd",44,29.2,37.4,"Sachet"
"D3-Must Plus (Batch 9)","Cholecalciferol (Vitamin D3)","Capsules","D3-Must","Lupin Ltd",46,30.5,39.1,"Strip"
"Evion 625mg (Batch 9)","Vitamin E","Capsules","Evion","Mankind Pharma",50,33.2,42.5,"Strip"
"Neurobion Forte 100mg (Batch 9)","Vitamin B Complex + Methylcobalamin","Tablets","Neurobion","Torrent Pharmaceuticals",43,28.5,36.6,"Strip"
"Mecobon Forte (Batch 9)","Methylcobalamin","Tablets","Mecobon","Dr. Reddy s Laboratories",101,67,85.9,"Strip"
"Asthalin Respules (Batch 9)","Salbutamol","Inhalers","Asthalin","Alkem Laboratories",124,82.2,105.4,"Piece"
"Duolin Inhaler (Batch 9)","Levosalbutamol + Ipratropium Bromide","Inhalers","Duolin","Glenmark Pharmaceuticals",237,157.2,201.5,"Piece"
"Budecort Inhaler (Batch 9)","Budesonide","Inhalers","Budecort","Cadila Pharmaceuticals",190,126,161.5,"Piece"
"Foracort Inhaler (Batch 9)","Budesonide + Formoterol Fumarate","Inhalers","Foracort","Zydus Lifesciences",333,220.8,283.1,"Piece"
"Benadryl Syrup 100ml Syrup (Batch 9)","Diphenhydramine + Ammonium Chloride + Sodium Citrate","Syrups","Benadryl","Sanofi India",121,80.3,102.9,"Bottle"
"Ascoril LS Syrup 60ml Syrup (Batch 9)","Ambroxol + Levosalbutamol + Guaiphenesin","Syrups","Ascoril","USV Private Ltd",129,85.6,109.7,"Bottle"
"Grilinctus Syrup 100ml Syrup (Batch 9)","Dextromethorphan + Chlorpheniramine","Syrups","Grilinctus","Pfizer India",87,57.7,74,"Bottle"
"Corex DX Syrup 60ml Syrup (Batch 9)","Chlorpheniramine + Dextromethorphan","Syrups","Corex","Micro Labs Ltd",145,96.2,123.3,"Bottle"
"Solvin Cold Syrup 100ml Syrup (Batch 9)","Paracetamol + Phenylephrine + Chlorpheniramine","Syrups","Solvin","Blue Cross Laboratories",93,61.7,79.1,"Bottle"
"Volini Gel Respules (Batch 9)","Diclofenac + Methyl Salicylate + Menthol","Others","Volini","Aristo Pharmaceuticals",66,43.8,56.1,"Piece"
"Moov Gel Inhaler (Batch 9)","Oil of Wintergreen + Menthol + Turpentine Oil","Others","Moov","FDC Ltd",104,69,88.4,"Piece"
"Iodex Balm Respules (Batch 9)","Methyl Salicylate + Menthol + Camphor","Others","Iodex","J.B. Chemicals & Pharmaceuticals",42,27.8,35.7,"Piece"
"Betnovate-N Inhaler (Batch 9)","Betamethasone + Neomycin","Others","Betnovate","Wockhardt Ltd",40,26.5,34,"Piece"
"Betnovate-C Inhaler (Batch 9)","Betamethasone + Clioquinol","Others","Betnovate","Apex Laboratories",56,37.1,47.6,"Piece"
"Betnovate-GM Inhaler (Batch 9)","Betamethasone + Gentamicin + Miconazole","Others","Betnovate","Intas Pharmaceuticals",58,38.5,49.3,"Piece"
"Quadriderm RF Inhaler (Batch 9)","Beclomethasone + Clotrimazole + Neomycin","Others","Quadriderm","Macleods Pharmaceuticals",84,55.7,71.4,"Piece"
"Panderm Super Respules (Batch 9)","Clobetasol + Neomycin + Miconazole","Others","Panderm","Hetero Healthcare",112,74.3,95.2,"Piece"
"Tenovate Cream Respules (Batch 9)","Clobetasol Propionate","Others","Tenovate","Biocon Ltd",50,33.2,42.5,"Piece"
"Ciplox Eye/Ear Drops Inhaler (Batch 9)","Ciprofloxacin Eye Drops","Drops","Ciplox","AstraZeneca India",23,15.3,19.6,"Piece"
"Moxicip Eye Drops Inhaler (Batch 9)","Moxifloxacin Eye Drops","Drops","Moxicip","Bayer India",76,50.4,64.6,"Piece"
"Otrivin Nasal Spray Respules (Batch 9)","Xylometazoline Hydrochloride","Drops","Otrivin","IPCA Laboratories",69,45.8,58.7,"Piece"
"Nasoclear Drops Inhaler (Batch 9)","Sodium Chloride Nasal Solution","Drops","Nasoclear","Alembic Pharmaceuticals",52,34.5,44.2,"Piece"
"Calpol 625mg (Batch 10)","Paracetamol","Tablets","Calpol","GSK Pharma",25,16.6,21.3,"Strip"
"Crocin Advance 100mg (Batch 10)","Paracetamol","Tablets","Crocin","Abbott India",25,16.6,21.3,"Strip"
"Dolo Forte (Batch 10)","Paracetamol","Tablets","Dolo","Sun Pharmaceutical Industries",31,20.6,26.4,"Strip"
"Pacimol 650mg (Batch 10)","Paracetamol","Tablets","Pacimol","Cipla Ltd",19,12.6,16.2,"Strip"
"Sumo L 150mg (Batch 10)","Paracetamol","Tablets","Sumo","Lupin Ltd",25,16.6,21.3,"Strip"
"Combiflam 5mg (Batch 10)","Ibuprofen + Paracetamol","Tablets","Combiflam","Mankind Pharma",25,16.6,21.3,"Strip"
"Flexon 1g (Batch 10)","Ibuprofen + Paracetamol","Tablets","Flexon","Torrent Pharmaceuticals",23,15.3,19.6,"Strip"
"Ibugesic Plus 200mg (Batch 10)","Ibuprofen + Paracetamol","Tablets","Ibugesic","Dr. Reddy s Laboratories",19,12.6,16.2,"Strip"
"Acecloc 10mg (Batch 10)","Aceclofenac + Paracetamol","Tablets","Acecloc","Alkem Laboratories",59,39.2,50.2,"Strip"
"Zerodol-P SR (Batch 10)","Aceclofenac + Paracetamol","Tablets","Zerodol","Glenmark Pharmaceuticals",87,57.7,74,"Strip"
"Hifenac-P 250mg (Batch 10)","Aceclofenac + Paracetamol","Tablets","Hifenac","Cadila Pharmaceuticals",80,53,68,"Strip"
"Zerodol-SP 20mg (Batch 10)","Aceclofenac + Paracetamol + Serratiopeptidase","Tablets","Zerodol","Zydus Lifesciences",93,61.7,79.1,"Strip"
"Meftal-Spas DSR (Batch 10)","Mefenamic Acid + Dicyclomine","Tablets","Meftal","Sanofi India",41,27.2,34.9,"Strip"
"Cyclopam 300mg (Batch 10)","Dicyclomine + Paracetamol","Tablets","Cyclopam","USV Private Ltd",42,27.8,35.7,"Strip"
"Ultracet 40mg (Batch 10)","Tramadol + Paracetamol","Tablets","Ultracet","Pfizer India",192,127.3,163.2,"Strip"
"Tramazac XL (Batch 10)","Tramadol","Capsules","Tramazac","Micro Labs Ltd",75,49.8,63.8,"Strip"
"Nise 400mg (Batch 10)","Nimesulide","Tablets","Nise","Blue Cross Laboratories",78,51.7,66.3,"Strip"
"Nimulid 50mg (Batch 10)","Nimesulide","Tablets","Nimulid","Aristo Pharmaceuticals",66,43.8,56.1,"Strip"
"Amox Duo (Batch 10)","Amoxicillin","Capsules","Amox","FDC Ltd",59,39.2,50.2,"Strip"
"Amoxil 500mg (Batch 10)","Amoxicillin","Capsules","Amoxil","J.B. Chemicals & Pharmaceuticals",47,31.1,39.9,"Strip"
"Mox 75mg (Batch 10)","Amoxicillin","Capsules","Mox","Wockhardt Ltd",58,38.5,49.3,"Strip"
"Novamox Kid (Batch 10)","Amoxicillin","Capsules","Novamox","Apex Laboratories",81,53.7,68.9,"Strip"
"Clavam 600mg (Batch 10)","Amoxicillin + Potassium Clavulanate","Tablets","Clavam","Intas Pharmaceuticals",216,143.2,183.6,"Strip"
"Augmentin 80mg (Batch 10)","Amoxicillin + Potassium Clavulanate","Tablets","Augmentin","Macleods Pharmaceuticals",219,145.2,186.2,"Strip"
"Moxikind-CV Plus (Batch 10)","Amoxicillin + Potassium Clavulanate","Tablets","Moxikind","Hetero Healthcare",182,120.7,154.7,"Strip"
"Advent 625mg (Batch 10)","Amoxicillin + Potassium Clavulanate","Tablets","Advent","Biocon Ltd",170,112.7,144.5,"Strip"
"Azee 100mg (Batch 10)","Azithromycin","Tablets","Azee","AstraZeneca India",68,45.1,57.8,"Strip"
"Azithral Forte (Batch 10)","Azithromycin","Tablets","Azithral","Bayer India",131,86.9,111.4,"Strip"
"Azax 650mg (Batch 10)","Azithromycin","Tablets","Azax","IPCA Laboratories",89,59,75.6,"Strip"
"Zifi 150mg (Batch 10)","Cefixime","Tablets","Zifi","Alembic Pharmaceuticals",137,90.9,116.5,"Strip"
"Taxim-O 5mg (Batch 10)","Cefixime","Tablets","Taxim-O","GSK Pharma",140,92.8,119,"Strip"
"Cefolac 1g (Batch 10)","Cefixime","Tablets","Cefolac","Abbott India",123,81.6,104.6,"Strip"
"Milixim 200mg (Batch 10)","Cefixime","Tablets","Milixim","Sun Pharmaceutical Industries",98,65,83.3,"Strip"
"Gepod 10mg (Batch 10)","Cefpodoxime Proxetil","Tablets","Gepod","Cipla Ltd",109,72.2,92.6,"Strip"
"Monocef-O SR (Batch 10)","Cefpodoxime Proxetil","Tablets","Monocef-O","Lupin Ltd",142,94.1,120.7,"Strip"
"Macpod 250mg (Batch 10)","Cefpodoxime Proxetil","Tablets","Macpod","Mankind Pharma",155,102.8,131.8,"Strip"
"Oflomac 20mg (Batch 10)","Ofloxacin","Tablets","Oflomac","Torrent Pharmaceuticals",58,38.5,49.3,"Strip"
"Oframax DSR (Batch 10)","Ofloxacin","Tablets","Oframax","Dr. Reddy s Laboratories",61,40.5,51.9,"Strip"
"Oflotas 300mg (Batch 10)","Ofloxacin","Tablets","Oflotas","Alkem Laboratories",42,27.8,35.7,"Strip"
"Oflomac-OZ 40mg (Batch 10)","Ofloxacin + Ornidazole","Tablets","Oflomac","Glenmark Pharmaceuticals",132,87.5,112.2,"Strip"
"Zenflox-OZ XL (Batch 10)","Ofloxacin + Ornidazole","Tablets","Zenflox","Cadila Pharmaceuticals",85,56.4,72.3,"Strip"
"Norflox 400mg (Batch 10)","Norfloxacin","Tablets","Norflox","Zydus Lifesciences",58,38.5,49.3,"Strip"
"Norflox-TZ 50mg (Batch 10)","Norfloxacin + Tinidazole","Tablets","Norflox","Sanofi India",106,70.3,90.1,"Strip"
"Ciplox Duo (Batch 10)","Ciprofloxacin","Tablets","Ciplox","USV Private Ltd",44,29.2,37.4,"Strip"
"Ciprobid 500mg (Batch 10)","Ciprofloxacin","Tablets","Ciprobid","Pfizer India",30,19.9,25.5,"Strip"
"Atorva 75mg (Batch 10)","Atorvastatin","Tablets","Atorva","Micro Labs Ltd",60,39.8,51,"Strip"
"Lipitor Kid (Batch 10)","Atorvastatin","Tablets","Lipitor","Blue Cross Laboratories",358,237.4,304.3,"Strip"
"Lipikind 600mg (Batch 10)","Atorvastatin","Tablets","Lipikind","Aristo Pharmaceuticals",76,50.4,64.6,"Strip"
"Tonact 80mg (Batch 10)","Atorvastatin","Tablets","Tonact","FDC Ltd",94,62.3,79.9,"Strip"
"Rosuvas Plus (Batch 10)","Rosuvastatin","Tablets","Rosuvas","J.B. Chemicals & Pharmaceuticals",207,137.3,176,"Strip"
"Rosyn 625mg (Batch 10)","Rosuvastatin","Tablets","Rosyn","Wockhardt Ltd",180,119.3,153,"Strip"
"Roseday 100mg (Batch 10)","Rosuvastatin","Tablets","Roseday","Apex Laboratories",103,68.3,87.6,"Strip"
"Crevast Forte (Batch 10)","Rosuvastatin","Tablets","Crevast","Intas Pharmaceuticals",181,120,153.9,"Strip"
"Telma 650mg (Batch 10)","Telmisartan","Tablets","Telma","Macleods Pharmaceuticals",154,102.1,130.9,"Strip"
"Telvas 150mg (Batch 10)","Telmisartan","Tablets","Telvas","Hetero Healthcare",50,33.2,42.5,"Strip"
"Telsar 5mg (Batch 10)","Telmisartan","Tablets","Telsar","Biocon Ltd",105,69.7,89.3,"Strip"
"Telma-H 1g (Batch 10)","Telmisartan + Hydrochlorothiazide","Tablets","Telma","AstraZeneca India",103,68.3,87.6,"Strip"
"Telvas-H 200mg (Batch 10)","Telmisartan + Hydrochlorothiazide","Tablets","Telvas","Bayer India",106,70.3,90.1,"Strip"
"Amlokind 10mg (Batch 10)","Amlodipine","Tablets","Amlokind","IPCA Laboratories",26,17.2,22.1,"Strip"
"Amlosafe SR (Batch 10)","Amlodipine","Tablets","Amlosafe","Alembic Pharmaceuticals",32,21.2,27.2,"Strip"
"Amlovas 250mg (Batch 10)","Amlodipine","Tablets","Amlovas","GSK Pharma",24,15.9,20.4,"Strip"
"Cilacar 20mg (Batch 10)","Cilnidipine","Tablets","Cilacar","Abbott India",73,48.4,62.1,"Strip"
"Cilnidac DSR (Batch 10)","Cilnidipine","Tablets","Cilnidac","Sun Pharmaceutical Industries",126,83.5,107.1,"Strip"
"Concor 300mg (Batch 10)","Bisoprolol Fumarate","Tablets","Concor","Cipla Ltd",69,45.8,58.7,"Strip"
"Starpress 40mg (Batch 10)","Metoprolol Succinate","Tablets","Starpress","Lupin Ltd",97,64.4,82.5,"Strip"
"Metolar XL (Batch 10)","Metoprolol Tartrate","Tablets","Metolar","Mankind Pharma",70,46.4,59.5,"Strip"
"Glycomet 400mg (Batch 10)","Metformin Hydrochloride","Tablets","Glycomet","Torrent Pharmaceuticals",33,21.9,28.1,"Strip"
"Metformin SR 50mg (Batch 10)","Metformin Hydrochloride","Tablets","Metformin","Dr. Reddy s Laboratories",18,11.9,15.3,"Strip"
"Glycomet GP Duo (Batch 10)","Glimepiride + Metformin","Tablets","Glycomet GP","Alkem Laboratories",124,82.2,105.4,"Strip"
"Amaryl M 500mg (Batch 10)","Glimepiride + Metformin","Tablets","Amaryl","Glenmark Pharmaceuticals",137,90.9,116.5,"Strip"
"Glimisave M 75mg (Batch 10)","Glimepiride + Metformin","Tablets","Glimisave","Cadila Pharmaceuticals",75,49.8,63.8,"Strip"
"Jalra-M Kid (Batch 10)","Vildagliptin + Metformin","Tablets","Jalra-M","Zydus Lifesciences",213,141.2,181,"Strip"
"Galvus Met 600mg (Batch 10)","Vildagliptin + Metformin","Tablets","Galvus","Sanofi India",266,176.4,226.1,"Strip"
"Ziten M 80mg (Batch 10)","Teneligliptin + Metformin","Tablets","Ziten","USV Private Ltd",129,85.6,109.7,"Strip"
"Dynaglipt M Plus (Batch 10)","Teneligliptin + Metformin","Tablets","Dynaglipt","Pfizer India",157,104.1,133.5,"Strip"
"Voglistar 625mg (Batch 10)","Voglibose","Tablets","Voglistar","Micro Labs Ltd",85,56.4,72.3,"Strip"
"Volibo 100mg (Batch 10)","Voglibose","Tablets","Volibo","Blue Cross Laboratories",58,38.5,49.3,"Strip"
"Pantocid Forte (Batch 10)","Pantoprazole","Tablets","Pantocid","Aristo Pharmaceuticals",151,100.2,128.4,"Strip"
"Pan 650mg (Batch 10)","Pantoprazole","Tablets","Pan","FDC Ltd",154,102.1,130.9,"Strip"
"Pantodac 150mg (Batch 10)","Pantoprazole","Tablets","Pantodac","J.B. Chemicals & Pharmaceuticals",92,61,78.2,"Strip"
"Pan-D 5mg (Batch 10)","Pantoprazole + Domperidone","Capsules","Pan-D","Wockhardt Ltd",220,145.9,187,"Strip"
"Pantocid-DSR 1g (Batch 10)","Pantoprazole + Domperidone","Capsules","Pantocid","Apex Laboratories",133,88.2,113.1,"Strip"
"Pantosec-DSR 200mg (Batch 10)","Pantoprazole + Domperidone","Capsules","Pantosec","Intas Pharmaceuticals",151,100.2,128.4,"Strip"
"Omez 10mg (Batch 10)","Omeprazole","Capsules","Omez","Macleods Pharmaceuticals",69,45.8,58.7,"Strip"
"Omecip SR (Batch 10)","Omeprazole","Capsules","Omecip","Hetero Healthcare",67,44.5,57,"Strip"
"Omez-D 250mg (Batch 10)","Omeprazole + Domperidone","Capsules","Omez","Biocon Ltd",110,72.9,93.5,"Strip"
"Rabicip 20mg (Batch 10)","Rabeprazole","Tablets","Rabicip","AstraZeneca India",113,75,96.1,"Strip"
"Rabeloc DSR (Batch 10)","Rabeprazole","Tablets","Rabeloc","Bayer India",61,40.5,51.9,"Strip"
"Rabicip-DSR 300mg (Batch 10)","Rabeprazole + Domperidone","Capsules","Rabicip","IPCA Laboratories",109,72.2,92.6,"Strip"
"Razo-DSR 40mg (Batch 10)","Rabeprazole + Domperidone","Capsules","Razo","Alembic Pharmaceuticals",227,150.5,193,"Strip"
"Sompraz XL (Batch 10)","Esomeprazole","Tablets","Sompraz","GSK Pharma",105,69.7,89.3,"Strip"
"Nexpro 400mg (Batch 10)","Esomeprazole","Tablets","Nexpro","Abbott India",88,58.3,74.8,"Strip"
"Sompraz-DSR 50mg (Batch 10)","Esomeprazole + Domperidone","Capsules","Sompraz","Sun Pharmaceutical Industries",141,93.5,119.9,"Strip"
"Nexpro-RD Duo (Batch 10)","Esomeprazole + Domperidone","Capsules","Nexpro","Cipla Ltd",179,118.7,152.2,"Strip"
"Aciloc 500mg (Batch 10)","Ranitidine","Tablets","Aciloc","Lupin Ltd",34,22.5,28.9,"Strip"
"Rantac 75mg (Batch 10)","Ranitidine","Tablets","Rantac","Mankind Pharma",40,26.5,34,"Strip"
"Zinetac Kid (Batch 10)","Ranitidine","Tablets","Zinetac","Torrent Pharmaceuticals",16,10.6,13.6,"Strip"
"Okacet 600mg (Batch 10)","Cetirizine","Tablets","Okacet","Dr. Reddy s Laboratories",21,13.9,17.8,"Strip"
"Cetcip 80mg (Batch 10)","Cetirizine","Tablets","Cetcip","Alkem Laboratories",20,13.3,17,"Strip"
"Alerid Plus (Batch 10)","Cetirizine","Tablets","Alerid","Glenmark Pharmaceuticals",17,11.3,14.5,"Strip"
"Teczine 625mg (Batch 10)","Levocetirizine","Tablets","Teczine","Cadila Pharmaceuticals",60,39.8,51,"Strip"
"Lecope 100mg (Batch 10)","Levocetirizine","Tablets","Lecope","Zydus Lifesciences",51,33.9,43.4,"Strip"
"Sizloc Forte (Batch 10)","Levocetirizine","Tablets","Sizloc","Sanofi India",54,35.8,45.9,"Strip"
"Montair-LC 650mg (Batch 10)","Montelukast + Levocetirizine","Tablets","Montair","USV Private Ltd",169,112.1,143.7,"Strip"
"Telekast-L 150mg (Batch 10)","Montelukast + Levocetirizine","Tablets","Telekast","Pfizer India",122,80.9,103.7,"Strip"
"Montemac-L 5mg (Batch 10)","Montelukast + Levocetirizine","Tablets","Montemac","Micro Labs Ltd",185,122.7,157.3,"Strip"
"Montek-LC 1g (Batch 10)","Montelukast + Levocetirizine","Tablets","Montek","Blue Cross Laboratories",143,94.8,121.6,"Strip"
"Allegra 200mg (Batch 10)","Fexofenadine Hydrochloride","Tablets","Allegra","Aristo Pharmaceuticals",211,139.9,179.4,"Strip"
"Fexo 10mg (Batch 10)","Fexofenadine Hydrochloride","Tablets","Fexo","FDC Ltd",154,102.1,130.9,"Strip"
"Fexigra SR (Batch 10)","Fexofenadine Hydrochloride","Tablets","Fexigra","J.B. Chemicals & Pharmaceuticals",82,54.4,69.7,"Strip"
"Avil 250mg (Batch 10)","Pheniramine Maleate","Tablets","Avil","Wockhardt Ltd",8,5.3,6.8,"Strip"
"Atarax 20mg (Batch 10)","Hydroxyzine Hydrochloride","Tablets","Atarax","Apex Laboratories",83,55.1,70.6,"Strip"
"Becosules DSR (Batch 10)","Vitamin B Complex + Vitamin C","Capsules","Becosules","Intas Pharmaceuticals",41,27.2,34.9,"Strip"
"Cobadex Forte 300mg (Batch 10)","Vitamin B Complex + Zinc","Capsules","Cobadex","Macleods Pharmaceuticals",41,27.2,34.9,"Strip"
"Zincovit 40mg (Batch 10)","Multivitamin + Multimineral","Tablets","Zincovit","Hetero Healthcare",87,57.7,74,"Strip"
"Revital H XL (Batch 10)","Multivitamins + Minerals + Ginseng","Capsules","Revital","Biocon Ltd",235,155.8,199.8,"Strip"
"Limcee Orange 400mg (Batch 10)","Vitamin C (Ascorbic Acid)","Tablets","Limcee","AstraZeneca India",23,15.3,19.6,"Strip"
"Celin chewable 50mg (Batch 10)","Vitamin C (Ascorbic Acid)","Tablets","Celin","Bayer India",24,15.9,20.4,"Strip"
"Shelcal Duo (Batch 10)","Calcium + Vitamin D3","Tablets","Shelcal","IPCA Laboratories",144,95.5,122.4,"Strip"
"Cipcal 500mg (Batch 10)","Calcium + Vitamin D3","Tablets","Cipcal","Alembic Pharmaceuticals",87,57.7,74,"Strip"
"Calcirol Sachet 75mg (Batch 10)","Cholecalciferol (Vitamin D3)","Others","Calcirol","GSK Pharma",35,23.2,29.8,"Sachet"
"D3-Must Kid (Batch 10)","Cholecalciferol (Vitamin D3)","Capsules","D3-Must","Abbott India",32,21.2,27.2,"Strip"
"Evion 600mg (Batch 10)","Vitamin E","Capsules","Evion","Sun Pharmaceutical Industries",41,27.2,34.9,"Strip"
"Neurobion Forte 80mg (Batch 10)","Vitamin B Complex + Methylcobalamin","Tablets","Neurobion","Cipla Ltd",34,22.5,28.9,"Strip"
"Mecobon Plus (Batch 10)","Methylcobalamin","Tablets","Mecobon","Lupin Ltd",92,61,78.2,"Strip"
"Asthalin Inhaler (Batch 10)","Salbutamol","Inhalers","Asthalin","Mankind Pharma",135,89.5,114.8,"Piece"
"Duolin Respules (Batch 10)","Levosalbutamol + Ipratropium Bromide","Inhalers","Duolin","Torrent Pharmaceuticals",258,171.1,219.3,"Piece"
"Budecort Inhaler (Batch 10)","Budesonide","Inhalers","Budecort","Dr. Reddy s Laboratories",181,120,153.9,"Piece"
"Foracort Inhaler (Batch 10)","Budesonide + Formoterol Fumarate","Inhalers","Foracort","Alkem Laboratories",294,194.9,249.9,"Piece"
"Benadryl Syrup 60ml Syrup (Batch 10)","Diphenhydramine + Ammonium Chloride + Sodium Citrate","Syrups","Benadryl","Glenmark Pharmaceuticals",112,74.3,95.2,"Bottle"
"Ascoril LS Syrup 100ml Syrup (Batch 10)","Ambroxol + Levosalbutamol + Guaiphenesin","Syrups","Ascoril","Cadila Pharmaceuticals",90,59.7,76.5,"Bottle"
"Grilinctus Syrup 60ml Syrup (Batch 10)","Dextromethorphan + Chlorpheniramine","Syrups","Grilinctus","Zydus Lifesciences",108,71.6,91.8,"Bottle"
"Corex DX Syrup 100ml Syrup (Batch 10)","Chlorpheniramine + Dextromethorphan","Syrups","Corex","Sanofi India",131,86.9,111.4,"Bottle"
"Solvin Cold Syrup 60ml Syrup (Batch 10)","Paracetamol + Phenylephrine + Chlorpheniramine","Syrups","Solvin","USV Private Ltd",79,52.3,67.1,"Bottle"
"Volini Gel Respules (Batch 10)","Diclofenac + Methyl Salicylate + Menthol","Others","Volini","Pfizer India",107,71,91,"Piece"
"Moov Gel Inhaler (Batch 10)","Oil of Wintergreen + Menthol + Turpentine Oil","Others","Moov","Micro Labs Ltd",115,76.3,97.8,"Piece"
"Iodex Balm Inhaler (Batch 10)","Methyl Salicylate + Menthol + Camphor","Others","Iodex","Blue Cross Laboratories",113,75,96.1,"Piece"
"Betnovate-N Inhaler (Batch 10)","Betamethasone + Neomycin","Others","Betnovate","Aristo Pharmaceuticals",51,33.9,43.4,"Piece"
"Betnovate-C Respules (Batch 10)","Betamethasone + Clioquinol","Others","Betnovate","FDC Ltd",42,27.8,35.7,"Piece"
"Betnovate-GM Inhaler (Batch 10)","Betamethasone + Gentamicin + Miconazole","Others","Betnovate","J.B. Chemicals & Pharmaceuticals",49,32.5,41.7,"Piece"
"Quadriderm RF Respules (Batch 10)","Beclomethasone + Clotrimazole + Neomycin","Others","Quadriderm","Wockhardt Ltd",75,49.8,63.8,"Piece"
"Panderm Super Respules (Batch 10)","Clobetasol + Neomycin + Miconazole","Others","Panderm","Apex Laboratories",88,58.3,74.8,"Piece"
"Tenovate Cream Respules (Batch 10)","Clobetasol Propionate","Others","Tenovate","Intas Pharmaceuticals",71,47.1,60.4,"Piece"
"Ciplox Eye/Ear Drops Respules (Batch 10)","Ciprofloxacin Eye Drops","Drops","Ciplox","Macleods Pharmaceuticals",29,19.3,24.7,"Piece"
"Moxicip Eye Drops Inhaler (Batch 10)","Moxifloxacin Eye Drops","Drops","Moxicip","Hetero Healthcare",62,41.1,52.7,"Piece"
"Otrivin Nasal Spray Inhaler (Batch 10)","Xylometazoline Hydrochloride","Drops","Otrivin","Biocon Ltd",100,66.3,85,"Piece"
"Nasoclear Drops Respules (Batch 10)","Sodium Chloride Nasal Solution","Drops","Nasoclear","AstraZeneca India",43,28.5,36.6,"Piece"
"Calpol 600mg (Batch 11)","Paracetamol","Tablets","Calpol","Bayer India",16,10.6,13.6,"Strip"
"Crocin Advance 80mg (Batch 11)","Paracetamol","Tablets","Crocin","IPCA Laboratories",16,10.6,13.6,"Strip"
"Dolo Plus (Batch 11)","Paracetamol","Tablets","Dolo","Alembic Pharmaceuticals",22,14.6,18.7,"Strip"
"Pacimol 625mg (Batch 11)","Paracetamol","Tablets","Pacimol","GSK Pharma",10,6.6,8.5,"Strip"
"Sumo L 100mg (Batch 11)","Paracetamol","Tablets","Sumo","Abbott India",16,10.6,13.6,"Strip"
"Combiflam Forte (Batch 11)","Ibuprofen + Paracetamol","Tablets","Combiflam","Sun Pharmaceutical Industries",36,23.9,30.6,"Strip"
"Flexon 650mg (Batch 11)","Ibuprofen + Paracetamol","Tablets","Flexon","Cipla Ltd",29,19.3,24.7,"Strip"
"Ibugesic Plus 150mg (Batch 11)","Ibuprofen + Paracetamol","Tablets","Ibugesic","Lupin Ltd",25,16.6,21.3,"Strip"
"Acecloc 5mg (Batch 11)","Aceclofenac + Paracetamol","Tablets","Acecloc","Mankind Pharma",50,33.2,42.5,"Strip"
"Zerodol-P 1g (Batch 11)","Aceclofenac + Paracetamol","Tablets","Zerodol","Torrent Pharmaceuticals",78,51.7,66.3,"Strip"
"Hifenac-P 200mg (Batch 11)","Aceclofenac + Paracetamol","Tablets","Hifenac","Dr. Reddy s Laboratories",66,43.8,56.1,"Strip"
"Zerodol-SP 10mg (Batch 11)","Aceclofenac + Paracetamol + Serratiopeptidase","Tablets","Zerodol","Alkem Laboratories",104,69,88.4,"Strip"
"Meftal-Spas SR (Batch 11)","Mefenamic Acid + Dicyclomine","Tablets","Meftal","Glenmark Pharmaceuticals",52,34.5,44.2,"Strip"
"Cyclopam 250mg (Batch 11)","Dicyclomine + Paracetamol","Tablets","Cyclopam","Cadila Pharmaceuticals",53,35.2,45.1,"Strip"
"Ultracet 20mg (Batch 11)","Tramadol + Paracetamol","Tablets","Ultracet","Zydus Lifesciences",213,141.2,181,"Strip"
"Tramazac DSR (Batch 11)","Tramadol","Capsules","Tramazac","Sanofi India",86,57,73.1,"Strip"
"Nise 300mg (Batch 11)","Nimesulide","Tablets","Nise","USV Private Ltd",99,65.6,84.1,"Strip"
"Nimulid 40mg (Batch 11)","Nimesulide","Tablets","Nimulid","Pfizer India",57,37.8,48.4,"Strip"
"Amox XL (Batch 11)","Amoxicillin","Capsules","Amox","Micro Labs Ltd",50,33.2,42.5,"Strip"
"Amoxil 400mg (Batch 11)","Amoxicillin","Capsules","Amoxil","Blue Cross Laboratories",58,38.5,49.3,"Strip"
"Mox 50mg (Batch 11)","Amoxicillin","Capsules","Mox","Aristo Pharmaceuticals",79,52.3,67.1,"Strip"
"Novamox Duo (Batch 11)","Amoxicillin","Capsules","Novamox","FDC Ltd",72,47.7,61.2,"Strip"
"Clavam 500mg (Batch 11)","Amoxicillin + Potassium Clavulanate","Tablets","Clavam","J.B. Chemicals & Pharmaceuticals",127,84.2,108,"Strip"
"Augmentin 75mg (Batch 11)","Amoxicillin + Potassium Clavulanate","Tablets","Augmentin","Wockhardt Ltd",210,139.2,178.5,"Strip"
"Moxikind-CV Kid (Batch 11)","Amoxicillin + Potassium Clavulanate","Tablets","Moxikind","Apex Laboratories",113,75,96.1,"Strip"
"Advent 600mg (Batch 11)","Amoxicillin + Potassium Clavulanate","Tablets","Advent","Intas Pharmaceuticals",181,120,153.9,"Strip"
"Azee 80mg (Batch 11)","Azithromycin","Tablets","Azee","Macleods Pharmaceuticals",89,59,75.6,"Strip"
"Azithral Plus (Batch 11)","Azithromycin","Tablets","Azithral","Hetero Healthcare",142,94.1,120.7,"Strip"
"Azax 625mg (Batch 11)","Azithromycin","Tablets","Azax","Biocon Ltd",80,53,68,"Strip"
"Zifi 100mg (Batch 11)","Cefixime","Tablets","Zifi","AstraZeneca India",98,65,83.3,"Strip"
"Taxim-O Forte (Batch 11)","Cefixime","Tablets","Taxim-O","Bayer India",131,86.9,111.4,"Strip"
"Cefolac 650mg (Batch 11)","Cefixime","Tablets","Cefolac","IPCA Laboratories",74,49.1,62.9,"Strip"
"Milixim 150mg (Batch 11)","Cefixime","Tablets","Milixim","Alembic Pharmaceuticals",134,88.8,113.9,"Strip"
"Gepod 5mg (Batch 11)","Cefpodoxime Proxetil","Tablets","Gepod","GSK Pharma",100,66.3,85,"Strip"
"Monocef-O 1g (Batch 11)","Cefpodoxime Proxetil","Tablets","Monocef-O","Abbott India",163,108,138.5,"Strip"
"Macpod 200mg (Batch 11)","Cefpodoxime Proxetil","Tablets","Macpod","Sun Pharmaceutical Industries",146,96.8,124.1,"Strip"
"Oflomac 10mg (Batch 11)","Ofloxacin","Tablets","Oflomac","Cipla Ltd",49,32.5,41.7,"Strip"
"Oframax SR (Batch 11)","Ofloxacin","Tablets","Oframax","Lupin Ltd",82,54.4,69.7,"Strip"
"Oflotas 250mg (Batch 11)","Ofloxacin","Tablets","Oflotas","Mankind Pharma",63,41.8,53.6,"Strip"
"Oflomac-OZ 20mg (Batch 11)","Ofloxacin + Ornidazole","Tablets","Oflomac","Torrent Pharmaceuticals",123,81.6,104.6,"Strip"
"Zenflox-OZ DSR (Batch 11)","Ofloxacin + Ornidazole","Tablets","Zenflox","Dr. Reddy s Laboratories",111,73.6,94.4,"Strip"
"Norflox 300mg (Batch 11)","Norfloxacin","Tablets","Norflox","Alkem Laboratories",79,52.3,67.1,"Strip"
"Norflox-TZ 40mg (Batch 11)","Norfloxacin + Tinidazole","Tablets","Norflox","Glenmark Pharmaceuticals",82,54.4,69.7,"Strip"
"Ciplox XL (Batch 11)","Ciprofloxacin","Tablets","Ciplox","Cadila Pharmaceuticals",35,23.2,29.8,"Strip"
"Ciprobid 400mg (Batch 11)","Ciprofloxacin","Tablets","Ciprobid","Zydus Lifesciences",53,35.2,45.1,"Strip"
"Atorva 50mg (Batch 11)","Atorvastatin","Tablets","Atorva","Sanofi India",51,33.9,43.4,"Strip"
"Lipitor Duo (Batch 11)","Atorvastatin","Tablets","Lipitor","USV Private Ltd",269,178.4,228.7,"Strip"
"Lipikind 500mg (Batch 11)","Atorvastatin","Tablets","Lipikind","Pfizer India",67,44.5,57,"Strip"
"Tonact 75mg (Batch 11)","Atorvastatin","Tablets","Tonact","Micro Labs Ltd",135,89.5,114.8,"Strip"
"Rosuvas Kid (Batch 11)","Rosuvastatin","Tablets","Rosuvas","Blue Cross Laboratories",138,91.5,117.3,"Strip"
"Rosyn 600mg (Batch 11)","Rosuvastatin","Tablets","Rosyn","Aristo Pharmaceuticals",141,93.5,119.9,"Strip"
"Roseday 80mg (Batch 11)","Rosuvastatin","Tablets","Roseday","FDC Ltd",114,75.6,96.9,"Strip"
"Crevast Plus (Batch 11)","Rosuvastatin","Tablets","Crevast","J.B. Chemicals & Pharmaceuticals",172,114,146.2,"Strip"
"Telma 625mg (Batch 11)","Telmisartan","Tablets","Telma","Wockhardt Ltd",85,56.4,72.3,"Strip"
"Telvas 100mg (Batch 11)","Telmisartan","Tablets","Telvas","Apex Laboratories",71,47.1,60.4,"Strip"
"Telsar Forte (Batch 11)","Telmisartan","Tablets","Telsar","Intas Pharmaceuticals",116,76.9,98.6,"Strip"
"Telma-H 650mg (Batch 11)","Telmisartan + Hydrochlorothiazide","Tablets","Telma","Macleods Pharmaceuticals",94,62.3,79.9,"Strip"
"Telvas-H 150mg (Batch 11)","Telmisartan + Hydrochlorothiazide","Tablets","Telvas","Hetero Healthcare",117,77.6,99.5,"Strip"
"Amlokind 5mg (Batch 11)","Amlodipine","Tablets","Amlokind","Biocon Ltd",12,8,10.2,"Strip"
"Amlosafe 1g (Batch 11)","Amlodipine","Tablets","Amlosafe","AstraZeneca India",23,15.3,19.6,"Strip"
"Amlovas 200mg (Batch 11)","Amlodipine","Tablets","Amlovas","Bayer India",31,20.6,26.4,"Strip"
"Cilacar 10mg (Batch 11)","Cilnidipine","Tablets","Cilacar","IPCA Laboratories",94,62.3,79.9,"Strip"
"Cilnidac SR (Batch 11)","Cilnidipine","Tablets","Cilnidac","Alembic Pharmaceuticals",117,77.6,99.5,"Strip"
"Concor 250mg (Batch 11)","Bisoprolol Fumarate","Tablets","Concor","GSK Pharma",60,39.8,51,"Strip"
"Starpress 20mg (Batch 11)","Metoprolol Succinate","Tablets","Starpress","Abbott India",118,78.2,100.3,"Strip"
"Metolar DSR (Batch 11)","Metoprolol Tartrate","Tablets","Metolar","Sun Pharmaceutical Industries",61,40.5,51.9,"Strip"
"Glycomet 300mg (Batch 11)","Metformin Hydrochloride","Tablets","Glycomet","Cipla Ltd",19,12.6,16.2,"Strip"
"Metformin SR 40mg (Batch 11)","Metformin Hydrochloride","Tablets","Metformin","Lupin Ltd",29,19.3,24.7,"Strip"
"Glycomet GP XL (Batch 11)","Glimepiride + Metformin","Tablets","Glycomet GP","Mankind Pharma",55,36.5,46.8,"Strip"
"Amaryl M 400mg (Batch 11)","Glimepiride + Metformin","Tablets","Amaryl","Torrent Pharmaceuticals",98,65,83.3,"Strip"
"Glimisave M 50mg (Batch 11)","Glimepiride + Metformin","Tablets","Glimisave","Dr. Reddy s Laboratories",96,63.6,81.6,"Strip"
"Jalra-M Duo (Batch 11)","Vildagliptin + Metformin","Tablets","Jalra-M","Alkem Laboratories",324,214.8,275.4,"Strip"
"Galvus Met 500mg (Batch 11)","Vildagliptin + Metformin","Tablets","Galvus","Glenmark Pharmaceuticals",427,283.1,363,"Strip"
"Ziten M 75mg (Batch 11)","Teneligliptin + Metformin","Tablets","Ziten","Cadila Pharmaceuticals",170,112.7,144.5,"Strip"
"Dynaglipt M Kid (Batch 11)","Teneligliptin + Metformin","Tablets","Dynaglipt","Zydus Lifesciences",168,111.4,142.8,"Strip"
"Voglistar 600mg (Batch 11)","Voglibose","Tablets","Voglistar","Sanofi India",76,50.4,64.6,"Strip"
"Volibo 80mg (Batch 11)","Voglibose","Tablets","Volibo","USV Private Ltd",84,55.7,71.4,"Strip"
"Pantocid Plus (Batch 11)","Pantoprazole","Tablets","Pantocid","Pfizer India",82,54.4,69.7,"Strip"
"Pan 625mg (Batch 11)","Pantoprazole","Tablets","Pan","Micro Labs Ltd",145,96.2,123.3,"Strip"
"Pantodac 100mg (Batch 11)","Pantoprazole","Tablets","Pantodac","Blue Cross Laboratories",103,68.3,87.6,"Strip"
"Pan-D Forte (Batch 11)","Pantoprazole + Domperidone","Capsules","Pan-D","Aristo Pharmaceuticals",211,139.9,179.4,"Strip"
"Pantocid-DSR 650mg (Batch 11)","Pantoprazole + Domperidone","Capsules","Pantocid","FDC Ltd",224,148.5,190.4,"Strip"
"Pantosec-DSR 150mg (Batch 11)","Pantoprazole + Domperidone","Capsules","Pantosec","J.B. Chemicals & Pharmaceuticals",192,127.3,163.2,"Strip"
"Omez 5mg (Batch 11)","Omeprazole","Capsules","Omez","Wockhardt Ltd",30,19.9,25.5,"Strip"
"Omecip 1g (Batch 11)","Omeprazole","Capsules","Omecip","Apex Laboratories",43,28.5,36.6,"Strip"
"Omez-D 200mg (Batch 11)","Omeprazole + Domperidone","Capsules","Omez","Intas Pharmaceuticals",61,40.5,51.9,"Strip"
"Rabicip 10mg (Batch 11)","Rabeprazole","Tablets","Rabicip","Macleods Pharmaceuticals",104,69,88.4,"Strip"
"Rabeloc SR (Batch 11)","Rabeprazole","Tablets","Rabeloc","Hetero Healthcare",102,67.6,86.7,"Strip"
"Rabicip-DSR 250mg (Batch 11)","Rabeprazole + Domperidone","Capsules","Rabicip","Biocon Ltd",150,99.5,127.5,"Strip"
"Razo-DSR 20mg (Batch 11)","Rabeprazole + Domperidone","Capsules","Razo","AstraZeneca India",188,124.6,159.8,"Strip"
"Sompraz DSR (Batch 11)","Esomeprazole","Tablets","Sompraz","Bayer India",146,96.8,124.1,"Strip"
"Nexpro 300mg (Batch 11)","Esomeprazole","Tablets","Nexpro","IPCA Laboratories",109,72.2,92.6,"Strip"
"Sompraz-DSR 40mg (Batch 11)","Esomeprazole + Domperidone","Capsules","Sompraz","Alembic Pharmaceuticals",232,153.8,197.2,"Strip"
"Nexpro-RD XL (Batch 11)","Esomeprazole + Domperidone","Capsules","Nexpro","GSK Pharma",215,142.6,182.8,"Strip"
"Aciloc 400mg (Batch 11)","Ranitidine","Tablets","Aciloc","Abbott India",25,16.6,21.3,"Strip"
"Rantac 50mg (Batch 11)","Ranitidine","Tablets","Rantac","Sun Pharmaceutical Industries",31,20.6,26.4,"Strip"
"Zinetac Duo (Batch 11)","Ranitidine","Tablets","Zinetac","Cipla Ltd",23,15.3,19.6,"Strip"
"Okacet 500mg (Batch 11)","Cetirizine","Tablets","Okacet","Lupin Ltd",12,8,10.2,"Strip"
"Cetcip 75mg (Batch 11)","Cetirizine","Tablets","Cetcip","Mankind Pharma",23,15.3,19.6,"Strip"
"Alerid Kid (Batch 11)","Cetirizine","Tablets","Alerid","Torrent Pharmaceuticals",14,9.3,11.9,"Strip"
"Teczine 600mg (Batch 11)","Levocetirizine","Tablets","Teczine","Dr. Reddy s Laboratories",36,23.9,30.6,"Strip"
"Lecope 80mg (Batch 11)","Levocetirizine","Tablets","Lecope","Alkem Laboratories",42,27.8,35.7,"Strip"
"Sizloc Plus (Batch 11)","Levocetirizine","Tablets","Sizloc","Glenmark Pharmaceuticals",33,21.9,28.1,"Strip"
"Montair-LC 625mg (Batch 11)","Montelukast + Levocetirizine","Tablets","Montair","Cadila Pharmaceuticals",130,86.2,110.5,"Strip"
"Telekast-L 100mg (Batch 11)","Montelukast + Levocetirizine","Tablets","Telekast","Zydus Lifesciences",163,108,138.5,"Strip"
"Montemac-L Forte (Batch 11)","Montelukast + Levocetirizine","Tablets","Montemac","Sanofi India",196,129.9,166.6,"Strip"
"Montek-LC 650mg (Batch 11)","Montelukast + Levocetirizine","Tablets","Montek","USV Private Ltd",214,141.9,181.9,"Strip"
"Allegra 150mg (Batch 11)","Fexofenadine Hydrochloride","Tablets","Allegra","Pfizer India",202,133.9,171.7,"Strip"
"Fexo 5mg (Batch 11)","Fexofenadine Hydrochloride","Tablets","Fexo","Micro Labs Ltd",85,56.4,72.3,"Strip"
"Fexigra 1g (Batch 11)","Fexofenadine Hydrochloride","Tablets","Fexigra","Blue Cross Laboratories",93,61.7,79.1,"Strip"
"Avil 200mg (Batch 11)","Pheniramine Maleate","Tablets","Avil","Aristo Pharmaceuticals",9,6,7.7,"Strip"
"Atarax 10mg (Batch 11)","Hydroxyzine Hydrochloride","Tablets","Atarax","FDC Ltd",74,49.1,62.9,"Strip"
"Becosules SR (Batch 11)","Vitamin B Complex + Vitamin C","Capsules","Becosules","J.B. Chemicals & Pharmaceuticals",27,17.9,23,"Strip"
"Cobadex Forte 250mg (Batch 11)","Vitamin B Complex + Zinc","Capsules","Cobadex","Wockhardt Ltd",32,21.2,27.2,"Strip"
"Zincovit 20mg (Batch 11)","Multivitamin + Multimineral","Tablets","Zincovit","Apex Laboratories",78,51.7,66.3,"Strip"
"Revital H DSR (Batch 11)","Multivitamins + Minerals + Ginseng","Capsules","Revital","Intas Pharmaceuticals",196,129.9,166.6,"Strip"
"Limcee Orange 300mg (Batch 11)","Vitamin C (Ascorbic Acid)","Tablets","Limcee","Macleods Pharmaceuticals",29,19.3,24.7,"Strip"
"Celin chewable 40mg (Batch 11)","Vitamin C (Ascorbic Acid)","Tablets","Celin","Hetero Healthcare",30,19.9,25.5,"Strip"
"Shelcal XL (Batch 11)","Calcium + Vitamin D3","Tablets","Shelcal","Biocon Ltd",95,63,80.8,"Strip"
"Cipcal 400mg (Batch 11)","Calcium + Vitamin D3","Tablets","Cipcal","AstraZeneca India",78,51.7,66.3,"Strip"
"Calcirol Sachet 50mg (Batch 11)","Cholecalciferol (Vitamin D3)","Others","Calcirol","Bayer India",26,17.2,22.1,"Sachet"
"D3-Must Duo (Batch 11)","Cholecalciferol (Vitamin D3)","Capsules","D3-Must","IPCA Laboratories",43,28.5,36.6,"Strip"
"Evion 500mg (Batch 11)","Vitamin E","Capsules","Evion","Alembic Pharmaceuticals",32,21.2,27.2,"Strip"
"Neurobion Forte 75mg (Batch 11)","Vitamin B Complex + Methylcobalamin","Tablets","Neurobion","GSK Pharma",25,16.6,21.3,"Strip"
"Mecobon Kid (Batch 11)","Methylcobalamin","Tablets","Mecobon","Abbott India",163,108,138.5,"Strip"
"Asthalin Respules (Batch 11)","Salbutamol","Inhalers","Asthalin","Sun Pharmaceutical Industries",146,96.8,124.1,"Piece"
"Duolin Respules (Batch 11)","Levosalbutamol + Ipratropium Bromide","Inhalers","Duolin","Cipla Ltd",279,185,237.2,"Piece"
"Budecort Inhaler (Batch 11)","Budesonide","Inhalers","Budecort","Lupin Ltd",292,193.6,248.2,"Piece"
"Foracort Respules (Batch 11)","Budesonide + Formoterol Fumarate","Inhalers","Foracort","Mankind Pharma",255,169.1,216.8,"Piece"
"Benadryl Syrup 100ml Syrup (Batch 11)","Diphenhydramine + Ammonium Chloride + Sodium Citrate","Syrups","Benadryl","Torrent Pharmaceuticals",103,68.3,87.6,"Bottle"
"Ascoril LS Syrup 60ml Syrup (Batch 11)","Ambroxol + Levosalbutamol + Guaiphenesin","Syrups","Ascoril","Dr. Reddy s Laboratories",101,67,85.9,"Bottle"
"Grilinctus Syrup 100ml Syrup (Batch 11)","Dextromethorphan + Chlorpheniramine","Syrups","Grilinctus","Alkem Laboratories",129,85.6,109.7,"Bottle"
"Corex DX Syrup 60ml Syrup (Batch 11)","Chlorpheniramine + Dextromethorphan","Syrups","Corex","Glenmark Pharmaceuticals",117,77.6,99.5,"Bottle"
"Solvin Cold Syrup 100ml Syrup (Batch 11)","Paracetamol + Phenylephrine + Chlorpheniramine","Syrups","Solvin","Cadila Pharmaceuticals",65,43.1,55.3,"Bottle"
"Volini Gel Inhaler (Batch 11)","Diclofenac + Methyl Salicylate + Menthol","Others","Volini","Zydus Lifesciences",148,98.1,125.8,"Piece"
"Moov Gel Respules (Batch 11)","Oil of Wintergreen + Menthol + Turpentine Oil","Others","Moov","Sanofi India",126,83.5,107.1,"Piece"
"Iodex Balm Respules (Batch 11)","Methyl Salicylate + Menthol + Camphor","Others","Iodex","USV Private Ltd",104,69,88.4,"Piece"
"Betnovate-N Respules (Batch 11)","Betamethasone + Neomycin","Others","Betnovate","Pfizer India",37,24.6,31.5,"Piece"
"Betnovate-C Inhaler (Batch 11)","Betamethasone + Clioquinol","Others","Betnovate","Micro Labs Ltd",53,35.2,45.1,"Piece"
"Betnovate-GM Inhaler (Batch 11)","Betamethasone + Gentamicin + Miconazole","Others","Betnovate","Blue Cross Laboratories",70,46.4,59.5,"Piece"
"Quadriderm RF Inhaler (Batch 11)","Beclomethasone + Clotrimazole + Neomycin","Others","Quadriderm","Aristo Pharmaceuticals",66,43.8,56.1,"Piece"
"Panderm Super Inhaler (Batch 11)","Clobetasol + Neomycin + Miconazole","Others","Panderm","FDC Ltd",109,72.2,92.6,"Piece"
"Tenovate Cream Inhaler (Batch 11)","Clobetasol Propionate","Others","Tenovate","J.B. Chemicals & Pharmaceuticals",57,37.8,48.4,"Piece"
"Ciplox Eye/Ear Drops Inhaler (Batch 11)","Ciprofloxacin Eye Drops","Drops","Ciplox","Wockhardt Ltd",20,13.3,17,"Piece"
"Moxicip Eye Drops Respules (Batch 11)","Moxifloxacin Eye Drops","Drops","Moxicip","Apex Laboratories",48,31.8,40.8,"Piece"
"Otrivin Nasal Spray Respules (Batch 11)","Xylometazoline Hydrochloride","Drops","Otrivin","Intas Pharmaceuticals",91,60.4,77.4,"Piece"
"Nasoclear Drops Respules (Batch 11)","Sodium Chloride Nasal Solution","Drops","Nasoclear","Macleods Pharmaceuticals",54,35.8,45.9,"Piece"
"Calpol 500mg (Batch 12)","Paracetamol","Tablets","Calpol","Hetero Healthcare",27,17.9,23,"Strip"
"Crocin Advance 75mg (Batch 12)","Paracetamol","Tablets","Crocin","Biocon Ltd",22,14.6,18.7,"Strip"
"Dolo Kid (Batch 12)","Paracetamol","Tablets","Dolo","AstraZeneca India",28,18.6,23.8,"Strip"
"Pacimol 600mg (Batch 12)","Paracetamol","Tablets","Pacimol","Bayer India",11,7.3,9.4,"Strip"
"Sumo L 80mg (Batch 12)","Paracetamol","Tablets","Sumo","IPCA Laboratories",19,12.6,16.2,"Strip"
"Combiflam Plus (Batch 12)","Ibuprofen + Paracetamol","Tablets","Combiflam","Alembic Pharmaceuticals",47,31.1,39.9,"Strip"
"Flexon 625mg (Batch 12)","Ibuprofen + Paracetamol","Tablets","Flexon","GSK Pharma",20,13.3,17,"Strip"
"Ibugesic Plus 100mg (Batch 12)","Ibuprofen + Paracetamol","Tablets","Ibugesic","Abbott India",31,20.6,26.4,"Strip"
"Acecloc Forte (Batch 12)","Aceclofenac + Paracetamol","Tablets","Acecloc","Sun Pharmaceutical Industries",81,53.7,68.9,"Strip"
"Zerodol-P 650mg (Batch 12)","Aceclofenac + Paracetamol","Tablets","Zerodol","Cipla Ltd",69,45.8,58.7,"Strip"
"Hifenac-P 150mg (Batch 12)","Aceclofenac + Paracetamol","Tablets","Hifenac","Lupin Ltd",87,57.7,74,"Strip"
"Zerodol-SP 5mg (Batch 12)","Aceclofenac + Paracetamol + Serratiopeptidase","Tablets","Zerodol","Mankind Pharma",115,76.3,97.8,"Strip"
"Meftal-Spas 1g (Batch 12)","Mefenamic Acid + Dicyclomine","Tablets","Meftal","Torrent Pharmaceuticals",43,28.5,36.6,"Strip"
"Cyclopam 200mg (Batch 12)","Dicyclomine + Paracetamol","Tablets","Cyclopam","Dr. Reddy s Laboratories",39,25.9,33.2,"Strip"
"Ultracet 10mg (Batch 12)","Tramadol + Paracetamol","Tablets","Ultracet","Alkem Laboratories",234,155.1,198.9,"Strip"
"Tramazac SR (Batch 12)","Tramadol","Capsules","Tramazac","Glenmark Pharmaceuticals",97,64.4,82.5,"Strip"
"Nise 250mg (Batch 12)","Nimesulide","Tablets","Nise","Cadila Pharmaceuticals",75,49.8,63.8,"Strip"
"Nimulid 20mg (Batch 12)","Nimesulide","Tablets","Nimulid","Zydus Lifesciences",88,58.3,74.8,"Strip"
"Amox DSR (Batch 12)","Amoxicillin","Capsules","Amox","Sanofi India",41,27.2,34.9,"Strip"
"Amoxil 300mg (Batch 12)","Amoxicillin","Capsules","Amoxil","USV Private Ltd",69,45.8,58.7,"Strip"
"Mox 40mg (Batch 12)","Amoxicillin","Capsules","Mox","Pfizer India",55,36.5,46.8,"Strip"
"Novamox XL (Batch 12)","Amoxicillin","Capsules","Novamox","Micro Labs Ltd",63,41.8,53.6,"Strip"
"Clavam 400mg (Batch 12)","Amoxicillin + Potassium Clavulanate","Tablets","Clavam","Blue Cross Laboratories",138,91.5,117.3,"Strip"
"Augmentin 50mg (Batch 12)","Amoxicillin + Potassium Clavulanate","Tablets","Augmentin","Aristo Pharmaceuticals",201,133.3,170.9,"Strip"
"Moxikind-CV Duo (Batch 12)","Amoxicillin + Potassium Clavulanate","Tablets","Moxikind","FDC Ltd",134,88.8,113.9,"Strip"
"Advent 500mg (Batch 12)","Amoxicillin + Potassium Clavulanate","Tablets","Advent","J.B. Chemicals & Pharmaceuticals",192,127.3,163.2,"Strip"
"Azee 75mg (Batch 12)","Azithromycin","Tablets","Azee","Wockhardt Ltd",110,72.9,93.5,"Strip"
"Azithral Kid (Batch 12)","Azithromycin","Tablets","Azithral","Apex Laboratories",153,101.4,130,"Strip"
"Azax 600mg (Batch 12)","Azithromycin","Tablets","Azax","Intas Pharmaceuticals",71,47.1,60.4,"Strip"
"Zifi 80mg (Batch 12)","Cefixime","Tablets","Zifi","Macleods Pharmaceuticals",134,88.8,113.9,"Strip"
"Taxim-O Plus (Batch 12)","Cefixime","Tablets","Taxim-O","Hetero Healthcare",122,80.9,103.7,"Strip"
"Cefolac 625mg (Batch 12)","Cefixime","Tablets","Cefolac","Biocon Ltd",95,63,80.8,"Strip"
"Milixim 100mg (Batch 12)","Cefixime","Tablets","Milixim","AstraZeneca India",95,63,80.8,"Strip"
"Gepod Forte (Batch 12)","Cefpodoxime Proxetil","Tablets","Gepod","Bayer India",91,60.4,77.4,"Strip"
"Monocef-O 650mg (Batch 12)","Cefpodoxime Proxetil","Tablets","Monocef-O","IPCA Laboratories",184,122,156.4,"Strip"
"Macpod 150mg (Batch 12)","Cefpodoxime Proxetil","Tablets","Macpod","Alembic Pharmaceuticals",137,90.9,116.5,"Strip"
"Oflomac 5mg (Batch 12)","Ofloxacin","Tablets","Oflomac","GSK Pharma",40,26.5,34,"Strip"
"Oframax 1g (Batch 12)","Ofloxacin","Tablets","Oframax","Abbott India",58,38.5,49.3,"Strip"
"Oflotas 200mg (Batch 12)","Ofloxacin","Tablets","Oflotas","Sun Pharmaceutical Industries",49,32.5,41.7,"Strip"
"Oflomac-OZ 10mg (Batch 12)","Ofloxacin + Ornidazole","Tablets","Oflomac","Cipla Ltd",114,75.6,96.9,"Strip"
"Zenflox-OZ SR (Batch 12)","Ofloxacin + Ornidazole","Tablets","Zenflox","Lupin Ltd",137,90.9,116.5,"Strip"
"Norflox 250mg (Batch 12)","Norfloxacin","Tablets","Norflox","Mankind Pharma",65,43.1,55.3,"Strip"
"Norflox-TZ 20mg (Batch 12)","Norfloxacin + Tinidazole","Tablets","Norflox","Torrent Pharmaceuticals",103,68.3,87.6,"Strip"
"Ciplox DSR (Batch 12)","Ciprofloxacin","Tablets","Ciplox","Dr. Reddy s Laboratories",26,17.2,22.1,"Strip"
"Ciprobid 300mg (Batch 12)","Ciprofloxacin","Tablets","Ciprobid","Alkem Laboratories",44,29.2,37.4,"Strip"
"Atorva 40mg (Batch 12)","Atorvastatin","Tablets","Atorva","Glenmark Pharmaceuticals",162,107.4,137.7,"Strip"
"Lipitor XL (Batch 12)","Atorvastatin","Tablets","Lipitor","Cadila Pharmaceuticals",180,119.3,153,"Strip"
"Lipikind 400mg (Batch 12)","Atorvastatin","Tablets","Lipikind","Zydus Lifesciences",58,38.5,49.3,"Strip"
"Tonact 50mg (Batch 12)","Atorvastatin","Tablets","Tonact","Sanofi India",66,43.8,56.1,"Strip"
"Rosuvas Duo (Batch 12)","Rosuvastatin","Tablets","Rosuvas","USV Private Ltd",249,165.1,211.7,"Strip"
"Rosyn 500mg (Batch 12)","Rosuvastatin","Tablets","Rosyn","Pfizer India",102,67.6,86.7,"Strip"
"Roseday 75mg (Batch 12)","Rosuvastatin","Tablets","Roseday","Micro Labs Ltd",125,82.9,106.3,"Strip"
"Crevast Kid (Batch 12)","Rosuvastatin","Tablets","Crevast","Blue Cross Laboratories",163,108,138.5,"Strip"
"Telma 600mg (Batch 12)","Telmisartan","Tablets","Telma","Aristo Pharmaceuticals",126,83.5,107.1,"Strip"
"Telvas 80mg (Batch 12)","Telmisartan","Tablets","Telvas","FDC Ltd",92,61,78.2,"Strip"
"Telsar Plus (Batch 12)","Telmisartan","Tablets","Telsar","J.B. Chemicals & Pharmaceuticals",127,84.2,108,"Strip"
"Telma-H 625mg (Batch 12)","Telmisartan + Hydrochlorothiazide","Tablets","Telma","Wockhardt Ltd",85,56.4,72.3,"Strip"
"Telvas-H 100mg (Batch 12)","Telmisartan + Hydrochlorothiazide","Tablets","Telvas","Apex Laboratories",128,84.9,108.8,"Strip"
"Amlokind Forte (Batch 12)","Amlodipine","Tablets","Amlokind","Intas Pharmaceuticals",23,15.3,19.6,"Strip"
"Amlosafe 650mg (Batch 12)","Amlodipine","Tablets","Amlosafe","Macleods Pharmaceuticals",44,29.2,37.4,"Strip"
"Amlovas 150mg (Batch 12)","Amlodipine","Tablets","Amlovas","Hetero Healthcare",38,25.2,32.3,"Strip"
"Cilacar 5mg (Batch 12)","Cilnidipine","Tablets","Cilacar","Biocon Ltd",115,76.3,97.8,"Strip"
"Cilnidac 1g (Batch 12)","Cilnidipine","Tablets","Cilnidac","AstraZeneca India",108,71.6,91.8,"Strip"
"Concor 200mg (Batch 12)","Bisoprolol Fumarate","Tablets","Concor","Bayer India",171,113.4,145.4,"Strip"
"Starpress 10mg (Batch 12)","Metoprolol Succinate","Tablets","Starpress","IPCA Laboratories",49,32.5,41.7,"Strip"
"Metolar SR (Batch 12)","Metoprolol Tartrate","Tablets","Metolar","Alembic Pharmaceuticals",52,34.5,44.2,"Strip"
"Glycomet 250mg (Batch 12)","Metformin Hydrochloride","Tablets","Glycomet","GSK Pharma",40,26.5,34,"Strip"
"Metformin SR 20mg (Batch 12)","Metformin Hydrochloride","Tablets","Metformin","Abbott India",15,10,12.8,"Strip"
"Glycomet GP DSR (Batch 12)","Glimepiride + Metformin","Tablets","Glycomet GP","Sun Pharmaceutical Industries",96,63.6,81.6,"Strip"
"Amaryl M 300mg (Batch 12)","Glimepiride + Metformin","Tablets","Amaryl","Cipla Ltd",209,138.6,177.7,"Strip"
"Glimisave M 40mg (Batch 12)","Glimepiride + Metformin","Tablets","Glimisave","Lupin Ltd",117,77.6,99.5,"Strip"
"Jalra-M XL (Batch 12)","Vildagliptin + Metformin","Tablets","Jalra-M","Mankind Pharma",255,169.1,216.8,"Strip"
"Galvus Met 400mg (Batch 12)","Vildagliptin + Metformin","Tablets","Galvus","Torrent Pharmaceuticals",338,224.1,287.3,"Strip"
"Ziten M 50mg (Batch 12)","Teneligliptin + Metformin","Tablets","Ziten","Dr. Reddy s Laboratories",101,67,85.9,"Strip"
"Dynaglipt M Duo (Batch 12)","Teneligliptin + Metformin","Tablets","Dynaglipt","Alkem Laboratories",179,118.7,152.2,"Strip"
"Voglistar 500mg (Batch 12)","Voglibose","Tablets","Voglistar","Glenmark Pharmaceuticals",67,44.5,57,"Strip"
"Volibo 75mg (Batch 12)","Voglibose","Tablets","Volibo","Cadila Pharmaceuticals",45,29.9,38.3,"Strip"
"Pantocid Kid (Batch 12)","Pantoprazole","Tablets","Pantocid","Zydus Lifesciences",123,81.6,104.6,"Strip"
"Pan 600mg (Batch 12)","Pantoprazole","Tablets","Pan","Sanofi India",136,90.2,115.6,"Strip"
"Pantodac 80mg (Batch 12)","Pantoprazole","Tablets","Pantodac","USV Private Ltd",114,75.6,96.9,"Strip"
"Pan-D Plus (Batch 12)","Pantoprazole + Domperidone","Capsules","Pan-D","Pfizer India",202,133.9,171.7,"Strip"
"Pantocid-DSR 625mg (Batch 12)","Pantoprazole + Domperidone","Capsules","Pantocid","Micro Labs Ltd",185,122.7,157.3,"Strip"
"Pantosec-DSR 100mg (Batch 12)","Pantoprazole + Domperidone","Capsules","Pantosec","Blue Cross Laboratories",123,81.6,104.6,"Strip"
"Omez Forte (Batch 12)","Omeprazole","Capsules","Omez","Aristo Pharmaceuticals",41,27.2,34.9,"Strip"
"Omecip 650mg (Batch 12)","Omeprazole","Capsules","Omecip","FDC Ltd",64,42.4,54.4,"Strip"
"Omez-D 150mg (Batch 12)","Omeprazole + Domperidone","Capsules","Omez","J.B. Chemicals & Pharmaceuticals",82,54.4,69.7,"Strip"
"Rabicip 5mg (Batch 12)","Rabeprazole","Tablets","Rabicip","Wockhardt Ltd",95,63,80.8,"Strip"
"Rabeloc 1g (Batch 12)","Rabeprazole","Tablets","Rabeloc","Apex Laboratories",58,38.5,49.3,"Strip"
"Rabicip-DSR 200mg (Batch 12)","Rabeprazole + Domperidone","Capsules","Rabicip","Intas Pharmaceuticals",191,126.7,162.4,"Strip"
"Razo-DSR 10mg (Batch 12)","Rabeprazole + Domperidone","Capsules","Razo","Macleods Pharmaceuticals",149,98.8,126.7,"Strip"
"Sompraz SR (Batch 12)","Esomeprazole","Tablets","Sompraz","Hetero Healthcare",77,51.1,65.5,"Strip"
"Nexpro 250mg (Batch 12)","Esomeprazole","Tablets","Nexpro","Biocon Ltd",130,86.2,110.5,"Strip"
"Sompraz-DSR 20mg (Batch 12)","Esomeprazole + Domperidone","Capsules","Sompraz","AstraZeneca India",193,127.9,164,"Strip"
"Nexpro-RD DSR (Batch 12)","Esomeprazole + Domperidone","Capsules","Nexpro","Bayer India",126,83.5,107.1,"Strip"
"Aciloc 300mg (Batch 12)","Ranitidine","Tablets","Aciloc","IPCA Laboratories",16,10.6,13.6,"Strip"
"Rantac 40mg (Batch 12)","Ranitidine","Tablets","Rantac","Alembic Pharmaceuticals",22,14.6,18.7,"Strip"
"Zinetac XL (Batch 12)","Ranitidine","Tablets","Zinetac","GSK Pharma",30,19.9,25.5,"Strip"
"Okacet 400mg (Batch 12)","Cetirizine","Tablets","Okacet","Abbott India",23,15.3,19.6,"Strip"
"Cetcip 50mg (Batch 12)","Cetirizine","Tablets","Cetcip","Sun Pharmaceutical Industries",26,17.2,22.1,"Strip"
"Alerid Duo (Batch 12)","Cetirizine","Tablets","Alerid","Cipla Ltd",33,21.9,28.1,"Strip"
"Teczine 500mg (Batch 12)","Levocetirizine","Tablets","Teczine","Lupin Ltd",57,37.8,48.4,"Strip"
"Lecope 75mg (Batch 12)","Levocetirizine","Tablets","Lecope","Mankind Pharma",33,21.9,28.1,"Strip"
"Sizloc Kid (Batch 12)","Levocetirizine","Tablets","Sizloc","Torrent Pharmaceuticals",54,35.8,45.9,"Strip"
"Montair-LC 600mg (Batch 12)","Montelukast + Levocetirizine","Tablets","Montair","Dr. Reddy s Laboratories",221,146.6,187.9,"Strip"
"Telekast-L 80mg (Batch 12)","Montelukast + Levocetirizine","Tablets","Telekast","Alkem Laboratories",204,135.3,173.4,"Strip"
"Montemac-L Plus (Batch 12)","Montelukast + Levocetirizine","Tablets","Montemac","Glenmark Pharmaceuticals",207,137.3,176,"Strip"
"Montek-LC 625mg (Batch 12)","Montelukast + Levocetirizine","Tablets","Montek","Cadila Pharmaceuticals",170,112.7,144.5,"Strip"
"Allegra 100mg (Batch 12)","Fexofenadine Hydrochloride","Tablets","Allegra","Zydus Lifesciences",193,127.9,164,"Strip"
"Fexo Forte (Batch 12)","Fexofenadine Hydrochloride","Tablets","Fexo","Sanofi India",106,70.3,90.1,"Strip"
"Fexigra 650mg (Batch 12)","Fexofenadine Hydrochloride","Tablets","Fexigra","USV Private Ltd",104,69,88.4,"Strip"
"Avil 150mg (Batch 12)","Pheniramine Maleate","Tablets","Avil","Pfizer India",10,6.6,8.5,"Strip"
"Atarax 5mg (Batch 12)","Hydroxyzine Hydrochloride","Tablets","Atarax","Micro Labs Ltd",65,43.1,55.3,"Strip"
"Becosules 1g (Batch 12)","Vitamin B Complex + Vitamin C","Capsules","Becosules","Blue Cross Laboratories",38,25.2,32.3,"Strip"
"Cobadex Forte 200mg (Batch 12)","Vitamin B Complex + Zinc","Capsules","Cobadex","Aristo Pharmaceuticals",23,15.3,19.6,"Strip"
"Zincovit 10mg (Batch 12)","Multivitamin + Multimineral","Tablets","Zincovit","FDC Ltd",129,85.6,109.7,"Strip"
"Revital H SR (Batch 12)","Multivitamins + Minerals + Ginseng","Capsules","Revital","J.B. Chemicals & Pharmaceuticals",307,203.6,261,"Strip"
"Limcee Orange 250mg (Batch 12)","Vitamin C (Ascorbic Acid)","Tablets","Limcee","Wockhardt Ltd",20,13.3,17,"Strip"
"Celin chewable 20mg (Batch 12)","Vitamin C (Ascorbic Acid)","Tablets","Celin","Apex Laboratories",21,13.9,17.8,"Strip"
"Shelcal DSR (Batch 12)","Calcium + Vitamin D3","Tablets","Shelcal","Intas Pharmaceuticals",116,76.9,98.6,"Strip"
"Cipcal 300mg (Batch 12)","Calcium + Vitamin D3","Tablets","Cipcal","Macleods Pharmaceuticals",129,85.6,109.7,"Strip"
"Calcirol Sachet 40mg (Batch 12)","Cholecalciferol (Vitamin D3)","Others","Calcirol","Hetero Healthcare",37,24.6,31.5,"Sachet"
"D3-Must XL (Batch 12)","Cholecalciferol (Vitamin D3)","Capsules","D3-Must","Biocon Ltd",29,19.3,24.7,"Strip"
"Evion 400mg (Batch 12)","Vitamin E","Capsules","Evion","AstraZeneca India",63,41.8,53.6,"Strip"
"Neurobion Forte 50mg (Batch 12)","Vitamin B Complex + Methylcobalamin","Tablets","Neurobion","Bayer India",36,23.9,30.6,"Strip"
"Mecobon Duo (Batch 12)","Methylcobalamin","Tablets","Mecobon","IPCA Laboratories",154,102.1,130.9,"Strip"
"Asthalin Inhaler (Batch 12)","Salbutamol","Inhalers","Asthalin","Alembic Pharmaceuticals",107,71,91,"Piece"
"Duolin Inhaler (Batch 12)","Levosalbutamol + Ipratropium Bromide","Inhalers","Duolin","GSK Pharma",210,139.2,178.5,"Piece"
"Budecort Inhaler (Batch 12)","Budesonide","Inhalers","Budecort","Abbott India",283,187.7,240.6,"Piece"
"Foracort Inhaler (Batch 12)","Budesonide + Formoterol Fumarate","Inhalers","Foracort","Sun Pharmaceutical Industries",366,242.7,311.1,"Piece"
"Benadryl Syrup 60ml Syrup (Batch 12)","Diphenhydramine + Ammonium Chloride + Sodium Citrate","Syrups","Benadryl","Cipla Ltd",94,62.3,79.9,"Bottle"
"Ascoril LS Syrup 100ml Syrup (Batch 12)","Ambroxol + Levosalbutamol + Guaiphenesin","Syrups","Ascoril","Lupin Ltd",112,74.3,95.2,"Bottle"
"Grilinctus Syrup 60ml Syrup (Batch 12)","Dextromethorphan + Chlorpheniramine","Syrups","Grilinctus","Mankind Pharma",105,69.7,89.3,"Bottle"
"Corex DX Syrup 100ml Syrup (Batch 12)","Chlorpheniramine + Dextromethorphan","Syrups","Corex","Torrent Pharmaceuticals",103,68.3,87.6,"Bottle"
"Solvin Cold Syrup 60ml Syrup (Batch 12)","Paracetamol + Phenylephrine + Chlorpheniramine","Syrups","Solvin","Dr. Reddy s Laboratories",86,57,73.1,"Bottle"
"Volini Gel Respules (Batch 12)","Diclofenac + Methyl Salicylate + Menthol","Others","Volini","Alkem Laboratories",79,52.3,67.1,"Piece"
"Moov Gel Inhaler (Batch 12)","Oil of Wintergreen + Menthol + Turpentine Oil","Others","Moov","Glenmark Pharmaceuticals",137,90.9,116.5,"Piece"
"Iodex Balm Inhaler (Batch 12)","Methyl Salicylate + Menthol + Camphor","Others","Iodex","Cadila Pharmaceuticals",95,63,80.8,"Piece"
"Betnovate-N Respules (Batch 12)","Betamethasone + Neomycin","Others","Betnovate","Zydus Lifesciences",48,31.8,40.8,"Piece"
"Betnovate-C Inhaler (Batch 12)","Betamethasone + Clioquinol","Others","Betnovate","Sanofi India",39,25.9,33.2,"Piece"
"Betnovate-GM Inhaler (Batch 12)","Betamethasone + Gentamicin + Miconazole","Others","Betnovate","USV Private Ltd",61,40.5,51.9,"Piece"
"Quadriderm RF Respules (Batch 12)","Beclomethasone + Clotrimazole + Neomycin","Others","Quadriderm","Pfizer India",97,64.4,82.5,"Piece"
"Panderm Super Inhaler (Batch 12)","Clobetasol + Neomycin + Miconazole","Others","Panderm","Micro Labs Ltd",85,56.4,72.3,"Piece"
"Tenovate Cream Inhaler (Batch 12)","Clobetasol Propionate","Others","Tenovate","Blue Cross Laboratories",78,51.7,66.3,"Piece"
"Ciplox Eye/Ear Drops Respules (Batch 12)","Ciprofloxacin Eye Drops","Drops","Ciplox","Aristo Pharmaceuticals",26,17.2,22.1,"Piece"
"Moxicip Eye Drops Respules (Batch 12)","Moxifloxacin Eye Drops","Drops","Moxicip","FDC Ltd",69,45.8,58.7,"Piece"
"Otrivin Nasal Spray Respules (Batch 12)","Xylometazoline Hydrochloride","Drops","Otrivin","J.B. Chemicals & Pharmaceuticals",82,54.4,69.7,"Piece"
"Nasoclear Drops Respules (Batch 12)","Sodium Chloride Nasal Solution","Drops","Nasoclear","Wockhardt Ltd",45,29.9,38.3,"Piece"
"Calpol 400mg (Batch 13)","Paracetamol","Tablets","Calpol","Apex Laboratories",18,11.9,15.3,"Strip"
"Crocin Advance 50mg (Batch 13)","Paracetamol","Tablets","Crocin","Intas Pharmaceuticals",13,8.6,11,"Strip"
"Dolo Duo (Batch 13)","Paracetamol","Tablets","Dolo","Macleods Pharmaceuticals",34,22.5,28.9,"Strip"
"Pacimol 500mg (Batch 13)","Paracetamol","Tablets","Pacimol","Hetero Healthcare",12,8,10.2,"Strip"
"Sumo L 75mg (Batch 13)","Paracetamol","Tablets","Sumo","Biocon Ltd",22,14.6,18.7,"Strip"
"Combiflam Kid (Batch 13)","Ibuprofen + Paracetamol","Tablets","Combiflam","AstraZeneca India",33,21.9,28.1,"Strip"
"Flexon 600mg (Batch 13)","Ibuprofen + Paracetamol","Tablets","Flexon","Bayer India",26,17.2,22.1,"Strip"
"Ibugesic Plus 80mg (Batch 13)","Ibuprofen + Paracetamol","Tablets","Ibugesic","IPCA Laboratories",22,14.6,18.7,"Strip"
"Acecloc Plus (Batch 13)","Aceclofenac + Paracetamol","Tablets","Acecloc","Alembic Pharmaceuticals",72,47.7,61.2,"Strip"
"Zerodol-P 625mg (Batch 13)","Aceclofenac + Paracetamol","Tablets","Zerodol","GSK Pharma",60,39.8,51,"Strip"
"Hifenac-P 100mg (Batch 13)","Aceclofenac + Paracetamol","Tablets","Hifenac","Abbott India",73,48.4,62.1,"Strip"
"Zerodol-SP Forte (Batch 13)","Aceclofenac + Paracetamol + Serratiopeptidase","Tablets","Zerodol","Sun Pharmaceutical Industries",126,83.5,107.1,"Strip"
"Meftal-Spas 650mg (Batch 13)","Mefenamic Acid + Dicyclomine","Tablets","Meftal","Cipla Ltd",54,35.8,45.9,"Strip"
"Cyclopam 150mg (Batch 13)","Dicyclomine + Paracetamol","Tablets","Cyclopam","Lupin Ltd",50,33.2,42.5,"Strip"
"Ultracet 5mg (Batch 13)","Tramadol + Paracetamol","Tablets","Ultracet","Mankind Pharma",165,109.4,140.3,"Strip"
"Tramazac 1g (Batch 13)","Tramadol","Capsules","Tramazac","Torrent Pharmaceuticals",108,71.6,91.8,"Strip"
"Nise 200mg (Batch 13)","Nimesulide","Tablets","Nise","Dr. Reddy s Laboratories",96,63.6,81.6,"Strip"
"Nimulid 10mg (Batch 13)","Nimesulide","Tablets","Nimulid","Alkem Laboratories",79,52.3,67.1,"Strip"
"Amox SR (Batch 13)","Amoxicillin","Capsules","Amox","Glenmark Pharmaceuticals",72,47.7,61.2,"Strip"
"Amoxil 250mg (Batch 13)","Amoxicillin","Capsules","Amoxil","Cadila Pharmaceuticals",80,53,68,"Strip"
"Mox 20mg (Batch 13)","Amoxicillin","Capsules","Mox","Zydus Lifesciences",76,50.4,64.6,"Strip"
"Novamox DSR (Batch 13)","Amoxicillin","Capsules","Novamox","Sanofi India",54,35.8,45.9,"Strip"
"Clavam 300mg (Batch 13)","Amoxicillin + Potassium Clavulanate","Tablets","Clavam","USV Private Ltd",149,98.8,126.7,"Strip"
"Augmentin 40mg (Batch 13)","Amoxicillin + Potassium Clavulanate","Tablets","Augmentin","Pfizer India",192,127.3,163.2,"Strip"
"Moxikind-CV XL (Batch 13)","Amoxicillin + Potassium Clavulanate","Tablets","Moxikind","Micro Labs Ltd",155,102.8,131.8,"Strip"
"Advent 400mg (Batch 13)","Amoxicillin + Potassium Clavulanate","Tablets","Advent","Blue Cross Laboratories",203,134.6,172.5,"Strip"
"Azee 50mg (Batch 13)","Azithromycin","Tablets","Azee","Aristo Pharmaceuticals",131,86.9,111.4,"Strip"
"Azithral Duo (Batch 13)","Azithromycin","Tablets","Azithral","FDC Ltd",164,108.7,139.4,"Strip"
"Azax 500mg (Batch 13)","Azithromycin","Tablets","Azax","J.B. Chemicals & Pharmaceuticals",62,41.1,52.7,"Strip"
"Zifi 75mg (Batch 13)","Cefixime","Tablets","Zifi","Wockhardt Ltd",95,63,80.8,"Strip"
"Taxim-O Kid (Batch 13)","Cefixime","Tablets","Taxim-O","Apex Laboratories",113,75,96.1,"Strip"
"Cefolac 600mg (Batch 13)","Cefixime","Tablets","Cefolac","Intas Pharmaceuticals",116,76.9,98.6,"Strip"
"Milixim 80mg (Batch 13)","Cefixime","Tablets","Milixim","Macleods Pharmaceuticals",131,86.9,111.4,"Strip"
"Gepod Plus (Batch 13)","Cefpodoxime Proxetil","Tablets","Gepod","Hetero Healthcare",162,107.4,137.7,"Strip"
"Monocef-O 625mg (Batch 13)","Cefpodoxime Proxetil","Tablets","Monocef-O","Biocon Ltd",205,136,174.3,"Strip"
"Macpod 100mg (Batch 13)","Cefpodoxime Proxetil","Tablets","Macpod","AstraZeneca India",128,84.9,108.8,"Strip"
"Oflomac Forte (Batch 13)","Ofloxacin","Tablets","Oflomac","Bayer India",71,47.1,60.4,"Strip"
"Oframax 650mg (Batch 13)","Ofloxacin","Tablets","Oframax","IPCA Laboratories",79,52.3,67.1,"Strip"
"Oflotas 150mg (Batch 13)","Ofloxacin","Tablets","Oflotas","Alembic Pharmaceuticals",70,46.4,59.5,"Strip"
"Oflomac-OZ 5mg (Batch 13)","Ofloxacin + Ornidazole","Tablets","Oflomac","GSK Pharma",105,69.7,89.3,"Strip"
"Zenflox-OZ 1g (Batch 13)","Ofloxacin + Ornidazole","Tablets","Zenflox","Abbott India",98,65,83.3,"Strip"
"Norflox 200mg (Batch 13)","Norfloxacin","Tablets","Norflox","Sun Pharmaceutical Industries",51,33.9,43.4,"Strip"
"Norflox-TZ 10mg (Batch 13)","Norfloxacin + Tinidazole","Tablets","Norflox","Cipla Ltd",79,52.3,67.1,"Strip"
"Ciplox SR (Batch 13)","Ciprofloxacin","Tablets","Ciplox","Lupin Ltd",47,31.1,39.9,"Strip"
"Ciprobid 250mg (Batch 13)","Ciprofloxacin","Tablets","Ciprobid","Mankind Pharma",35,23.2,29.8,"Strip"
"Atorva 20mg (Batch 13)","Atorvastatin","Tablets","Atorva","Torrent Pharmaceuticals",153,101.4,130,"Strip"
"Lipitor DSR (Batch 13)","Atorvastatin","Tablets","Lipitor","Dr. Reddy s Laboratories",341,226,289.8,"Strip"
"Lipikind 300mg (Batch 13)","Atorvastatin","Tablets","Lipikind","Alkem Laboratories",49,32.5,41.7,"Strip"
"Tonact 40mg (Batch 13)","Atorvastatin","Tablets","Tonact","Glenmark Pharmaceuticals",107,71,91,"Strip"
"Rosuvas XL (Batch 13)","Rosuvastatin","Tablets","Rosuvas","Cadila Pharmaceuticals",180,119.3,153,"Strip"
"Rosyn 400mg (Batch 13)","Rosuvastatin","Tablets","Rosyn","Zydus Lifesciences",213,141.2,181,"Strip"
"Roseday 50mg (Batch 13)","Rosuvastatin","Tablets","Roseday","Sanofi India",136,90.2,115.6,"Strip"
"Crevast Duo (Batch 13)","Rosuvastatin","Tablets","Crevast","USV Private Ltd",154,102.1,130.9,"Strip"
"Telma 500mg (Batch 13)","Telmisartan","Tablets","Telma","Pfizer India",57,37.8,48.4,"Strip"
"Telvas 75mg (Batch 13)","Telmisartan","Tablets","Telvas","Micro Labs Ltd",113,75,96.1,"Strip"
"Telsar Kid (Batch 13)","Telmisartan","Tablets","Telsar","Blue Cross Laboratories",43,28.5,36.6,"Strip"
"Telma-H 600mg (Batch 13)","Telmisartan + Hydrochlorothiazide","Tablets","Telma","Aristo Pharmaceuticals",76,50.4,64.6,"Strip"
"Telvas-H 80mg (Batch 13)","Telmisartan + Hydrochlorothiazide","Tablets","Telvas","FDC Ltd",139,92.2,118.2,"Strip"
"Amlokind Plus (Batch 13)","Amlodipine","Tablets","Amlokind","J.B. Chemicals & Pharmaceuticals",34,22.5,28.9,"Strip"
"Amlosafe 625mg (Batch 13)","Amlodipine","Tablets","Amlosafe","Wockhardt Ltd",35,23.2,29.8,"Strip"
"Amlovas 100mg (Batch 13)","Amlodipine","Tablets","Amlovas","Apex Laboratories",17,11.3,14.5,"Strip"
"Cilacar Forte (Batch 13)","Cilnidipine","Tablets","Cilacar","Intas Pharmaceuticals",136,90.2,115.6,"Strip"
"Cilnidac 650mg (Batch 13)","Cilnidipine","Tablets","Cilnidac","Macleods Pharmaceuticals",99,65.6,84.1,"Strip"
"Concor 150mg (Batch 13)","Bisoprolol Fumarate","Tablets","Concor","Hetero Healthcare",162,107.4,137.7,"Strip"
"Starpress 5mg (Batch 13)","Metoprolol Succinate","Tablets","Starpress","Biocon Ltd",70,46.4,59.5,"Strip"
"Metolar 1g (Batch 13)","Metoprolol Tartrate","Tablets","Metolar","AstraZeneca India",43,28.5,36.6,"Strip"
"Glycomet 200mg (Batch 13)","Metformin Hydrochloride","Tablets","Glycomet","Bayer India",26,17.2,22.1,"Strip"
"Metformin SR 10mg (Batch 13)","Metformin Hydrochloride","Tablets","Metformin","IPCA Laboratories",26,17.2,22.1,"Strip"
"Glycomet GP SR (Batch 13)","Glimepiride + Metformin","Tablets","Glycomet GP","Alembic Pharmaceuticals",137,90.9,116.5,"Strip"
"Amaryl M 250mg (Batch 13)","Glimepiride + Metformin","Tablets","Amaryl","GSK Pharma",170,112.7,144.5,"Strip"
"Glimisave M 20mg (Batch 13)","Glimepiride + Metformin","Tablets","Glimisave","Abbott India",48,31.8,40.8,"Strip"
"Jalra-M DSR (Batch 13)","Vildagliptin + Metformin","Tablets","Jalra-M","Sun Pharmaceutical Industries",186,123.3,158.1,"Strip"
"Galvus Met 300mg (Batch 13)","Vildagliptin + Metformin","Tablets","Galvus","Cipla Ltd",249,165.1,211.7,"Strip"
"Ziten M 40mg (Batch 13)","Teneligliptin + Metformin","Tablets","Ziten","Lupin Ltd",142,94.1,120.7,"Strip"
"Dynaglipt M XL (Batch 13)","Teneligliptin + Metformin","Tablets","Dynaglipt","Mankind Pharma",90,59.7,76.5,"Strip"
"Voglistar 400mg (Batch 13)","Voglibose","Tablets","Voglistar","Torrent Pharmaceuticals",58,38.5,49.3,"Strip"
"Volibo 50mg (Batch 13)","Voglibose","Tablets","Volibo","Dr. Reddy s Laboratories",71,47.1,60.4,"Strip"
"Pantocid Duo (Batch 13)","Pantoprazole","Tablets","Pantocid","Alkem Laboratories",164,108.7,139.4,"Strip"
"Pan 500mg (Batch 13)","Pantoprazole","Tablets","Pan","Glenmark Pharmaceuticals",127,84.2,108,"Strip"
"Pantodac 75mg (Batch 13)","Pantoprazole","Tablets","Pantodac","Cadila Pharmaceuticals",125,82.9,106.3,"Strip"
"Pan-D Kid (Batch 13)","Pantoprazole + Domperidone","Capsules","Pan-D","Zydus Lifesciences",193,127.9,164,"Strip"
"Pantocid-DSR 600mg (Batch 13)","Pantoprazole + Domperidone","Capsules","Pantocid","Sanofi India",146,96.8,124.1,"Strip"
"Pantosec-DSR 80mg (Batch 13)","Pantoprazole + Domperidone","Capsules","Pantosec","USV Private Ltd",164,108.7,139.4,"Strip"
"Omez Plus (Batch 13)","Omeprazole","Capsules","Omez","Pfizer India",52,34.5,44.2,"Strip"
"Omecip 625mg (Batch 13)","Omeprazole","Capsules","Omecip","Micro Labs Ltd",40,26.5,34,"Strip"
"Omez-D 100mg (Batch 13)","Omeprazole + Domperidone","Capsules","Omez","Blue Cross Laboratories",103,68.3,87.6,"Strip"
"Rabicip Forte (Batch 13)","Rabeprazole","Tablets","Rabicip","Aristo Pharmaceuticals",86,57,73.1,"Strip"
"Rabeloc 650mg (Batch 13)","Rabeprazole","Tablets","Rabeloc","FDC Ltd",99,65.6,84.1,"Strip"
"Rabicip-DSR 150mg (Batch 13)","Rabeprazole + Domperidone","Capsules","Rabicip","J.B. Chemicals & Pharmaceuticals",122,80.9,103.7,"Strip"
"Razo-DSR 5mg (Batch 13)","Rabeprazole + Domperidone","Capsules","Razo","Wockhardt Ltd",110,72.9,93.5,"Strip"
"Sompraz 1g (Batch 13)","Esomeprazole","Tablets","Sompraz","Apex Laboratories",118,78.2,100.3,"Strip"
"Nexpro 200mg (Batch 13)","Esomeprazole","Tablets","Nexpro","Intas Pharmaceuticals",151,100.2,128.4,"Strip"
"Sompraz-DSR 10mg (Batch 13)","Esomeprazole + Domperidone","Capsules","Sompraz","Macleods Pharmaceuticals",154,102.1,130.9,"Strip"
"Nexpro-RD SR (Batch 13)","Esomeprazole + Domperidone","Capsules","Nexpro","Hetero Healthcare",162,107.4,137.7,"Strip"
"Aciloc 250mg (Batch 13)","Ranitidine","Tablets","Aciloc","Biocon Ltd",37,24.6,31.5,"Strip"
"Rantac 20mg (Batch 13)","Ranitidine","Tablets","Rantac","AstraZeneca India",45,29.9,38.3,"Strip"
"Zinetac DSR (Batch 13)","Ranitidine","Tablets","Zinetac","Bayer India",37,24.6,31.5,"Strip"
"Okacet 300mg (Batch 13)","Cetirizine","Tablets","Okacet","IPCA Laboratories",14,9.3,11.9,"Strip"
"Cetcip 40mg (Batch 13)","Cetirizine","Tablets","Cetcip","Alembic Pharmaceuticals",29,19.3,24.7,"Strip"
"Alerid XL (Batch 13)","Cetirizine","Tablets","Alerid","GSK Pharma",30,19.9,25.5,"Strip"
"Teczine 400mg (Batch 13)","Levocetirizine","Tablets","Teczine","Abbott India",78,51.7,66.3,"Strip"
"Lecope 50mg (Batch 13)","Levocetirizine","Tablets","Lecope","Sun Pharmaceutical Industries",64,42.4,54.4,"Strip"
"Sizloc Duo (Batch 13)","Levocetirizine","Tablets","Sizloc","Cipla Ltd",33,21.9,28.1,"Strip"
"Montair-LC 500mg (Batch 13)","Montelukast + Levocetirizine","Tablets","Montair","Lupin Ltd",182,120.7,154.7,"Strip"
"Telekast-L 75mg (Batch 13)","Montelukast + Levocetirizine","Tablets","Telekast","Mankind Pharma",135,89.5,114.8,"Strip"
"Montemac-L Kid (Batch 13)","Montelukast + Levocetirizine","Tablets","Montemac","Torrent Pharmaceuticals",118,78.2,100.3,"Strip"
"Montek-LC 600mg (Batch 13)","Montelukast + Levocetirizine","Tablets","Montek","Dr. Reddy s Laboratories",126,83.5,107.1,"Strip"
"Allegra 80mg (Batch 13)","Fexofenadine Hydrochloride","Tablets","Allegra","Alkem Laboratories",184,122,156.4,"Strip"
"Fexo Plus (Batch 13)","Fexofenadine Hydrochloride","Tablets","Fexo","Glenmark Pharmaceuticals",127,84.2,108,"Strip"
"Fexigra 625mg (Batch 13)","Fexofenadine Hydrochloride","Tablets","Fexigra","Cadila Pharmaceuticals",115,76.3,97.8,"Strip"
"Avil 100mg (Batch 13)","Pheniramine Maleate","Tablets","Avil","Zydus Lifesciences",11,7.3,9.4,"Strip"
"Atarax Forte (Batch 13)","Hydroxyzine Hydrochloride","Tablets","Atarax","Sanofi India",56,37.1,47.6,"Strip"
"Becosules 650mg (Batch 13)","Vitamin B Complex + Vitamin C","Capsules","Becosules","USV Private Ltd",49,32.5,41.7,"Strip"
"Cobadex Forte 150mg (Batch 13)","Vitamin B Complex + Zinc","Capsules","Cobadex","Pfizer India",34,22.5,28.9,"Strip"
"Zincovit 5mg (Batch 13)","Multivitamin + Multimineral","Tablets","Zincovit","Micro Labs Ltd",120,79.6,102,"Strip"
"Revital H 1g (Batch 13)","Multivitamins + Minerals + Ginseng","Capsules","Revital","Blue Cross Laboratories",268,177.7,227.8,"Strip"
"Limcee Orange 200mg (Batch 13)","Vitamin C (Ascorbic Acid)","Tablets","Limcee","Aristo Pharmaceuticals",26,17.2,22.1,"Strip"
"Celin chewable 10mg (Batch 13)","Vitamin C (Ascorbic Acid)","Tablets","Celin","FDC Ltd",27,17.9,23,"Strip"
"Shelcal SR (Batch 13)","Calcium + Vitamin D3","Tablets","Shelcal","J.B. Chemicals & Pharmaceuticals",137,90.9,116.5,"Strip"
"Cipcal 250mg (Batch 13)","Calcium + Vitamin D3","Tablets","Cipcal","Wockhardt Ltd",120,79.6,102,"Strip"
"Calcirol Sachet 20mg (Batch 13)","Cholecalciferol (Vitamin D3)","Others","Calcirol","Apex Laboratories",28,18.6,23.8,"Sachet"
"D3-Must DSR (Batch 13)","Cholecalciferol (Vitamin D3)","Capsules","D3-Must","Intas Pharmaceuticals",40,26.5,34,"Strip"
"Evion 300mg (Batch 13)","Vitamin E","Capsules","Evion","Macleods Pharmaceuticals",54,35.8,45.9,"Strip"
"Neurobion Forte 40mg (Batch 13)","Vitamin B Complex + Methylcobalamin","Tablets","Neurobion","Hetero Healthcare",27,17.9,23,"Strip"
"Mecobon XL (Batch 13)","Methylcobalamin","Tablets","Mecobon","Biocon Ltd",145,96.2,123.3,"Strip"
"Asthalin Respules (Batch 13)","Salbutamol","Inhalers","Asthalin","AstraZeneca India",118,78.2,100.3,"Piece"
"Duolin Respules (Batch 13)","Levosalbutamol + Ipratropium Bromide","Inhalers","Duolin","Bayer India",231,153.2,196.4,"Piece"
"Budecort Inhaler (Batch 13)","Budesonide","Inhalers","Budecort","IPCA Laboratories",274,181.7,232.9,"Piece"
"Foracort Inhaler (Batch 13)","Budesonide + Formoterol Fumarate","Inhalers","Foracort","Alembic Pharmaceuticals",327,216.8,278,"Piece"
"Benadryl Syrup 100ml Syrup (Batch 13)","Diphenhydramine + Ammonium Chloride + Sodium Citrate","Syrups","Benadryl","GSK Pharma",85,56.4,72.3,"Bottle"
"Ascoril LS Syrup 60ml Syrup (Batch 13)","Ambroxol + Levosalbutamol + Guaiphenesin","Syrups","Ascoril","Abbott India",123,81.6,104.6,"Bottle"
"Grilinctus Syrup 100ml Syrup (Batch 13)","Dextromethorphan + Chlorpheniramine","Syrups","Grilinctus","Sun Pharmaceutical Industries",126,83.5,107.1,"Bottle"
"Corex DX Syrup 60ml Syrup (Batch 13)","Chlorpheniramine + Dextromethorphan","Syrups","Corex","Cipla Ltd",144,95.5,122.4,"Bottle"
"Solvin Cold Syrup 100ml Syrup (Batch 13)","Paracetamol + Phenylephrine + Chlorpheniramine","Syrups","Solvin","Lupin Ltd",72,47.7,61.2,"Bottle"
"Volini Gel Respules (Batch 13)","Diclofenac + Methyl Salicylate + Menthol","Others","Volini","Mankind Pharma",120,79.6,102,"Piece"
"Moov Gel Inhaler (Batch 13)","Oil of Wintergreen + Menthol + Turpentine Oil","Others","Moov","Torrent Pharmaceuticals",148,98.1,125.8,"Piece"
"Iodex Balm Inhaler (Batch 13)","Methyl Salicylate + Menthol + Camphor","Others","Iodex","Dr. Reddy s Laboratories",86,57,73.1,"Piece"
"Betnovate-N Inhaler (Batch 13)","Betamethasone + Neomycin","Others","Betnovate","Alkem Laboratories",59,39.2,50.2,"Piece"
"Betnovate-C Respules (Batch 13)","Betamethasone + Clioquinol","Others","Betnovate","Glenmark Pharmaceuticals",50,33.2,42.5,"Piece"
"Betnovate-GM Respules (Batch 13)","Betamethasone + Gentamicin + Miconazole","Others","Betnovate","Cadila Pharmaceuticals",52,34.5,44.2,"Piece"
"Quadriderm RF Respules (Batch 13)","Beclomethasone + Clotrimazole + Neomycin","Others","Quadriderm","Zydus Lifesciences",88,58.3,74.8,"Piece"
"Panderm Super Respules (Batch 13)","Clobetasol + Neomycin + Miconazole","Others","Panderm","Sanofi India",106,70.3,90.1,"Piece"
"Tenovate Cream Inhaler (Batch 13)","Clobetasol Propionate","Others","Tenovate","USV Private Ltd",64,42.4,54.4,"Piece"
"Ciplox Eye/Ear Drops Respules (Batch 13)","Ciprofloxacin Eye Drops","Drops","Ciplox","Pfizer India",17,11.3,14.5,"Piece"
"Moxicip Eye Drops Respules (Batch 13)","Moxifloxacin Eye Drops","Drops","Moxicip","Micro Labs Ltd",55,36.5,46.8,"Piece"
"Otrivin Nasal Spray Inhaler (Batch 13)","Xylometazoline Hydrochloride","Drops","Otrivin","Blue Cross Laboratories",73,48.4,62.1,"Piece"
"Nasoclear Drops Inhaler (Batch 13)","Sodium Chloride Nasal Solution","Drops","Nasoclear","Aristo Pharmaceuticals",36,23.9,30.6,"Piece"
"Calpol 300mg (Batch 14)","Paracetamol","Tablets","Calpol","FDC Ltd",29,19.3,24.7,"Strip"
"Crocin Advance 40mg (Batch 14)","Paracetamol","Tablets","Crocin","J.B. Chemicals & Pharmaceuticals",19,12.6,16.2,"Strip"
"Dolo XL (Batch 14)","Paracetamol","Tablets","Dolo","Wockhardt Ltd",25,16.6,21.3,"Strip"
"Pacimol 400mg (Batch 14)","Paracetamol","Tablets","Pacimol","Apex Laboratories",13,8.6,11,"Strip"
"Sumo L 50mg (Batch 14)","Paracetamol","Tablets","Sumo","Intas Pharmaceuticals",25,16.6,21.3,"Strip"
"Combiflam Duo (Batch 14)","Ibuprofen + Paracetamol","Tablets","Combiflam","Macleods Pharmaceuticals",44,29.2,37.4,"Strip"
"Flexon 500mg (Batch 14)","Ibuprofen + Paracetamol","Tablets","Flexon","Hetero Healthcare",32,21.2,27.2,"Strip"
"Ibugesic Plus 75mg (Batch 14)","Ibuprofen + Paracetamol","Tablets","Ibugesic","Biocon Ltd",28,18.6,23.8,"Strip"
"Acecloc Kid (Batch 14)","Aceclofenac + Paracetamol","Tablets","Acecloc","AstraZeneca India",63,41.8,53.6,"Strip"
"Zerodol-P 600mg (Batch 14)","Aceclofenac + Paracetamol","Tablets","Zerodol","Bayer India",91,60.4,77.4,"Strip"
"Hifenac-P 80mg (Batch 14)","Aceclofenac + Paracetamol","Tablets","Hifenac","IPCA Laboratories",59,39.2,50.2,"Strip"
"Zerodol-SP Plus (Batch 14)","Aceclofenac + Paracetamol + Serratiopeptidase","Tablets","Zerodol","Alembic Pharmaceuticals",137,90.9,116.5,"Strip"
"Meftal-Spas 625mg (Batch 14)","Mefenamic Acid + Dicyclomine","Tablets","Meftal","GSK Pharma",45,29.9,38.3,"Strip"
"Cyclopam 100mg (Batch 14)","Dicyclomine + Paracetamol","Tablets","Cyclopam","Abbott India",61,40.5,51.9,"Strip"
"Ultracet Forte (Batch 14)","Tramadol + Paracetamol","Tablets","Ultracet","Sun Pharmaceutical Industries",186,123.3,158.1,"Strip"
"Tramazac 650mg (Batch 14)","Tramadol","Capsules","Tramazac","Cipla Ltd",119,78.9,101.1,"Strip"
"Nise 150mg (Batch 14)","Nimesulide","Tablets","Nise","Lupin Ltd",72,47.7,61.2,"Strip"
"Nimulid 5mg (Batch 14)","Nimesulide","Tablets","Nimulid","Mankind Pharma",70,46.4,59.5,"Strip"
"Amox 1g (Batch 14)","Amoxicillin","Capsules","Amox","Torrent Pharmaceuticals",63,41.8,53.6,"Strip"
"Amoxil 200mg (Batch 14)","Amoxicillin","Capsules","Amoxil","Dr. Reddy s Laboratories",41,27.2,34.9,"Strip"
"Mox 10mg (Batch 14)","Amoxicillin","Capsules","Mox","Alkem Laboratories",52,34.5,44.2,"Strip"
"Novamox SR (Batch 14)","Amoxicillin","Capsules","Novamox","Glenmark Pharmaceuticals",45,29.9,38.3,"Strip"
"Clavam 250mg (Batch 14)","Amoxicillin + Potassium Clavulanate","Tablets","Clavam","Cadila Pharmaceuticals",160,106.1,136,"Strip"
"Augmentin 20mg (Batch 14)","Amoxicillin + Potassium Clavulanate","Tablets","Augmentin","Zydus Lifesciences",183,121.3,155.5,"Strip"
"Moxikind-CV DSR (Batch 14)","Amoxicillin + Potassium Clavulanate","Tablets","Moxikind","Sanofi India",176,116.7,149.6,"Strip"
"Advent 300mg (Batch 14)","Amoxicillin + Potassium Clavulanate","Tablets","Advent","USV Private Ltd",119,78.9,101.1,"Strip"
"Azee 40mg (Batch 14)","Azithromycin","Tablets","Azee","Pfizer India",62,41.1,52.7,"Strip"
"Azithral XL (Batch 14)","Azithromycin","Tablets","Azithral","Micro Labs Ltd",75,49.8,63.8,"Strip"
"Azax 400mg (Batch 14)","Azithromycin","Tablets","Azax","Blue Cross Laboratories",133,88.2,113.1,"Strip"
"Zifi 50mg (Batch 14)","Cefixime","Tablets","Zifi","Aristo Pharmaceuticals",131,86.9,111.4,"Strip"
"Taxim-O Duo (Batch 14)","Cefixime","Tablets","Taxim-O","FDC Ltd",104,69,88.4,"Strip"
"Cefolac 500mg (Batch 14)","Cefixime","Tablets","Cefolac","J.B. Chemicals & Pharmaceuticals",137,90.9,116.5,"Strip"
"Milixim 75mg (Batch 14)","Cefixime","Tablets","Milixim","Wockhardt Ltd",92,61,78.2,"Strip"
"Gepod Kid (Batch 14)","Cefpodoxime Proxetil","Tablets","Gepod","Apex Laboratories",153,101.4,130,"Strip"
"Monocef-O 600mg (Batch 14)","Cefpodoxime Proxetil","Tablets","Monocef-O","Intas Pharmaceuticals",136,90.2,115.6,"Strip"
"Macpod 80mg (Batch 14)","Cefpodoxime Proxetil","Tablets","Macpod","Macleods Pharmaceuticals",119,78.9,101.1,"Strip"
"Oflomac Plus (Batch 14)","Ofloxacin","Tablets","Oflomac","Hetero Healthcare",62,41.1,52.7,"Strip"
"Oframax 625mg (Batch 14)","Ofloxacin","Tablets","Oframax","Biocon Ltd",55,36.5,46.8,"Strip"
"Oflotas 100mg (Batch 14)","Ofloxacin","Tablets","Oflotas","AstraZeneca India",56,37.1,47.6,"Strip"
"Oflomac-OZ Forte (Batch 14)","Ofloxacin + Ornidazole","Tablets","Oflomac","Bayer India",96,63.6,81.6,"Strip"
"Zenflox-OZ 650mg (Batch 14)","Ofloxacin + Ornidazole","Tablets","Zenflox","IPCA Laboratories",124,82.2,105.4,"Strip"
"Norflox 150mg (Batch 14)","Norfloxacin","Tablets","Norflox","Alembic Pharmaceuticals",72,47.7,61.2,"Strip"
"Norflox-TZ 5mg (Batch 14)","Norfloxacin + Tinidazole","Tablets","Norflox","GSK Pharma",100,66.3,85,"Strip"
"Ciplox 1g (Batch 14)","Ciprofloxacin","Tablets","Ciplox","Abbott India",38,25.2,32.3,"Strip"
"Ciprobid 200mg (Batch 14)","Ciprofloxacin","Tablets","Ciprobid","Sun Pharmaceutical Industries",58,38.5,49.3,"Strip"
"Atorva 10mg (Batch 14)","Atorvastatin","Tablets","Atorva","Cipla Ltd",144,95.5,122.4,"Strip"
"Lipitor SR (Batch 14)","Atorvastatin","Tablets","Lipitor","Lupin Ltd",252,167.1,214.2,"Strip"
"Lipikind 250mg (Batch 14)","Atorvastatin","Tablets","Lipikind","Mankind Pharma",40,26.5,34,"Strip"
"Tonact 20mg (Batch 14)","Atorvastatin","Tablets","Tonact","Torrent Pharmaceuticals",148,98.1,125.8,"Strip"
"Rosuvas DSR (Batch 14)","Rosuvastatin","Tablets","Rosuvas","Dr. Reddy s Laboratories",111,73.6,94.4,"Strip"
"Rosyn 300mg (Batch 14)","Rosuvastatin","Tablets","Rosyn","Alkem Laboratories",174,115.4,147.9,"Strip"
"Roseday 40mg (Batch 14)","Rosuvastatin","Tablets","Roseday","Glenmark Pharmaceuticals",147,97.5,125,"Strip"
"Crevast XL (Batch 14)","Rosuvastatin","Tablets","Crevast","Cadila Pharmaceuticals",145,96.2,123.3,"Strip"
"Telma 400mg (Batch 14)","Telmisartan","Tablets","Telma","Zydus Lifesciences",98,65,83.3,"Strip"
"Telvas 50mg (Batch 14)","Telmisartan","Tablets","Telvas","Sanofi India",44,29.2,37.4,"Strip"
"Telsar Duo (Batch 14)","Telmisartan","Tablets","Telsar","USV Private Ltd",54,35.8,45.9,"Strip"
"Telma-H 500mg (Batch 14)","Telmisartan + Hydrochlorothiazide","Tablets","Telma","Pfizer India",67,44.5,57,"Strip"
"Telvas-H 75mg (Batch 14)","Telmisartan + Hydrochlorothiazide","Tablets","Telvas","Micro Labs Ltd",150,99.5,127.5,"Strip"
"Amlokind Kid (Batch 14)","Amlodipine","Tablets","Amlokind","Blue Cross Laboratories",20,13.3,17,"Strip"
"Amlosafe 600mg (Batch 14)","Amlodipine","Tablets","Amlosafe","Aristo Pharmaceuticals",26,17.2,22.1,"Strip"
"Amlovas 80mg (Batch 14)","Amlodipine","Tablets","Amlovas","FDC Ltd",24,15.9,20.4,"Strip"
"Cilacar Plus (Batch 14)","Cilnidipine","Tablets","Cilacar","J.B. Chemicals & Pharmaceuticals",67,44.5,57,"Strip"
"Cilnidac 625mg (Batch 14)","Cilnidipine","Tablets","Cilnidac","Wockhardt Ltd",90,59.7,76.5,"Strip"
"Concor 100mg (Batch 14)","Bisoprolol Fumarate","Tablets","Concor","Apex Laboratories",153,101.4,130,"Strip"
"Starpress Forte (Batch 14)","Metoprolol Succinate","Tablets","Starpress","Intas Pharmaceuticals",91,60.4,77.4,"Strip"
"Metolar 650mg (Batch 14)","Metoprolol Tartrate","Tablets","Metolar","Macleods Pharmaceuticals",114,75.6,96.9,"Strip"
"Glycomet 150mg (Batch 14)","Metformin Hydrochloride","Tablets","Glycomet","Hetero Healthcare",47,31.1,39.9,"Strip"
"Metformin SR 5mg (Batch 14)","Metformin Hydrochloride","Tablets","Metformin","Biocon Ltd",12,8,10.2,"Strip"
"Glycomet GP 1g (Batch 14)","Glimepiride + Metformin","Tablets","Glycomet GP","AstraZeneca India",68,45.1,57.8,"Strip"
"Amaryl M 200mg (Batch 14)","Glimepiride + Metformin","Tablets","Amaryl","Bayer India",131,86.9,111.4,"Strip"
"Glimisave M 10mg (Batch 14)","Glimepiride + Metformin","Tablets","Glimisave","IPCA Laboratories",69,45.8,58.7,"Strip"
"Jalra-M SR (Batch 14)","Vildagliptin + Metformin","Tablets","Jalra-M","Alembic Pharmaceuticals",297,197,252.5,"Strip"
"Galvus Met 250mg (Batch 14)","Vildagliptin + Metformin","Tablets","Galvus","GSK Pharma",410,271.8,348.5,"Strip"
"Ziten M 20mg (Batch 14)","Teneligliptin + Metformin","Tablets","Ziten","Abbott India",183,121.3,155.5,"Strip"
"Dynaglipt M DSR (Batch 14)","Teneligliptin + Metformin","Tablets","Dynaglipt","Sun Pharmaceutical Industries",101,67,85.9,"Strip"
"Voglistar 300mg (Batch 14)","Voglibose","Tablets","Voglistar","Cipla Ltd",49,32.5,41.7,"Strip"
"Volibo 40mg (Batch 14)","Voglibose","Tablets","Volibo","Lupin Ltd",97,64.4,82.5,"Strip"
"Pantocid XL (Batch 14)","Pantoprazole","Tablets","Pantocid","Mankind Pharma",95,63,80.8,"Strip"
"Pan 400mg (Batch 14)","Pantoprazole","Tablets","Pan","Torrent Pharmaceuticals",118,78.2,100.3,"Strip"
"Pantodac 50mg (Batch 14)","Pantoprazole","Tablets","Pantodac","Dr. Reddy s Laboratories",136,90.2,115.6,"Strip"
"Pan-D Duo (Batch 14)","Pantoprazole + Domperidone","Capsules","Pan-D","Alkem Laboratories",184,122,156.4,"Strip"
"Pantocid-DSR 500mg (Batch 14)","Pantoprazole + Domperidone","Capsules","Pantocid","Glenmark Pharmaceuticals",237,157.2,201.5,"Strip"
"Pantosec-DSR 75mg (Batch 14)","Pantoprazole + Domperidone","Capsules","Pantosec","Cadila Pharmaceuticals",205,136,174.3,"Strip"
"Omez Kid (Batch 14)","Omeprazole","Capsules","Omez","Zydus Lifesciences",63,41.8,53.6,"Strip"
"Omecip 600mg (Batch 14)","Omeprazole","Capsules","Omecip","Sanofi India",61,40.5,51.9,"Strip"
"Omez-D 80mg (Batch 14)","Omeprazole + Domperidone","Capsules","Omez","USV Private Ltd",124,82.2,105.4,"Strip"
"Rabicip Plus (Batch 14)","Rabeprazole","Tablets","Rabicip","Pfizer India",77,51.1,65.5,"Strip"
"Rabeloc 625mg (Batch 14)","Rabeprazole","Tablets","Rabeloc","Micro Labs Ltd",55,36.5,46.8,"Strip"
"Rabicip-DSR 100mg (Batch 14)","Rabeprazole + Domperidone","Capsules","Rabicip","Blue Cross Laboratories",163,108,138.5,"Strip"
"Razo-DSR Forte (Batch 14)","Rabeprazole + Domperidone","Capsules","Razo","Aristo Pharmaceuticals",201,133.3,170.9,"Strip"
"Sompraz 650mg (Batch 14)","Esomeprazole","Tablets","Sompraz","FDC Ltd",159,105.5,135.2,"Strip"
"Nexpro 150mg (Batch 14)","Esomeprazole","Tablets","Nexpro","J.B. Chemicals & Pharmaceuticals",67,44.5,57,"Strip"
"Sompraz-DSR 5mg (Batch 14)","Esomeprazole + Domperidone","Capsules","Sompraz","Wockhardt Ltd",115,76.3,97.8,"Strip"
"Nexpro-RD 1g (Batch 14)","Esomeprazole + Domperidone","Capsules","Nexpro","Apex Laboratories",198,131.3,168.3,"Strip"
"Aciloc 200mg (Batch 14)","Ranitidine","Tablets","Aciloc","Intas Pharmaceuticals",28,18.6,23.8,"Strip"
"Rantac 10mg (Batch 14)","Ranitidine","Tablets","Rantac","Macleods Pharmaceuticals",36,23.9,30.6,"Strip"
"Zinetac SR (Batch 14)","Ranitidine","Tablets","Zinetac","Hetero Healthcare",16,10.6,13.6,"Strip"
"Okacet 250mg (Batch 14)","Cetirizine","Tablets","Okacet","Biocon Ltd",25,16.6,21.3,"Strip"
"Cetcip 20mg (Batch 14)","Cetirizine","Tablets","Cetcip","AstraZeneca India",14,9.3,11.9,"Strip"
"Alerid DSR (Batch 14)","Cetirizine","Tablets","Alerid","Bayer India",27,17.9,23,"Strip"
"Teczine 300mg (Batch 14)","Levocetirizine","Tablets","Teczine","IPCA Laboratories",54,35.8,45.9,"Strip"
"Lecope 40mg (Batch 14)","Levocetirizine","Tablets","Lecope","Alembic Pharmaceuticals",55,36.5,46.8,"Strip"
"Sizloc XL (Batch 14)","Levocetirizine","Tablets","Sizloc","GSK Pharma",54,35.8,45.9,"Strip"
"Montair-LC 400mg (Batch 14)","Montelukast + Levocetirizine","Tablets","Montair","Abbott India",143,94.8,121.6,"Strip"
"Telekast-L 50mg (Batch 14)","Montelukast + Levocetirizine","Tablets","Telekast","Sun Pharmaceutical Industries",176,116.7,149.6,"Strip"
"Montemac-L Duo (Batch 14)","Montelukast + Levocetirizine","Tablets","Montemac","Cipla Ltd",129,85.6,109.7,"Strip"
"Montek-LC 500mg (Batch 14)","Montelukast + Levocetirizine","Tablets","Montek","Lupin Ltd",197,130.7,167.5,"Strip"
"Allegra 75mg (Batch 14)","Fexofenadine Hydrochloride","Tablets","Allegra","Mankind Pharma",175,116.1,148.8,"Strip"
"Fexo Kid (Batch 14)","Fexofenadine Hydrochloride","Tablets","Fexo","Torrent Pharmaceuticals",148,98.1,125.8,"Strip"
"Fexigra 600mg (Batch 14)","Fexofenadine Hydrochloride","Tablets","Fexigra","Dr. Reddy s Laboratories",126,83.5,107.1,"Strip"
"Avil 80mg (Batch 14)","Pheniramine Maleate","Tablets","Avil","Alkem Laboratories",12,8,10.2,"Strip"
"Atarax Plus (Batch 14)","Hydroxyzine Hydrochloride","Tablets","Atarax","Glenmark Pharmaceuticals",107,71,91,"Strip"
"Becosules 625mg (Batch 14)","Vitamin B Complex + Vitamin C","Capsules","Becosules","Cadila Pharmaceuticals",35,23.2,29.8,"Strip"
"Cobadex Forte 100mg (Batch 14)","Vitamin B Complex + Zinc","Capsules","Cobadex","Zydus Lifesciences",25,16.6,21.3,"Strip"
"Zincovit Forte (Batch 14)","Multivitamin + Multimineral","Tablets","Zincovit","Sanofi India",111,73.6,94.4,"Strip"
"Revital H 650mg (Batch 14)","Multivitamins + Minerals + Ginseng","Capsules","Revital","USV Private Ltd",229,151.9,194.7,"Strip"
"Limcee Orange 150mg (Batch 14)","Vitamin C (Ascorbic Acid)","Tablets","Limcee","Pfizer India",17,11.3,14.5,"Strip"
"Celin chewable 5mg (Batch 14)","Vitamin C (Ascorbic Acid)","Tablets","Celin","Micro Labs Ltd",18,11.9,15.3,"Strip"
"Shelcal 1g (Batch 14)","Calcium + Vitamin D3","Tablets","Shelcal","Blue Cross Laboratories",88,58.3,74.8,"Strip"
"Cipcal 200mg (Batch 14)","Calcium + Vitamin D3","Tablets","Cipcal","Aristo Pharmaceuticals",111,73.6,94.4,"Strip"
"Calcirol Sachet 10mg (Batch 14)","Cholecalciferol (Vitamin D3)","Others","Calcirol","FDC Ltd",39,25.9,33.2,"Sachet"
"D3-Must SR (Batch 14)","Cholecalciferol (Vitamin D3)","Capsules","D3-Must","J.B. Chemicals & Pharmaceuticals",26,17.2,22.1,"Strip"
"Evion 250mg (Batch 14)","Vitamin E","Capsules","Evion","Wockhardt Ltd",45,29.9,38.3,"Strip"
"Neurobion Forte 20mg (Batch 14)","Vitamin B Complex + Methylcobalamin","Tablets","Neurobion","Apex Laboratories",38,25.2,32.3,"Strip"
"Mecobon DSR (Batch 14)","Methylcobalamin","Tablets","Mecobon","Intas Pharmaceuticals",136,90.2,115.6,"Strip"
"Asthalin Respules (Batch 14)","Salbutamol","Inhalers","Asthalin","Macleods Pharmaceuticals",129,85.6,109.7,"Piece"
"Duolin Inhaler (Batch 14)","Levosalbutamol + Ipratropium Bromide","Inhalers","Duolin","Hetero Healthcare",252,167.1,214.2,"Piece"
"Budecort Respules (Batch 14)","Budesonide","Inhalers","Budecort","Biocon Ltd",265,175.7,225.3,"Piece"
"Foracort Respules (Batch 14)","Budesonide + Formoterol Fumarate","Inhalers","Foracort","AstraZeneca India",288,190.9,244.8,"Piece"
"Benadryl Syrup 60ml Syrup (Batch 14)","Diphenhydramine + Ammonium Chloride + Sodium Citrate","Syrups","Benadryl","Bayer India",136,90.2,115.6,"Bottle"
"Ascoril LS Syrup 100ml Syrup (Batch 14)","Ambroxol + Levosalbutamol + Guaiphenesin","Syrups","Ascoril","IPCA Laboratories",134,88.8,113.9,"Bottle"
"Grilinctus Syrup 60ml Syrup (Batch 14)","Dextromethorphan + Chlorpheniramine","Syrups","Grilinctus","Alembic Pharmaceuticals",102,67.6,86.7,"Bottle"
"Corex DX Syrup 100ml Syrup (Batch 14)","Chlorpheniramine + Dextromethorphan","Syrups","Corex","GSK Pharma",130,86.2,110.5,"Bottle"
"Solvin Cold Syrup 60ml Syrup (Batch 14)","Paracetamol + Phenylephrine + Chlorpheniramine","Syrups","Solvin","Abbott India",93,61.7,79.1,"Bottle"
"Volini Gel Inhaler (Batch 14)","Diclofenac + Methyl Salicylate + Menthol","Others","Volini","Sun Pharmaceutical Industries",51,33.9,43.4,"Piece"
"Moov Gel Inhaler (Batch 14)","Oil of Wintergreen + Menthol + Turpentine Oil","Others","Moov","Cipla Ltd",59,39.2,50.2,"Piece"
"Iodex Balm Respules (Batch 14)","Methyl Salicylate + Menthol + Camphor","Others","Iodex","Lupin Ltd",77,51.1,65.5,"Piece"
"Betnovate-N Respules (Batch 14)","Betamethasone + Neomycin","Others","Betnovate","Mankind Pharma",45,29.9,38.3,"Piece"
"Betnovate-C Inhaler (Batch 14)","Betamethasone + Clioquinol","Others","Betnovate","Torrent Pharmaceuticals",61,40.5,51.9,"Piece"
"Betnovate-GM Respules (Batch 14)","Betamethasone + Gentamicin + Miconazole","Others","Betnovate","Dr. Reddy s Laboratories",43,28.5,36.6,"Piece"
"Quadriderm RF Respules (Batch 14)","Beclomethasone + Clotrimazole + Neomycin","Others","Quadriderm","Alkem Laboratories",79,52.3,67.1,"Piece"
"Panderm Super Inhaler (Batch 14)","Clobetasol + Neomycin + Miconazole","Others","Panderm","Glenmark Pharmaceuticals",82,54.4,69.7,"Piece"
"Tenovate Cream Inhaler (Batch 14)","Clobetasol Propionate","Others","Tenovate","Cadila Pharmaceuticals",50,33.2,42.5,"Piece"
"Ciplox Eye/Ear Drops Inhaler (Batch 14)","Ciprofloxacin Eye Drops","Drops","Ciplox","Zydus Lifesciences",23,15.3,19.6,"Piece"
"Moxicip Eye Drops Inhaler (Batch 14)","Moxifloxacin Eye Drops","Drops","Moxicip","Sanofi India",76,50.4,64.6,"Piece"
"Otrivin Nasal Spray Inhaler (Batch 14)","Xylometazoline Hydrochloride","Drops","Otrivin","USV Private Ltd",104,69,88.4,"Piece"
"Nasoclear Drops Respules (Batch 14)","Sodium Chloride Nasal Solution","Drops","Nasoclear","Pfizer India",47,31.1,39.9,"Piece"
"Calpol 250mg (Batch 15)","Paracetamol","Tablets","Calpol","Micro Labs Ltd",20,13.3,17,"Strip"
"Crocin Advance 20mg (Batch 15)","Paracetamol","Tablets","Crocin","Blue Cross Laboratories",25,16.6,21.3,"Strip"
"Dolo DSR (Batch 15)","Paracetamol","Tablets","Dolo","Aristo Pharmaceuticals",31,20.6,26.4,"Strip"
"Pacimol 300mg (Batch 15)","Paracetamol","Tablets","Pacimol","FDC Ltd",14,9.3,11.9,"Strip"
"Sumo L 40mg (Batch 15)","Paracetamol","Tablets","Sumo","J.B. Chemicals & Pharmaceuticals",16,10.6,13.6,"Strip"
"Combiflam XL (Batch 15)","Ibuprofen + Paracetamol","Tablets","Combiflam","Wockhardt Ltd",30,19.9,25.5,"Strip"
"Flexon 400mg (Batch 15)","Ibuprofen + Paracetamol","Tablets","Flexon","Apex Laboratories",23,15.3,19.6,"Strip"
"Ibugesic Plus 50mg (Batch 15)","Ibuprofen + Paracetamol","Tablets","Ibugesic","Intas Pharmaceuticals",19,12.6,16.2,"Strip"
"Acecloc Duo (Batch 15)","Aceclofenac + Paracetamol","Tablets","Acecloc","Macleods Pharmaceuticals",54,35.8,45.9,"Strip"
"Zerodol-P 500mg (Batch 15)","Aceclofenac + Paracetamol","Tablets","Zerodol","Hetero Healthcare",82,54.4,69.7,"Strip"
"Hifenac-P 75mg (Batch 15)","Aceclofenac + Paracetamol","Tablets","Hifenac","Biocon Ltd",80,53,68,"Strip"
"Zerodol-SP Kid (Batch 15)","Aceclofenac + Paracetamol + Serratiopeptidase","Tablets","Zerodol","AstraZeneca India",98,65,83.3,"Strip"
"Meftal-Spas 600mg (Batch 15)","Mefenamic Acid + Dicyclomine","Tablets","Meftal","Bayer India",36,23.9,30.6,"Strip"
"Cyclopam 80mg (Batch 15)","Dicyclomine + Paracetamol","Tablets","Cyclopam","IPCA Laboratories",47,31.1,39.9,"Strip"
"Ultracet Plus (Batch 15)","Tramadol + Paracetamol","Tablets","Ultracet","Alembic Pharmaceuticals",207,137.3,176,"Strip"
"Tramazac 625mg (Batch 15)","Tramadol","Capsules","Tramazac","GSK Pharma",80,53,68,"Strip"
"Nise 100mg (Batch 15)","Nimesulide","Tablets","Nise","Abbott India",93,61.7,79.1,"Strip"
"Nimulid Forte (Batch 15)","Nimesulide","Tablets","Nimulid","Sun Pharmaceutical Industries",61,40.5,51.9,"Strip"
"Amox 650mg (Batch 15)","Amoxicillin","Capsules","Amox","Cipla Ltd",54,35.8,45.9,"Strip"
"Amoxil 150mg (Batch 15)","Amoxicillin","Capsules","Amoxil","Lupin Ltd",52,34.5,44.2,"Strip"
"Mox 5mg (Batch 15)","Amoxicillin","Capsules","Mox","Mankind Pharma",73,48.4,62.1,"Strip"
"Novamox 1g (Batch 15)","Amoxicillin","Capsules","Novamox","Torrent Pharmaceuticals",84,55.7,71.4,"Strip"
"Clavam 200mg (Batch 15)","Amoxicillin + Potassium Clavulanate","Tablets","Clavam","Dr. Reddy s Laboratories",171,113.4,145.4,"Strip"
"Augmentin 10mg (Batch 15)","Amoxicillin + Potassium Clavulanate","Tablets","Augmentin","Alkem Laboratories",174,115.4,147.9,"Strip"
"Moxikind-CV SR (Batch 15)","Amoxicillin + Potassium Clavulanate","Tablets","Moxikind","Glenmark Pharmaceuticals",197,130.7,167.5,"Strip"
"Advent 250mg (Batch 15)","Amoxicillin + Potassium Clavulanate","Tablets","Advent","Cadila Pharmaceuticals",130,86.2,110.5,"Strip"
"Azee 20mg (Batch 15)","Azithromycin","Tablets","Azee","Zydus Lifesciences",83,55.1,70.6,"Strip"
"Azithral DSR (Batch 15)","Azithromycin","Tablets","Azithral","Sanofi India",86,57,73.1,"Strip"
"Azax 300mg (Batch 15)","Azithromycin","Tablets","Azax","USV Private Ltd",124,82.2,105.4,"Strip"
"Zifi 40mg (Batch 15)","Cefixime","Tablets","Zifi","Pfizer India",92,61,78.2,"Strip"
"Taxim-O XL (Batch 15)","Cefixime","Tablets","Taxim-O","Micro Labs Ltd",95,63,80.8,"Strip"
"Cefolac 400mg (Batch 15)","Cefixime","Tablets","Cefolac","Blue Cross Laboratories",88,58.3,74.8,"Strip"
"Milixim 50mg (Batch 15)","Cefixime","Tablets","Milixim","Aristo Pharmaceuticals",128,84.9,108.8,"Strip"
"Gepod Duo (Batch 15)","Cefpodoxime Proxetil","Tablets","Gepod","FDC Ltd",144,95.5,122.4,"Strip"
"Monocef-O 500mg (Batch 15)","Cefpodoxime Proxetil","Tablets","Monocef-O","J.B. Chemicals & Pharmaceuticals",157,104.1,133.5,"Strip"
"Macpod 75mg (Batch 15)","Cefpodoxime Proxetil","Tablets","Macpod","Wockhardt Ltd",110,72.9,93.5,"Strip"
"Oflomac Kid (Batch 15)","Ofloxacin","Tablets","Oflomac","Apex Laboratories",53,35.2,45.1,"Strip"
"Oframax 600mg (Batch 15)","Ofloxacin","Tablets","Oframax","Intas Pharmaceuticals",76,50.4,64.6,"Strip"
"Oflotas 80mg (Batch 15)","Ofloxacin","Tablets","Oflotas","Macleods Pharmaceuticals",42,27.8,35.7,"Strip"
"Oflomac-OZ Plus (Batch 15)","Ofloxacin + Ornidazole","Tablets","Oflomac","Hetero Healthcare",87,57.7,74,"Strip"
"Zenflox-OZ 625mg (Batch 15)","Ofloxacin + Ornidazole","Tablets","Zenflox","Biocon Ltd",85,56.4,72.3,"Strip"
"Norflox 100mg (Batch 15)","Norfloxacin","Tablets","Norflox","AstraZeneca India",58,38.5,49.3,"Strip"
"Norflox-TZ Forte (Batch 15)","Norfloxacin + Tinidazole","Tablets","Norflox","Bayer India",76,50.4,64.6,"Strip"
"Ciplox 650mg (Batch 15)","Ciprofloxacin","Tablets","Ciplox","IPCA Laboratories",29,19.3,24.7,"Strip"
"Ciprobid 150mg (Batch 15)","Ciprofloxacin","Tablets","Ciprobid","Alembic Pharmaceuticals",49,32.5,41.7,"Strip"
"Atorva 5mg (Batch 15)","Atorvastatin","Tablets","Atorva","GSK Pharma",135,89.5,114.8,"Strip"
"Lipitor 1g (Batch 15)","Atorvastatin","Tablets","Lipitor","Abbott India",163,108,138.5,"Strip"
"Lipikind 200mg (Batch 15)","Atorvastatin","Tablets","Lipikind","Sun Pharmaceutical Industries",111,73.6,94.4,"Strip"
"Tonact 10mg (Batch 15)","Atorvastatin","Tablets","Tonact","Cipla Ltd",79,52.3,67.1,"Strip"
"Rosuvas SR (Batch 15)","Rosuvastatin","Tablets","Rosuvas","Lupin Ltd",222,147.2,188.7,"Strip"
"Rosyn 250mg (Batch 15)","Rosuvastatin","Tablets","Rosyn","Mankind Pharma",135,89.5,114.8,"Strip"
"Roseday 20mg (Batch 15)","Rosuvastatin","Tablets","Roseday","Torrent Pharmaceuticals",158,104.8,134.3,"Strip"
"Crevast DSR (Batch 15)","Rosuvastatin","Tablets","Crevast","Dr. Reddy s Laboratories",136,90.2,115.6,"Strip"
"Telma 300mg (Batch 15)","Telmisartan","Tablets","Telma","Alkem Laboratories",139,92.2,118.2,"Strip"
"Telvas 40mg (Batch 15)","Telmisartan","Tablets","Telvas","Glenmark Pharmaceuticals",65,43.1,55.3,"Strip"
"Telsar XL (Batch 15)","Telmisartan","Tablets","Telsar","Cadila Pharmaceuticals",65,43.1,55.3,"Strip"
"Telma-H 400mg (Batch 15)","Telmisartan + Hydrochlorothiazide","Tablets","Telma","Zydus Lifesciences",178,118,151.3,"Strip"
"Telvas-H 50mg (Batch 15)","Telmisartan + Hydrochlorothiazide","Tablets","Telvas","Sanofi India",61,40.5,51.9,"Strip"
"Amlokind Duo (Batch 15)","Amlodipine","Tablets","Amlokind","USV Private Ltd",31,20.6,26.4,"Strip"
"Amlosafe 500mg (Batch 15)","Amlodipine","Tablets","Amlosafe","Pfizer India",17,11.3,14.5,"Strip"
"Amlovas 75mg (Batch 15)","Amlodipine","Tablets","Amlovas","Micro Labs Ltd",31,20.6,26.4,"Strip"
"Cilacar Kid (Batch 15)","Cilnidipine","Tablets","Cilacar","Blue Cross Laboratories",88,58.3,74.8,"Strip"
"Cilnidac 600mg (Batch 15)","Cilnidipine","Tablets","Cilnidac","Aristo Pharmaceuticals",81,53.7,68.9,"Strip"
"Concor 80mg (Batch 15)","Bisoprolol Fumarate","Tablets","Concor","FDC Ltd",144,95.5,122.4,"Strip"
"Starpress Plus (Batch 15)","Metoprolol Succinate","Tablets","Starpress","J.B. Chemicals & Pharmaceuticals",112,74.3,95.2,"Strip"
"Metolar 625mg (Batch 15)","Metoprolol Tartrate","Tablets","Metolar","Wockhardt Ltd",105,69.7,89.3,"Strip"
"Glycomet 100mg (Batch 15)","Metformin Hydrochloride","Tablets","Glycomet","Apex Laboratories",33,21.9,28.1,"Strip"
"Metformin SR Forte (Batch 15)","Metformin Hydrochloride","Tablets","Metformin","Intas Pharmaceuticals",23,15.3,19.6,"Strip"
"Glycomet GP 650mg (Batch 15)","Glimepiride + Metformin","Tablets","Glycomet GP","Macleods Pharmaceuticals",109,72.2,92.6,"Strip"
"Amaryl M 150mg (Batch 15)","Glimepiride + Metformin","Tablets","Amaryl","Hetero Healthcare",92,61,78.2,"Strip"
"Glimisave M 5mg (Batch 15)","Glimepiride + Metformin","Tablets","Glimisave","Biocon Ltd",90,59.7,76.5,"Strip"
"Jalra-M 1g (Batch 15)","Vildagliptin + Metformin","Tablets","Jalra-M","AstraZeneca India",228,151.2,193.8,"Strip"
"Galvus Met 200mg (Batch 15)","Vildagliptin + Metformin","Tablets","Galvus","Bayer India",321,212.8,272.8,"Strip"
"Ziten M 10mg (Batch 15)","Teneligliptin + Metformin","Tablets","Ziten","IPCA Laboratories",114,75.6,96.9,"Strip"
"Dynaglipt M SR (Batch 15)","Teneligliptin + Metformin","Tablets","Dynaglipt","Alembic Pharmaceuticals",112,74.3,95.2,"Strip"
"Voglistar 250mg (Batch 15)","Voglibose","Tablets","Voglistar","GSK Pharma",40,26.5,34,"Strip"
"Volibo 20mg (Batch 15)","Voglibose","Tablets","Volibo","Abbott India",58,38.5,49.3,"Strip"
"Pantocid DSR (Batch 15)","Pantoprazole","Tablets","Pantocid","Sun Pharmaceutical Industries",136,90.2,115.6,"Strip"
"Pan 300mg (Batch 15)","Pantoprazole","Tablets","Pan","Cipla Ltd",109,72.2,92.6,"Strip"
"Pantodac 40mg (Batch 15)","Pantoprazole","Tablets","Pantodac","Lupin Ltd",147,97.5,125,"Strip"
"Pan-D XL (Batch 15)","Pantoprazole + Domperidone","Capsules","Pan-D","Mankind Pharma",175,116.1,148.8,"Strip"
"Pantocid-DSR 400mg (Batch 15)","Pantoprazole + Domperidone","Capsules","Pantocid","Torrent Pharmaceuticals",198,131.3,168.3,"Strip"
"Pantosec-DSR 50mg (Batch 15)","Pantoprazole + Domperidone","Capsules","Pantosec","Dr. Reddy s Laboratories",136,90.2,115.6,"Strip"
"Omez Duo (Batch 15)","Omeprazole","Capsules","Omez","Alkem Laboratories",74,49.1,62.9,"Strip"
"Omecip 500mg (Batch 15)","Omeprazole","Capsules","Omecip","Glenmark Pharmaceuticals",37,24.6,31.5,"Strip"
"Omez-D 75mg (Batch 15)","Omeprazole + Domperidone","Capsules","Omez","Cadila Pharmaceuticals",75,49.8,63.8,"Strip"
"Rabicip Kid (Batch 15)","Rabeprazole","Tablets","Rabicip","Zydus Lifesciences",68,45.1,57.8,"Strip"
"Rabeloc 600mg (Batch 15)","Rabeprazole","Tablets","Rabeloc","Sanofi India",96,63.6,81.6,"Strip"
"Rabicip-DSR 80mg (Batch 15)","Rabeprazole + Domperidone","Capsules","Rabicip","USV Private Ltd",204,135.3,173.4,"Strip"
"Razo-DSR Plus (Batch 15)","Rabeprazole + Domperidone","Capsules","Razo","Pfizer India",162,107.4,137.7,"Strip"
"Sompraz 625mg (Batch 15)","Esomeprazole","Tablets","Sompraz","Micro Labs Ltd",90,59.7,76.5,"Strip"
"Nexpro 100mg (Batch 15)","Esomeprazole","Tablets","Nexpro","Blue Cross Laboratories",88,58.3,74.8,"Strip"
"Sompraz-DSR Forte (Batch 15)","Esomeprazole + Domperidone","Capsules","Sompraz","Aristo Pharmaceuticals",206,136.6,175.1,"Strip"
"Nexpro-RD 650mg (Batch 15)","Esomeprazole + Domperidone","Capsules","Nexpro","FDC Ltd",234,155.1,198.9,"Strip"
"Aciloc 150mg (Batch 15)","Ranitidine","Tablets","Aciloc","J.B. Chemicals & Pharmaceuticals",19,12.6,16.2,"Strip"
"Rantac 5mg (Batch 15)","Ranitidine","Tablets","Rantac","Wockhardt Ltd",27,17.9,23,"Strip"
"Zinetac 1g (Batch 15)","Ranitidine","Tablets","Zinetac","Apex Laboratories",23,15.3,19.6,"Strip"
"Okacet 200mg (Batch 15)","Cetirizine","Tablets","Okacet","Intas Pharmaceuticals",16,10.6,13.6,"Strip"
"Cetcip 10mg (Batch 15)","Cetirizine","Tablets","Cetcip","Macleods Pharmaceuticals",17,11.3,14.5,"Strip"
"Alerid SR (Batch 15)","Cetirizine","Tablets","Alerid","Hetero Healthcare",24,15.9,20.4,"Strip"
"Teczine 250mg (Batch 15)","Levocetirizine","Tablets","Teczine","Biocon Ltd",75,49.8,63.8,"Strip"
"Lecope 20mg (Batch 15)","Levocetirizine","Tablets","Lecope","AstraZeneca India",46,30.5,39.1,"Strip"
"Sizloc DSR (Batch 15)","Levocetirizine","Tablets","Sizloc","Bayer India",33,21.9,28.1,"Strip"
"Montair-LC 300mg (Batch 15)","Montelukast + Levocetirizine","Tablets","Montair","IPCA Laboratories",234,155.1,198.9,"Strip"
"Telekast-L 40mg (Batch 15)","Montelukast + Levocetirizine","Tablets","Telekast","Alembic Pharmaceuticals",217,143.9,184.5,"Strip"
"Montemac-L XL (Batch 15)","Montelukast + Levocetirizine","Tablets","Montemac","GSK Pharma",140,92.8,119,"Strip"
"Montek-LC 400mg (Batch 15)","Montelukast + Levocetirizine","Tablets","Montek","Abbott India",153,101.4,130,"Strip"
"Allegra 50mg (Batch 15)","Fexofenadine Hydrochloride","Tablets","Allegra","Sun Pharmaceutical Industries",166,110.1,141.1,"Strip"
"Fexo Duo (Batch 15)","Fexofenadine Hydrochloride","Tablets","Fexo","Cipla Ltd",79,52.3,67.1,"Strip"
"Fexigra 500mg (Batch 15)","Fexofenadine Hydrochloride","Tablets","Fexigra","Lupin Ltd",137,90.9,116.5,"Strip"
"Avil 75mg (Batch 15)","Pheniramine Maleate","Tablets","Avil","Mankind Pharma",13,8.6,11,"Strip"
"Atarax Kid (Batch 15)","Hydroxyzine Hydrochloride","Tablets","Atarax","Torrent Pharmaceuticals",98,65,83.3,"Strip"
"Becosules 600mg (Batch 15)","Vitamin B Complex + Vitamin C","Capsules","Becosules","Dr. Reddy s Laboratories",46,30.5,39.1,"Strip"
"Cobadex Forte 80mg (Batch 15)","Vitamin B Complex + Zinc","Capsules","Cobadex","Alkem Laboratories",36,23.9,30.6,"Strip"
"Zincovit Plus (Batch 15)","Multivitamin + Multimineral","Tablets","Zincovit","Glenmark Pharmaceuticals",102,67.6,86.7,"Strip"
"Revital H 625mg (Batch 15)","Multivitamins + Minerals + Ginseng","Capsules","Revital","Cadila Pharmaceuticals",190,126,161.5,"Strip"
"Limcee Orange 100mg (Batch 15)","Vitamin C (Ascorbic Acid)","Tablets","Limcee","Zydus Lifesciences",23,15.3,19.6,"Strip"
"Celin chewable Forte (Batch 15)","Vitamin C (Ascorbic Acid)","Tablets","Celin","Sanofi India",24,15.9,20.4,"Strip"
"Shelcal 650mg (Batch 15)","Calcium + Vitamin D3","Tablets","Shelcal","USV Private Ltd",109,72.2,92.6,"Strip"
"Cipcal 150mg (Batch 15)","Calcium + Vitamin D3","Tablets","Cipcal","Pfizer India",102,67.6,86.7,"Strip"
"Calcirol Sachet 5mg (Batch 15)","Cholecalciferol (Vitamin D3)","Others","Calcirol","Micro Labs Ltd",30,19.9,25.5,"Sachet"
"D3-Must 1g (Batch 15)","Cholecalciferol (Vitamin D3)","Capsules","D3-Must","Blue Cross Laboratories",37,24.6,31.5,"Strip"
"Evion 200mg (Batch 15)","Vitamin E","Capsules","Evion","Aristo Pharmaceuticals",36,23.9,30.6,"Strip"
"Neurobion Forte 10mg (Batch 15)","Vitamin B Complex + Methylcobalamin","Tablets","Neurobion","FDC Ltd",29,19.3,24.7,"Strip"
"Mecobon SR (Batch 15)","Methylcobalamin","Tablets","Mecobon","J.B. Chemicals & Pharmaceuticals",127,84.2,108,"Strip"
"Asthalin Respules (Batch 15)","Salbutamol","Inhalers","Asthalin","Wockhardt Ltd",140,92.8,119,"Piece"
"Duolin Respules (Batch 15)","Levosalbutamol + Ipratropium Bromide","Inhalers","Duolin","Apex Laboratories",273,181,232.1,"Piece"
"Budecort Inhaler (Batch 15)","Budesonide","Inhalers","Budecort","Intas Pharmaceuticals",256,169.7,217.6,"Piece"
"Foracort Respules (Batch 15)","Budesonide + Formoterol Fumarate","Inhalers","Foracort","Macleods Pharmaceuticals",249,165.1,211.7,"Piece"
"Benadryl Syrup 100ml Syrup (Batch 15)","Diphenhydramine + Ammonium Chloride + Sodium Citrate","Syrups","Benadryl","Hetero Healthcare",127,84.2,108,"Bottle"
"Ascoril LS Syrup 60ml Syrup (Batch 15)","Ambroxol + Levosalbutamol + Guaiphenesin","Syrups","Ascoril","Biocon Ltd",95,63,80.8,"Bottle"
"Grilinctus Syrup 100ml Syrup (Batch 15)","Dextromethorphan + Chlorpheniramine","Syrups","Grilinctus","AstraZeneca India",123,81.6,104.6,"Bottle"
"Corex DX Syrup 60ml Syrup (Batch 15)","Chlorpheniramine + Dextromethorphan","Syrups","Corex","Bayer India",116,76.9,98.6,"Bottle"
"Solvin Cold Syrup 100ml Syrup (Batch 15)","Paracetamol + Phenylephrine + Chlorpheniramine","Syrups","Solvin","IPCA Laboratories",79,52.3,67.1,"Bottle"
"Volini Gel Respules (Batch 15)","Diclofenac + Methyl Salicylate + Menthol","Others","Volini","Alembic Pharmaceuticals",92,61,78.2,"Piece"
"Moov Gel Inhaler (Batch 15)","Oil of Wintergreen + Menthol + Turpentine Oil","Others","Moov","GSK Pharma",70,46.4,59.5,"Piece"
"Iodex Balm Respules (Batch 15)","Methyl Salicylate + Menthol + Camphor","Others","Iodex","Abbott India",68,45.1,57.8,"Piece"
"Betnovate-N Respules (Batch 15)","Betamethasone + Neomycin","Others","Betnovate","Sun Pharmaceutical Industries",56,37.1,47.6,"Piece"
"Betnovate-C Inhaler (Batch 15)","Betamethasone + Clioquinol","Others","Betnovate","Cipla Ltd",47,31.1,39.9,"Piece"
"Betnovate-GM Inhaler (Batch 15)","Betamethasone + Gentamicin + Miconazole","Others","Betnovate","Lupin Ltd",64,42.4,54.4,"Piece"
"Quadriderm RF Inhaler (Batch 15)","Beclomethasone + Clotrimazole + Neomycin","Others","Quadriderm","Mankind Pharma",70,46.4,59.5,"Piece"
"Panderm Super Respules (Batch 15)","Clobetasol + Neomycin + Miconazole","Others","Panderm","Torrent Pharmaceuticals",103,68.3,87.6,"Piece"
"Tenovate Cream Respules (Batch 15)","Clobetasol Propionate","Others","Tenovate","Dr. Reddy s Laboratories",71,47.1,60.4,"Piece"
"Ciplox Eye/Ear Drops Respules (Batch 15)","Ciprofloxacin Eye Drops","Drops","Ciplox","Alkem Laboratories",29,19.3,24.7,"Piece"
"Moxicip Eye Drops Inhaler (Batch 15)","Moxifloxacin Eye Drops","Drops","Moxicip","Glenmark Pharmaceuticals",62,41.1,52.7,"Piece"
"Otrivin Nasal Spray Respules (Batch 15)","Xylometazoline Hydrochloride","Drops","Otrivin","Cadila Pharmaceuticals",95,63,80.8,"Piece"
"Nasoclear Drops Respules (Batch 15)","Sodium Chloride Nasal Solution","Drops","Nasoclear","Zydus Lifesciences",38,25.2,32.3,"Piece"
"Calpol 200mg (Batch 16)","Paracetamol","Tablets","Calpol","Sanofi India",31,20.6,26.4,"Strip"
"Crocin Advance 10mg (Batch 16)","Paracetamol","Tablets","Crocin","USV Private Ltd",16,10.6,13.6,"Strip"
"Dolo SR (Batch 16)","Paracetamol","Tablets","Dolo","Pfizer India",22,14.6,18.7,"Strip"
"Pacimol 250mg (Batch 16)","Paracetamol","Tablets","Pacimol","Micro Labs Ltd",15,10,12.8,"Strip"
"Sumo L 20mg (Batch 16)","Paracetamol","Tablets","Sumo","Blue Cross Laboratories",19,12.6,16.2,"Strip"
"Combiflam DSR (Batch 16)","Ibuprofen + Paracetamol","Tablets","Combiflam","Aristo Pharmaceuticals",41,27.2,34.9,"Strip"
"Flexon 300mg (Batch 16)","Ibuprofen + Paracetamol","Tablets","Flexon","FDC Ltd",29,19.3,24.7,"Strip"
"Ibugesic Plus 40mg (Batch 16)","Ibuprofen + Paracetamol","Tablets","Ibugesic","J.B. Chemicals & Pharmaceuticals",25,16.6,21.3,"Strip"
"Acecloc XL (Batch 16)","Aceclofenac + Paracetamol","Tablets","Acecloc","Wockhardt Ltd",45,29.9,38.3,"Strip"
"Zerodol-P 400mg (Batch 16)","Aceclofenac + Paracetamol","Tablets","Zerodol","Apex Laboratories",73,48.4,62.1,"Strip"
"Hifenac-P 50mg (Batch 16)","Aceclofenac + Paracetamol","Tablets","Hifenac","Intas Pharmaceuticals",66,43.8,56.1,"Strip"
"Zerodol-SP Duo (Batch 16)","Aceclofenac + Paracetamol + Serratiopeptidase","Tablets","Zerodol","Macleods Pharmaceuticals",109,72.2,92.6,"Strip"
"Meftal-Spas 500mg (Batch 16)","Mefenamic Acid + Dicyclomine","Tablets","Meftal","Hetero Healthcare",47,31.1,39.9,"Strip"
"Cyclopam 75mg (Batch 16)","Dicyclomine + Paracetamol","Tablets","Cyclopam","Biocon Ltd",58,38.5,49.3,"Strip"
"Ultracet Kid (Batch 16)","Tramadol + Paracetamol","Tablets","Ultracet","AstraZeneca India",228,151.2,193.8,"Strip"
"Tramazac 600mg (Batch 16)","Tramadol","Capsules","Tramazac","Bayer India",91,60.4,77.4,"Strip"
"Nise 80mg (Batch 16)","Nimesulide","Tablets","Nise","IPCA Laboratories",69,45.8,58.7,"Strip"
"Nimulid Plus (Batch 16)","Nimesulide","Tablets","Nimulid","Alembic Pharmaceuticals",92,61,78.2,"Strip"
"Amox 625mg (Batch 16)","Amoxicillin","Capsules","Amox","GSK Pharma",45,29.9,38.3,"Strip"
"Amoxil 100mg (Batch 16)","Amoxicillin","Capsules","Amoxil","Abbott India",63,41.8,53.6,"Strip"
"Mox Forte (Batch 16)","Amoxicillin","Capsules","Mox","Sun Pharmaceutical Industries",49,32.5,41.7,"Strip"
"Novamox 650mg (Batch 16)","Amoxicillin","Capsules","Novamox","Cipla Ltd",75,49.8,63.8,"Strip"
"Clavam 150mg (Batch 16)","Amoxicillin + Potassium Clavulanate","Tablets","Clavam","Lupin Ltd",182,120.7,154.7,"Strip"
"Augmentin 5mg (Batch 16)","Amoxicillin + Potassium Clavulanate","Tablets","Augmentin","Mankind Pharma",165,109.4,140.3,"Strip"
"Moxikind-CV 1g (Batch 16)","Amoxicillin + Potassium Clavulanate","Tablets","Moxikind","Torrent Pharmaceuticals",128,84.9,108.8,"Strip"
"Advent 200mg (Batch 16)","Amoxicillin + Potassium Clavulanate","Tablets","Advent","Dr. Reddy s Laboratories",141,93.5,119.9,"Strip"
"Azee 10mg (Batch 16)","Azithromycin","Tablets","Azee","Alkem Laboratories",104,69,88.4,"Strip"
"Azithral SR (Batch 16)","Azithromycin","Tablets","Azithral","Glenmark Pharmaceuticals",97,64.4,82.5,"Strip"
"Azax 250mg (Batch 16)","Azithromycin","Tablets","Azax","Cadila Pharmaceuticals",115,76.3,97.8,"Strip"
"Zifi 20mg (Batch 16)","Cefixime","Tablets","Zifi","Zydus Lifesciences",128,84.9,108.8,"Strip"
"Taxim-O DSR (Batch 16)","Cefixime","Tablets","Taxim-O","Sanofi India",86,57,73.1,"Strip"
"Cefolac 300mg (Batch 16)","Cefixime","Tablets","Cefolac","USV Private Ltd",109,72.2,92.6,"Strip"
"Milixim 40mg (Batch 16)","Cefixime","Tablets","Milixim","Pfizer India",89,59,75.6,"Strip"
"Gepod XL (Batch 16)","Cefpodoxime Proxetil","Tablets","Gepod","Micro Labs Ltd",135,89.5,114.8,"Strip"
"Monocef-O 400mg (Batch 16)","Cefpodoxime Proxetil","Tablets","Monocef-O","Blue Cross Laboratories",178,118,151.3,"Strip"
"Macpod 50mg (Batch 16)","Cefpodoxime Proxetil","Tablets","Macpod","Aristo Pharmaceuticals",181,120,153.9,"Strip"
"Oflomac Duo (Batch 16)","Ofloxacin","Tablets","Oflomac","FDC Ltd",44,29.2,37.4,"Strip"
"Oframax 500mg (Batch 16)","Ofloxacin","Tablets","Oframax","J.B. Chemicals & Pharmaceuticals",52,34.5,44.2,"Strip"
"Oflotas 75mg (Batch 16)","Ofloxacin","Tablets","Oflotas","Wockhardt Ltd",63,41.8,53.6,"Strip"
"Oflomac-OZ Kid (Batch 16)","Ofloxacin + Ornidazole","Tablets","Oflomac","Apex Laboratories",78,51.7,66.3,"Strip"
"Zenflox-OZ 600mg (Batch 16)","Ofloxacin + Ornidazole","Tablets","Zenflox","Intas Pharmaceuticals",111,73.6,94.4,"Strip"
"Norflox 80mg (Batch 16)","Norfloxacin","Tablets","Norflox","Macleods Pharmaceuticals",79,52.3,67.1,"Strip"
"Norflox-TZ Plus (Batch 16)","Norfloxacin + Tinidazole","Tablets","Norflox","Hetero Healthcare",97,64.4,82.5,"Strip"
"Ciplox 625mg (Batch 16)","Ciprofloxacin","Tablets","Ciplox","Biocon Ltd",50,33.2,42.5,"Strip"
"Ciprobid 100mg (Batch 16)","Ciprofloxacin","Tablets","Ciprobid","AstraZeneca India",40,26.5,34,"Strip"
"Atorva Forte (Batch 16)","Atorvastatin","Tablets","Atorva","Bayer India",126,83.5,107.1,"Strip"
"Lipitor 650mg (Batch 16)","Atorvastatin","Tablets","Lipitor","IPCA Laboratories",324,214.8,275.4,"Strip"
"Lipikind 150mg (Batch 16)","Atorvastatin","Tablets","Lipikind","Alembic Pharmaceuticals",102,67.6,86.7,"Strip"
"Tonact 5mg (Batch 16)","Atorvastatin","Tablets","Tonact","GSK Pharma",120,79.6,102,"Strip"
"Rosuvas 1g (Batch 16)","Rosuvastatin","Tablets","Rosuvas","Abbott India",153,101.4,130,"Strip"
"Rosyn 200mg (Batch 16)","Rosuvastatin","Tablets","Rosyn","Sun Pharmaceutical Industries",96,63.6,81.6,"Strip"
"Roseday 10mg (Batch 16)","Rosuvastatin","Tablets","Roseday","Cipla Ltd",169,112.1,143.7,"Strip"
"Crevast SR (Batch 16)","Rosuvastatin","Tablets","Crevast","Lupin Ltd",127,84.2,108,"Strip"
"Telma 250mg (Batch 16)","Telmisartan","Tablets","Telma","Mankind Pharma",70,46.4,59.5,"Strip"
"Telvas 20mg (Batch 16)","Telmisartan","Tablets","Telvas","Torrent Pharmaceuticals",86,57,73.1,"Strip"
"Telsar DSR (Batch 16)","Telmisartan","Tablets","Telsar","Dr. Reddy s Laboratories",76,50.4,64.6,"Strip"
"Telma-H 300mg (Batch 16)","Telmisartan + Hydrochlorothiazide","Tablets","Telma","Alkem Laboratories",169,112.1,143.7,"Strip"
"Telvas-H 40mg (Batch 16)","Telmisartan + Hydrochlorothiazide","Tablets","Telvas","Glenmark Pharmaceuticals",72,47.7,61.2,"Strip"
"Amlokind XL (Batch 16)","Amlodipine","Tablets","Amlokind","Cadila Pharmaceuticals",17,11.3,14.5,"Strip"
"Amlosafe 400mg (Batch 16)","Amlodipine","Tablets","Amlosafe","Zydus Lifesciences",38,25.2,32.3,"Strip"
"Amlovas 50mg (Batch 16)","Amlodipine","Tablets","Amlovas","Sanofi India",38,25.2,32.3,"Strip"
"Cilacar Duo (Batch 16)","Cilnidipine","Tablets","Cilacar","USV Private Ltd",109,72.2,92.6,"Strip"
"Cilnidac 500mg (Batch 16)","Cilnidipine","Tablets","Cilnidac","Pfizer India",72,47.7,61.2,"Strip"
"Concor 75mg (Batch 16)","Bisoprolol Fumarate","Tablets","Concor","Micro Labs Ltd",135,89.5,114.8,"Strip"
"Starpress Kid (Batch 16)","Metoprolol Succinate","Tablets","Starpress","Blue Cross Laboratories",133,88.2,113.1,"Strip"
"Metolar 600mg (Batch 16)","Metoprolol Tartrate","Tablets","Metolar","Aristo Pharmaceuticals",96,63.6,81.6,"Strip"
"Glycomet 80mg (Batch 16)","Metformin Hydrochloride","Tablets","Glycomet","FDC Ltd",19,12.6,16.2,"Strip"
"Metformin SR Plus (Batch 16)","Metformin Hydrochloride","Tablets","Metformin","J.B. Chemicals & Pharmaceuticals",34,22.5,28.9,"Strip"
"Glycomet GP 625mg (Batch 16)","Glimepiride + Metformin","Tablets","Glycomet GP","Wockhardt Ltd",40,26.5,34,"Strip"
"Amaryl M 100mg (Batch 16)","Glimepiride + Metformin","Tablets","Amaryl","Apex Laboratories",203,134.6,172.5,"Strip"
"Glimisave M Forte (Batch 16)","Glimepiride + Metformin","Tablets","Glimisave","Intas Pharmaceuticals",111,73.6,94.4,"Strip"
"Jalra-M 650mg (Batch 16)","Vildagliptin + Metformin","Tablets","Jalra-M","Macleods Pharmaceuticals",339,224.8,288.2,"Strip"
"Galvus Met 150mg (Batch 16)","Vildagliptin + Metformin","Tablets","Galvus","Hetero Healthcare",232,153.8,197.2,"Strip"
"Ziten M 5mg (Batch 16)","Teneligliptin + Metformin","Tablets","Ziten","Biocon Ltd",155,102.8,131.8,"Strip"
"Dynaglipt M 1g (Batch 16)","Teneligliptin + Metformin","Tablets","Dynaglipt","AstraZeneca India",123,81.6,104.6,"Strip"
"Voglistar 200mg (Batch 16)","Voglibose","Tablets","Voglistar","Bayer India",91,60.4,77.4,"Strip"
"Volibo 10mg (Batch 16)","Voglibose","Tablets","Volibo","IPCA Laboratories",84,55.7,71.4,"Strip"
"Pantocid SR (Batch 16)","Pantoprazole","Tablets","Pantocid","Alembic Pharmaceuticals",67,44.5,57,"Strip"
"Pan 250mg (Batch 16)","Pantoprazole","Tablets","Pan","GSK Pharma",100,66.3,85,"Strip"
"Pantodac 20mg (Batch 16)","Pantoprazole","Tablets","Pantodac","Abbott India",58,38.5,49.3,"Strip"
"Pan-D DSR (Batch 16)","Pantoprazole + Domperidone","Capsules","Pan-D","Sun Pharmaceutical Industries",166,110.1,141.1,"Strip"
"Pantocid-DSR 300mg (Batch 16)","Pantoprazole + Domperidone","Capsules","Pantocid","Cipla Ltd",159,105.5,135.2,"Strip"
"Pantosec-DSR 40mg (Batch 16)","Pantoprazole + Domperidone","Capsules","Pantosec","Lupin Ltd",177,117.4,150.5,"Strip"
"Omez XL (Batch 16)","Omeprazole","Capsules","Omez","Mankind Pharma",35,23.2,29.8,"Strip"
"Omecip 400mg (Batch 16)","Omeprazole","Capsules","Omecip","Torrent Pharmaceuticals",58,38.5,49.3,"Strip"
"Omez-D 50mg (Batch 16)","Omeprazole + Domperidone","Capsules","Omez","Dr. Reddy s Laboratories",96,63.6,81.6,"Strip"
"Rabicip Duo (Batch 16)","Rabeprazole","Tablets","Rabicip","Alkem Laboratories",59,39.2,50.2,"Strip"
"Rabeloc 500mg (Batch 16)","Rabeprazole","Tablets","Rabeloc","Glenmark Pharmaceuticals",52,34.5,44.2,"Strip"
"Rabicip-DSR 75mg (Batch 16)","Rabeprazole + Domperidone","Capsules","Rabicip","Cadila Pharmaceuticals",135,89.5,114.8,"Strip"
"Razo-DSR Kid (Batch 16)","Rabeprazole + Domperidone","Capsules","Razo","Zydus Lifesciences",123,81.6,104.6,"Strip"
"Sompraz 600mg (Batch 16)","Esomeprazole","Tablets","Sompraz","Sanofi India",131,86.9,111.4,"Strip"
"Nexpro 80mg (Batch 16)","Esomeprazole","Tablets","Nexpro","USV Private Ltd",109,72.2,92.6,"Strip"
"Sompraz-DSR Plus (Batch 16)","Esomeprazole + Domperidone","Capsules","Sompraz","Pfizer India",167,110.8,142,"Strip"
"Nexpro-RD 625mg (Batch 16)","Esomeprazole + Domperidone","Capsules","Nexpro","Micro Labs Ltd",145,96.2,123.3,"Strip"
"Aciloc 100mg (Batch 16)","Ranitidine","Tablets","Aciloc","Blue Cross Laboratories",40,26.5,34,"Strip"
"Rantac Forte (Batch 16)","Ranitidine","Tablets","Rantac","Aristo Pharmaceuticals",18,11.9,15.3,"Strip"
"Zinetac 650mg (Batch 16)","Ranitidine","Tablets","Zinetac","FDC Ltd",30,19.9,25.5,"Strip"
"Okacet 150mg (Batch 16)","Cetirizine","Tablets","Okacet","J.B. Chemicals & Pharmaceuticals",27,17.9,23,"Strip"
"Cetcip 5mg (Batch 16)","Cetirizine","Tablets","Cetcip","Wockhardt Ltd",20,13.3,17,"Strip"
"Alerid 1g (Batch 16)","Cetirizine","Tablets","Alerid","Apex Laboratories",21,13.9,17.8,"Strip"
"Teczine 200mg (Batch 16)","Levocetirizine","Tablets","Teczine","Intas Pharmaceuticals",51,33.9,43.4,"Strip"
"Lecope 10mg (Batch 16)","Levocetirizine","Tablets","Lecope","Macleods Pharmaceuticals",37,24.6,31.5,"Strip"
"Sizloc SR (Batch 16)","Levocetirizine","Tablets","Sizloc","Hetero Healthcare",54,35.8,45.9,"Strip"
"Montair-LC 250mg (Batch 16)","Montelukast + Levocetirizine","Tablets","Montair","Biocon Ltd",195,129.3,165.8,"Strip"
"Telekast-L 20mg (Batch 16)","Montelukast + Levocetirizine","Tablets","Telekast","AstraZeneca India",148,98.1,125.8,"Strip"
"Montemac-L DSR (Batch 16)","Montelukast + Levocetirizine","Tablets","Montemac","Bayer India",151,100.2,128.4,"Strip"
"Montek-LC 300mg (Batch 16)","Montelukast + Levocetirizine","Tablets","Montek","IPCA Laboratories",224,148.5,190.4,"Strip"
"Allegra 40mg (Batch 16)","Fexofenadine Hydrochloride","Tablets","Allegra","Alembic Pharmaceuticals",157,104.1,133.5,"Strip"
"Fexo XL (Batch 16)","Fexofenadine Hydrochloride","Tablets","Fexo","GSK Pharma",100,66.3,85,"Strip"
"Fexigra 400mg (Batch 16)","Fexofenadine Hydrochloride","Tablets","Fexigra","Abbott India",148,98.1,125.8,"Strip"
"Avil 50mg (Batch 16)","Pheniramine Maleate","Tablets","Avil","Sun Pharmaceutical Industries",14,9.3,11.9,"Strip"
"Atarax Duo (Batch 16)","Hydroxyzine Hydrochloride","Tablets","Atarax","Cipla Ltd",89,59,75.6,"Strip"
"Becosules 500mg (Batch 16)","Vitamin B Complex + Vitamin C","Capsules","Becosules","Lupin Ltd",32,21.2,27.2,"Strip"
"Cobadex Forte 75mg (Batch 16)","Vitamin B Complex + Zinc","Capsules","Cobadex","Mankind Pharma",27,17.9,23,"Strip"
"Zincovit Kid (Batch 16)","Multivitamin + Multimineral","Tablets","Zincovit","Torrent Pharmaceuticals",93,61.7,79.1,"Strip"
"Revital H 600mg (Batch 16)","Multivitamins + Minerals + Ginseng","Capsules","Revital","Dr. Reddy s Laboratories",301,199.6,255.9,"Strip"
"Limcee Orange 80mg (Batch 16)","Vitamin C (Ascorbic Acid)","Tablets","Limcee","Alkem Laboratories",29,19.3,24.7,"Strip"
"Celin chewable Plus (Batch 16)","Vitamin C (Ascorbic Acid)","Tablets","Celin","Glenmark Pharmaceuticals",30,19.9,25.5,"Strip"
"Shelcal 625mg (Batch 16)","Calcium + Vitamin D3","Tablets","Shelcal","Cadila Pharmaceuticals",130,86.2,110.5,"Strip"
"Cipcal 100mg (Batch 16)","Calcium + Vitamin D3","Tablets","Cipcal","Zydus Lifesciences",93,61.7,79.1,"Strip"
"Calcirol Sachet Forte (Batch 16)","Cholecalciferol (Vitamin D3)","Others","Calcirol","Sanofi India",41,27.2,34.9,"Sachet"
"D3-Must 650mg (Batch 16)","Cholecalciferol (Vitamin D3)","Capsules","D3-Must","USV Private Ltd",48,31.8,40.8,"Strip"
"Evion 150mg (Batch 16)","Vitamin E","Capsules","Evion","Pfizer India",27,17.9,23,"Strip"
"Neurobion Forte 5mg (Batch 16)","Vitamin B Complex + Methylcobalamin","Tablets","Neurobion","Micro Labs Ltd",40,26.5,34,"Strip"
"Mecobon 1g (Batch 16)","Methylcobalamin","Tablets","Mecobon","Blue Cross Laboratories",118,78.2,100.3,"Strip"
"Asthalin Inhaler (Batch 16)","Salbutamol","Inhalers","Asthalin","Aristo Pharmaceuticals",101,67,85.9,"Piece"
"Duolin Respules (Batch 16)","Levosalbutamol + Ipratropium Bromide","Inhalers","Duolin","FDC Ltd",294,194.9,249.9,"Piece"
"Budecort Inhaler (Batch 16)","Budesonide","Inhalers","Budecort","J.B. Chemicals & Pharmaceuticals",247,163.8,210,"Piece"
"Foracort Inhaler (Batch 16)","Budesonide + Formoterol Fumarate","Inhalers","Foracort","Wockhardt Ltd",360,238.7,306,"Piece"
"Benadryl Syrup 60ml Syrup (Batch 16)","Diphenhydramine + Ammonium Chloride + Sodium Citrate","Syrups","Benadryl","Apex Laboratories",118,78.2,100.3,"Bottle"
"Ascoril LS Syrup 100ml Syrup (Batch 16)","Ambroxol + Levosalbutamol + Guaiphenesin","Syrups","Ascoril","Intas Pharmaceuticals",106,70.3,90.1,"Bottle"
"Grilinctus Syrup 60ml Syrup (Batch 16)","Dextromethorphan + Chlorpheniramine","Syrups","Grilinctus","Macleods Pharmaceuticals",99,65.6,84.1,"Bottle"
"Corex DX Syrup 100ml Syrup (Batch 16)","Chlorpheniramine + Dextromethorphan","Syrups","Corex","Hetero Healthcare",102,67.6,86.7,"Bottle"
"Solvin Cold Syrup 60ml Syrup (Batch 16)","Paracetamol + Phenylephrine + Chlorpheniramine","Syrups","Solvin","Biocon Ltd",65,43.1,55.3,"Bottle"
"Volini Gel Respules (Batch 16)","Diclofenac + Methyl Salicylate + Menthol","Others","Volini","AstraZeneca India",133,88.2,113.1,"Piece"
"Moov Gel Inhaler (Batch 16)","Oil of Wintergreen + Menthol + Turpentine Oil","Others","Moov","Bayer India",81,53.7,68.9,"Piece"
"Iodex Balm Respules (Batch 16)","Methyl Salicylate + Menthol + Camphor","Others","Iodex","IPCA Laboratories",59,39.2,50.2,"Piece"
"Betnovate-N Inhaler (Batch 16)","Betamethasone + Neomycin","Others","Betnovate","Alembic Pharmaceuticals",42,27.8,35.7,"Piece"
"Betnovate-C Inhaler (Batch 16)","Betamethasone + Clioquinol","Others","Betnovate","GSK Pharma",58,38.5,49.3,"Piece"
"Betnovate-GM Inhaler (Batch 16)","Betamethasone + Gentamicin + Miconazole","Others","Betnovate","Abbott India",55,36.5,46.8,"Piece"
"Quadriderm RF Inhaler (Batch 16)","Beclomethasone + Clotrimazole + Neomycin","Others","Quadriderm","Sun Pharmaceutical Industries",101,67,85.9,"Piece"
"Panderm Super Respules (Batch 16)","Clobetasol + Neomycin + Miconazole","Others","Panderm","Cipla Ltd",79,52.3,67.1,"Piece"
"Tenovate Cream Respules (Batch 16)","Clobetasol Propionate","Others","Tenovate","Lupin Ltd",57,37.8,48.4,"Piece"
"Ciplox Eye/Ear Drops Respules (Batch 16)","Ciprofloxacin Eye Drops","Drops","Ciplox","Mankind Pharma",20,13.3,17,"Piece"
"Moxicip Eye Drops Inhaler (Batch 16)","Moxifloxacin Eye Drops","Drops","Moxicip","Torrent Pharmaceuticals",48,31.8,40.8,"Piece"
"Otrivin Nasal Spray Inhaler (Batch 16)","Xylometazoline Hydrochloride","Drops","Otrivin","Dr. Reddy s Laboratories",86,57,73.1,"Piece"
"Nasoclear Drops Respules (Batch 16)","Sodium Chloride Nasal Solution","Drops","Nasoclear","Alkem Laboratories",49,32.5,41.7,"Piece"
"Calpol 150mg (Batch 17)","Paracetamol","Tablets","Calpol","Glenmark Pharmaceuticals",22,14.6,18.7,"Strip"
"Crocin Advance 5mg (Batch 17)","Paracetamol","Tablets","Crocin","Cadila Pharmaceuticals",22,14.6,18.7,"Strip"
"Dolo 1g (Batch 17)","Paracetamol","Tablets","Dolo","Zydus Lifesciences",28,18.6,23.8,"Strip"
"Pacimol 200mg (Batch 17)","Paracetamol","Tablets","Pacimol","Sanofi India",16,10.6,13.6,"Strip"
"Sumo L 10mg (Batch 17)","Paracetamol","Tablets","Sumo","USV Private Ltd",22,14.6,18.7,"Strip"
"Combiflam SR (Batch 17)","Ibuprofen + Paracetamol","Tablets","Combiflam","Pfizer India",27,17.9,23,"Strip"
"Flexon 250mg (Batch 17)","Ibuprofen + Paracetamol","Tablets","Flexon","Micro Labs Ltd",20,13.3,17,"Strip"
"Ibugesic Plus 20mg (Batch 17)","Ibuprofen + Paracetamol","Tablets","Ibugesic","Blue Cross Laboratories",31,20.6,26.4,"Strip"
"Acecloc DSR (Batch 17)","Aceclofenac + Paracetamol","Tablets","Acecloc","Aristo Pharmaceuticals",76,50.4,64.6,"Strip"
"Zerodol-P 300mg (Batch 17)","Aceclofenac + Paracetamol","Tablets","Zerodol","FDC Ltd",64,42.4,54.4,"Strip"
"Hifenac-P 40mg (Batch 17)","Aceclofenac + Paracetamol","Tablets","Hifenac","J.B. Chemicals & Pharmaceuticals",87,57.7,74,"Strip"
"Zerodol-SP XL (Batch 17)","Aceclofenac + Paracetamol + Serratiopeptidase","Tablets","Zerodol","Wockhardt Ltd",120,79.6,102,"Strip"
"Meftal-Spas 400mg (Batch 17)","Mefenamic Acid + Dicyclomine","Tablets","Meftal","Apex Laboratories",38,25.2,32.3,"Strip"
"Cyclopam 50mg (Batch 17)","Dicyclomine + Paracetamol","Tablets","Cyclopam","Intas Pharmaceuticals",44,29.2,37.4,"Strip"
"Ultracet Duo (Batch 17)","Tramadol + Paracetamol","Tablets","Ultracet","Macleods Pharmaceuticals",249,165.1,211.7,"Strip"
"Tramazac 500mg (Batch 17)","Tramadol","Capsules","Tramazac","Hetero Healthcare",102,67.6,86.7,"Strip"
"Nise 75mg (Batch 17)","Nimesulide","Tablets","Nise","Biocon Ltd",90,59.7,76.5,"Strip"
"Nimulid Kid (Batch 17)","Nimesulide","Tablets","Nimulid","AstraZeneca India",83,55.1,70.6,"Strip"
"Amox 600mg (Batch 17)","Amoxicillin","Capsules","Amox","Bayer India",36,23.9,30.6,"Strip"
"Amoxil 80mg (Batch 17)","Amoxicillin","Capsules","Amoxil","IPCA Laboratories",74,49.1,62.9,"Strip"
"Mox Plus (Batch 17)","Amoxicillin","Capsules","Mox","Alembic Pharmaceuticals",70,46.4,59.5,"Strip"
"Novamox 625mg (Batch 17)","Amoxicillin","Capsules","Novamox","GSK Pharma",66,43.8,56.1,"Strip"
"Clavam 100mg (Batch 17)","Amoxicillin + Potassium Clavulanate","Tablets","Clavam","Abbott India",193,127.9,164,"Strip"
"Augmentin Forte (Batch 17)","Amoxicillin + Potassium Clavulanate","Tablets","Augmentin","Sun Pharmaceutical Industries",156,103.4,132.6,"Strip"
"Moxikind-CV 650mg (Batch 17)","Amoxicillin + Potassium Clavulanate","Tablets","Moxikind","Cipla Ltd",149,98.8,126.7,"Strip"
"Advent 150mg (Batch 17)","Amoxicillin + Potassium Clavulanate","Tablets","Advent","Lupin Ltd",152,100.8,129.2,"Strip"
"Azee 5mg (Batch 17)","Azithromycin","Tablets","Azee","Mankind Pharma",125,82.9,106.3,"Strip"
"Azithral 1g (Batch 17)","Azithromycin","Tablets","Azithral","Torrent Pharmaceuticals",108,71.6,91.8,"Strip"
"Azax 200mg (Batch 17)","Azithromycin","Tablets","Azax","Dr. Reddy s Laboratories",106,70.3,90.1,"Strip"
"Zifi 10mg (Batch 17)","Cefixime","Tablets","Zifi","Alkem Laboratories",89,59,75.6,"Strip"
"Taxim-O SR (Batch 17)","Cefixime","Tablets","Taxim-O","Glenmark Pharmaceuticals",157,104.1,133.5,"Strip"
"Cefolac 250mg (Batch 17)","Cefixime","Tablets","Cefolac","Cadila Pharmaceuticals",130,86.2,110.5,"Strip"
"Milixim 20mg (Batch 17)","Cefixime","Tablets","Milixim","Zydus Lifesciences",125,82.9,106.3,"Strip"
"Gepod DSR (Batch 17)","Cefpodoxime Proxetil","Tablets","Gepod","Sanofi India",126,83.5,107.1,"Strip"
"Monocef-O 300mg (Batch 17)","Cefpodoxime Proxetil","Tablets","Monocef-O","USV Private Ltd",199,132,169.2,"Strip"
"Macpod 40mg (Batch 17)","Cefpodoxime Proxetil","Tablets","Macpod","Pfizer India",172,114,146.2,"Strip"
"Oflomac XL (Batch 17)","Ofloxacin","Tablets","Oflomac","Micro Labs Ltd",75,49.8,63.8,"Strip"
"Oframax 400mg (Batch 17)","Ofloxacin","Tablets","Oframax","Blue Cross Laboratories",73,48.4,62.1,"Strip"
"Oflotas 50mg (Batch 17)","Ofloxacin","Tablets","Oflotas","Aristo Pharmaceuticals",49,32.5,41.7,"Strip"
"Oflomac-OZ Duo (Batch 17)","Ofloxacin + Ornidazole","Tablets","Oflomac","FDC Ltd",129,85.6,109.7,"Strip"
"Zenflox-OZ 500mg (Batch 17)","Ofloxacin + Ornidazole","Tablets","Zenflox","J.B. Chemicals & Pharmaceuticals",137,90.9,116.5,"Strip"
"Norflox 75mg (Batch 17)","Norfloxacin","Tablets","Norflox","Wockhardt Ltd",65,43.1,55.3,"Strip"
"Norflox-TZ Kid (Batch 17)","Norfloxacin + Tinidazole","Tablets","Norflox","Apex Laboratories",73,48.4,62.1,"Strip"
"Ciplox 600mg (Batch 17)","Ciprofloxacin","Tablets","Ciplox","Intas Pharmaceuticals",41,27.2,34.9,"Strip"
"Ciprobid 80mg (Batch 17)","Ciprofloxacin","Tablets","Ciprobid","Macleods Pharmaceuticals",31,20.6,26.4,"Strip"
"Atorva Plus (Batch 17)","Atorvastatin","Tablets","Atorva","Hetero Healthcare",117,77.6,99.5,"Strip"
"Lipitor 625mg (Batch 17)","Atorvastatin","Tablets","Lipitor","Biocon Ltd",235,155.8,199.8,"Strip"
"Lipikind 100mg (Batch 17)","Atorvastatin","Tablets","Lipikind","AstraZeneca India",93,61.7,79.1,"Strip"
"Tonact Forte (Batch 17)","Atorvastatin","Tablets","Tonact","Bayer India",51,33.9,43.4,"Strip"
"Rosuvas 650mg (Batch 17)","Rosuvastatin","Tablets","Rosuvas","IPCA Laboratories",84,55.7,71.4,"Strip"
"Rosyn 150mg (Batch 17)","Rosuvastatin","Tablets","Rosyn","Alembic Pharmaceuticals",207,137.3,176,"Strip"
"Roseday 5mg (Batch 17)","Rosuvastatin","Tablets","Roseday","GSK Pharma",180,119.3,153,"Strip"
"Crevast 1g (Batch 17)","Rosuvastatin","Tablets","Crevast","Abbott India",118,78.2,100.3,"Strip"
"Telma 200mg (Batch 17)","Telmisartan","Tablets","Telma","Sun Pharmaceutical Industries",111,73.6,94.4,"Strip"
"Telvas 10mg (Batch 17)","Telmisartan","Tablets","Telvas","Cipla Ltd",107,71,91,"Strip"
"Telsar SR (Batch 17)","Telmisartan","Tablets","Telsar","Lupin Ltd",87,57.7,74,"Strip"
"Telma-H 250mg (Batch 17)","Telmisartan + Hydrochlorothiazide","Tablets","Telma","Mankind Pharma",160,106.1,136,"Strip"
"Telvas-H 20mg (Batch 17)","Telmisartan + Hydrochlorothiazide","Tablets","Telvas","Torrent Pharmaceuticals",83,55.1,70.6,"Strip"
"Amlokind DSR (Batch 17)","Amlodipine","Tablets","Amlokind","Dr. Reddy s Laboratories",28,18.6,23.8,"Strip"
"Amlosafe 300mg (Batch 17)","Amlodipine","Tablets","Amlosafe","Alkem Laboratories",29,19.3,24.7,"Strip"
"Amlovas 40mg (Batch 17)","Amlodipine","Tablets","Amlovas","Glenmark Pharmaceuticals",17,11.3,14.5,"Strip"
"Cilacar XL (Batch 17)","Cilnidipine","Tablets","Cilacar","Cadila Pharmaceuticals",130,86.2,110.5,"Strip"
"Cilnidac 400mg (Batch 17)","Cilnidipine","Tablets","Cilnidac","Zydus Lifesciences",63,41.8,53.6,"Strip"
"Concor 50mg (Batch 17)","Bisoprolol Fumarate","Tablets","Concor","Sanofi India",126,83.5,107.1,"Strip"
"Starpress Duo (Batch 17)","Metoprolol Succinate","Tablets","Starpress","USV Private Ltd",64,42.4,54.4,"Strip"
"Metolar 500mg (Batch 17)","Metoprolol Tartrate","Tablets","Metolar","Pfizer India",87,57.7,74,"Strip"
"Glycomet 75mg (Batch 17)","Metformin Hydrochloride","Tablets","Glycomet","Micro Labs Ltd",40,26.5,34,"Strip"
"Metformin SR Kid (Batch 17)","Metformin Hydrochloride","Tablets","Metformin","Blue Cross Laboratories",20,13.3,17,"Strip"
"Glycomet GP 600mg (Batch 17)","Glimepiride + Metformin","Tablets","Glycomet GP","Aristo Pharmaceuticals",81,53.7,68.9,"Strip"
"Amaryl M 80mg (Batch 17)","Glimepiride + Metformin","Tablets","Amaryl","FDC Ltd",164,108.7,139.4,"Strip"
"Glimisave M Plus (Batch 17)","Glimepiride + Metformin","Tablets","Glimisave","J.B. Chemicals & Pharmaceuticals",42,27.8,35.7,"Strip"
"Jalra-M 625mg (Batch 17)","Vildagliptin + Metformin","Tablets","Jalra-M","Wockhardt Ltd",270,179,229.5,"Strip"
"Galvus Met 100mg (Batch 17)","Vildagliptin + Metformin","Tablets","Galvus","Apex Laboratories",393,260.6,334.1,"Strip"
"Ziten M Forte (Batch 17)","Teneligliptin + Metformin","Tablets","Ziten","Intas Pharmaceuticals",196,129.9,166.6,"Strip"
"Dynaglipt M 650mg (Batch 17)","Teneligliptin + Metformin","Tablets","Dynaglipt","Macleods Pharmaceuticals",134,88.8,113.9,"Strip"
"Voglistar 150mg (Batch 17)","Voglibose","Tablets","Voglistar","Hetero Healthcare",82,54.4,69.7,"Strip"
"Volibo 5mg (Batch 17)","Voglibose","Tablets","Volibo","Biocon Ltd",45,29.9,38.3,"Strip"
"Pantocid 1g (Batch 17)","Pantoprazole","Tablets","Pantocid","AstraZeneca India",108,71.6,91.8,"Strip"
"Pan 200mg (Batch 17)","Pantoprazole","Tablets","Pan","Bayer India",91,60.4,77.4,"Strip"
"Pantodac 10mg (Batch 17)","Pantoprazole","Tablets","Pantodac","IPCA Laboratories",69,45.8,58.7,"Strip"
"Pan-D SR (Batch 17)","Pantoprazole + Domperidone","Capsules","Pan-D","Alembic Pharmaceuticals",157,104.1,133.5,"Strip"
"Pantocid-DSR 250mg (Batch 17)","Pantoprazole + Domperidone","Capsules","Pantocid","GSK Pharma",120,79.6,102,"Strip"
"Pantosec-DSR 20mg (Batch 17)","Pantoprazole + Domperidone","Capsules","Pantosec","Abbott India",108,71.6,91.8,"Strip"
"Omez DSR (Batch 17)","Omeprazole","Capsules","Omez","Sun Pharmaceutical Industries",46,30.5,39.1,"Strip"
"Omecip 300mg (Batch 17)","Omeprazole","Capsules","Omecip","Cipla Ltd",34,22.5,28.9,"Strip"
"Omez-D 40mg (Batch 17)","Omeprazole + Domperidone","Capsules","Omez","Lupin Ltd",117,77.6,99.5,"Strip"
"Rabicip XL (Batch 17)","Rabeprazole","Tablets","Rabicip","Mankind Pharma",50,33.2,42.5,"Strip"
"Rabeloc 400mg (Batch 17)","Rabeprazole","Tablets","Rabeloc","Torrent Pharmaceuticals",93,61.7,79.1,"Strip"
"Rabicip-DSR 50mg (Batch 17)","Rabeprazole + Domperidone","Capsules","Rabicip","Dr. Reddy s Laboratories",176,116.7,149.6,"Strip"
"Razo-DSR Duo (Batch 17)","Rabeprazole + Domperidone","Capsules","Razo","Alkem Laboratories",214,141.9,181.9,"Strip"
"Sompraz 500mg (Batch 17)","Esomeprazole","Tablets","Sompraz","Glenmark Pharmaceuticals",172,114,146.2,"Strip"
"Nexpro 75mg (Batch 17)","Esomeprazole","Tablets","Nexpro","Cadila Pharmaceuticals",130,86.2,110.5,"Strip"
"Sompraz-DSR Kid (Batch 17)","Esomeprazole + Domperidone","Capsules","Sompraz","Zydus Lifesciences",128,84.9,108.8,"Strip"
"Nexpro-RD 600mg (Batch 17)","Esomeprazole + Domperidone","Capsules","Nexpro","Sanofi India",181,120,153.9,"Strip"
"Aciloc 80mg (Batch 17)","Ranitidine","Tablets","Aciloc","USV Private Ltd",31,20.6,26.4,"Strip"
"Rantac Plus (Batch 17)","Ranitidine","Tablets","Rantac","Pfizer India",41,27.2,34.9,"Strip"
"Zinetac 625mg (Batch 17)","Ranitidine","Tablets","Zinetac","Micro Labs Ltd",37,24.6,31.5,"Strip"
"Okacet 100mg (Batch 17)","Cetirizine","Tablets","Okacet","Blue Cross Laboratories",18,11.9,15.3,"Strip"
"Cetcip Forte (Batch 17)","Cetirizine","Tablets","Cetcip","Aristo Pharmaceuticals",23,15.3,19.6,"Strip"
"Alerid 650mg (Batch 17)","Cetirizine","Tablets","Alerid","FDC Ltd",18,11.9,15.3,"Strip"
"Teczine 150mg (Batch 17)","Levocetirizine","Tablets","Teczine","J.B. Chemicals & Pharmaceuticals",72,47.7,61.2,"Strip"
"Lecope 5mg (Batch 17)","Levocetirizine","Tablets","Lecope","Wockhardt Ltd",28,18.6,23.8,"Strip"
"Sizloc 1g (Batch 17)","Levocetirizine","Tablets","Sizloc","Apex Laboratories",33,21.9,28.1,"Strip"
"Montair-LC 200mg (Batch 17)","Montelukast + Levocetirizine","Tablets","Montair","Intas Pharmaceuticals",156,103.4,132.6,"Strip"
"Telekast-L 10mg (Batch 17)","Montelukast + Levocetirizine","Tablets","Telekast","Macleods Pharmaceuticals",189,125.3,160.7,"Strip"
"Montemac-L SR (Batch 17)","Montelukast + Levocetirizine","Tablets","Montemac","Hetero Healthcare",162,107.4,137.7,"Strip"
"Montek-LC 250mg (Batch 17)","Montelukast + Levocetirizine","Tablets","Montek","Biocon Ltd",180,119.3,153,"Strip"
"Allegra 20mg (Batch 17)","Fexofenadine Hydrochloride","Tablets","Allegra","AstraZeneca India",148,98.1,125.8,"Strip"
"Fexo DSR (Batch 17)","Fexofenadine Hydrochloride","Tablets","Fexo","Bayer India",121,80.3,102.9,"Strip"
"Fexigra 300mg (Batch 17)","Fexofenadine Hydrochloride","Tablets","Fexigra","IPCA Laboratories",159,105.5,135.2,"Strip"
"Avil 40mg (Batch 17)","Pheniramine Maleate","Tablets","Avil","Alembic Pharmaceuticals",15,10,12.8,"Strip"
"Atarax XL (Batch 17)","Hydroxyzine Hydrochloride","Tablets","Atarax","GSK Pharma",80,53,68,"Strip"
"Becosules 400mg (Batch 17)","Vitamin B Complex + Vitamin C","Capsules","Becosules","Abbott India",43,28.5,36.6,"Strip"
"Cobadex Forte 50mg (Batch 17)","Vitamin B Complex + Zinc","Capsules","Cobadex","Sun Pharmaceutical Industries",38,25.2,32.3,"Strip"
"Zincovit Duo (Batch 17)","Multivitamin + Multimineral","Tablets","Zincovit","Cipla Ltd",84,55.7,71.4,"Strip"
"Revital H 500mg (Batch 17)","Multivitamins + Minerals + Ginseng","Capsules","Revital","Lupin Ltd",262,173.7,222.7,"Strip"
"Limcee Orange 75mg (Batch 17)","Vitamin C (Ascorbic Acid)","Tablets","Limcee","Mankind Pharma",20,13.3,17,"Strip"
"Celin chewable Kid (Batch 17)","Vitamin C (Ascorbic Acid)","Tablets","Celin","Torrent Pharmaceuticals",21,13.9,17.8,"Strip"
"Shelcal 600mg (Batch 17)","Calcium + Vitamin D3","Tablets","Shelcal","Dr. Reddy s Laboratories",81,53.7,68.9,"Strip"
"Cipcal 80mg (Batch 17)","Calcium + Vitamin D3","Tablets","Cipcal","Alkem Laboratories",84,55.7,71.4,"Strip"
"Calcirol Sachet Plus (Batch 17)","Cholecalciferol (Vitamin D3)","Others","Calcirol","Glenmark Pharmaceuticals",32,21.2,27.2,"Sachet"
"D3-Must 625mg (Batch 17)","Cholecalciferol (Vitamin D3)","Capsules","D3-Must","Cadila Pharmaceuticals",34,22.5,28.9,"Strip"
"Evion 100mg (Batch 17)","Vitamin E","Capsules","Evion","Zydus Lifesciences",58,38.5,49.3,"Strip"
"Neurobion Forte Forte (Batch 17)","Vitamin B Complex + Methylcobalamin","Tablets","Neurobion","Sanofi India",31,20.6,26.4,"Strip"
"Mecobon 650mg (Batch 17)","Methylcobalamin","Tablets","Mecobon","USV Private Ltd",109,72.2,92.6,"Strip"
"Asthalin Inhaler (Batch 17)","Salbutamol","Inhalers","Asthalin","Pfizer India",112,74.3,95.2,"Piece"
"Duolin Respules (Batch 17)","Levosalbutamol + Ipratropium Bromide","Inhalers","Duolin","Micro Labs Ltd",225,149.2,191.3,"Piece"
"Budecort Respules (Batch 17)","Budesonide","Inhalers","Budecort","Blue Cross Laboratories",238,157.8,202.3,"Piece"
"Foracort Respules (Batch 17)","Budesonide + Formoterol Fumarate","Inhalers","Foracort","Aristo Pharmaceuticals",321,212.8,272.8,"Piece"
"Benadryl Syrup 100ml Syrup (Batch 17)","Diphenhydramine + Ammonium Chloride + Sodium Citrate","Syrups","Benadryl","FDC Ltd",109,72.2,92.6,"Bottle"
"Ascoril LS Syrup 60ml Syrup (Batch 17)","Ambroxol + Levosalbutamol + Guaiphenesin","Syrups","Ascoril","J.B. Chemicals & Pharmaceuticals",117,77.6,99.5,"Bottle"
"Grilinctus Syrup 100ml Syrup (Batch 17)","Dextromethorphan + Chlorpheniramine","Syrups","Grilinctus","Wockhardt Ltd",120,79.6,102,"Bottle"
"Corex DX Syrup 60ml Syrup (Batch 17)","Chlorpheniramine + Dextromethorphan","Syrups","Corex","Apex Laboratories",143,94.8,121.6,"Bottle"
"Solvin Cold Syrup 100ml Syrup (Batch 17)","Paracetamol + Phenylephrine + Chlorpheniramine","Syrups","Solvin","Intas Pharmaceuticals",86,57,73.1,"Bottle"
"Volini Gel Inhaler (Batch 17)","Diclofenac + Methyl Salicylate + Menthol","Others","Volini","Macleods Pharmaceuticals",64,42.4,54.4,"Piece"
"Moov Gel Respules (Batch 17)","Oil of Wintergreen + Menthol + Turpentine Oil","Others","Moov","Hetero Healthcare",92,61,78.2,"Piece"
"Iodex Balm Respules (Batch 17)","Methyl Salicylate + Menthol + Camphor","Others","Iodex","Biocon Ltd",50,33.2,42.5,"Piece"
"Betnovate-N Respules (Batch 17)","Betamethasone + Neomycin","Others","Betnovate","AstraZeneca India",53,35.2,45.1,"Piece"
"Betnovate-C Respules (Batch 17)","Betamethasone + Clioquinol","Others","Betnovate","Bayer India",44,29.2,37.4,"Piece"
"Betnovate-GM Respules (Batch 17)","Betamethasone + Gentamicin + Miconazole","Others","Betnovate","IPCA Laboratories",46,30.5,39.1,"Piece"
"Quadriderm RF Inhaler (Batch 17)","Beclomethasone + Clotrimazole + Neomycin","Others","Quadriderm","Alembic Pharmaceuticals",92,61,78.2,"Piece"
"Panderm Super Inhaler (Batch 17)","Clobetasol + Neomycin + Miconazole","Others","Panderm","GSK Pharma",100,66.3,85,"Piece"
"Tenovate Cream Respules (Batch 17)","Clobetasol Propionate","Others","Tenovate","Abbott India",78,51.7,66.3,"Piece"
"Ciplox Eye/Ear Drops Respules (Batch 17)","Ciprofloxacin Eye Drops","Drops","Ciplox","Sun Pharmaceutical Industries",26,17.2,22.1,"Piece"
"Moxicip Eye Drops Inhaler (Batch 17)","Moxifloxacin Eye Drops","Drops","Moxicip","Cipla Ltd",69,45.8,58.7,"Piece"
"Otrivin Nasal Spray Respules (Batch 17)","Xylometazoline Hydrochloride","Drops","Otrivin","Lupin Ltd",77,51.1,65.5,"Piece"
"Nasoclear Drops Inhaler (Batch 17)","Sodium Chloride Nasal Solution","Drops","Nasoclear","Mankind Pharma",40,26.5,34,"Piece"
"Calpol 100mg (Batch 18)","Paracetamol","Tablets","Calpol","Torrent Pharmaceuticals",33,21.9,28.1,"Strip"
"Crocin Advance Forte (Batch 18)","Paracetamol","Tablets","Crocin","Dr. Reddy s Laboratories",13,8.6,11,"Strip"
"Dolo 650mg (Batch 18)","Paracetamol","Tablets","Dolo","Alkem Laboratories",34,22.5,28.9,"Strip"
"Pacimol 150mg (Batch 18)","Paracetamol","Tablets","Pacimol","Glenmark Pharmaceuticals",17,11.3,14.5,"Strip"
"Sumo L 5mg (Batch 18)","Paracetamol","Tablets","Sumo","Cadila Pharmaceuticals",25,16.6,21.3,"Strip"
"Combiflam 1g (Batch 18)","Ibuprofen + Paracetamol","Tablets","Combiflam","Zydus Lifesciences",38,25.2,32.3,"Strip"
"Flexon 200mg (Batch 18)","Ibuprofen + Paracetamol","Tablets","Flexon","Sanofi India",26,17.2,22.1,"Strip"
"Ibugesic Plus 10mg (Batch 18)","Ibuprofen + Paracetamol","Tablets","Ibugesic","USV Private Ltd",22,14.6,18.7,"Strip"
"Acecloc SR (Batch 18)","Aceclofenac + Paracetamol","Tablets","Acecloc","Pfizer India",67,44.5,57,"Strip"
"Zerodol-P 250mg (Batch 18)","Aceclofenac + Paracetamol","Tablets","Zerodol","Micro Labs Ltd",95,63,80.8,"Strip"
"Hifenac-P 20mg (Batch 18)","Aceclofenac + Paracetamol","Tablets","Hifenac","Blue Cross Laboratories",73,48.4,62.1,"Strip"
"Zerodol-SP DSR (Batch 18)","Aceclofenac + Paracetamol + Serratiopeptidase","Tablets","Zerodol","Aristo Pharmaceuticals",131,86.9,111.4,"Strip"
"Meftal-Spas 300mg (Batch 18)","Mefenamic Acid + Dicyclomine","Tablets","Meftal","FDC Ltd",49,32.5,41.7,"Strip"
"Cyclopam 40mg (Batch 18)","Dicyclomine + Paracetamol","Tablets","Cyclopam","J.B. Chemicals & Pharmaceuticals",55,36.5,46.8,"Strip"
"Ultracet XL (Batch 18)","Tramadol + Paracetamol","Tablets","Ultracet","Wockhardt Ltd",180,119.3,153,"Strip"
"Tramazac 400mg (Batch 18)","Tramadol","Capsules","Tramazac","Apex Laboratories",113,75,96.1,"Strip"
"Nise 50mg (Batch 18)","Nimesulide","Tablets","Nise","Intas Pharmaceuticals",66,43.8,56.1,"Strip"
"Nimulid Duo (Batch 18)","Nimesulide","Tablets","Nimulid","Macleods Pharmaceuticals",74,49.1,62.9,"Strip"
"Amox 500mg (Batch 18)","Amoxicillin","Capsules","Amox","Hetero Healthcare",67,44.5,57,"Strip"
"Amoxil 75mg (Batch 18)","Amoxicillin","Capsules","Amoxil","Biocon Ltd",85,56.4,72.3,"Strip"
"Mox Kid (Batch 18)","Amoxicillin","Capsules","Mox","AstraZeneca India",46,30.5,39.1,"Strip"
"Novamox 600mg (Batch 18)","Amoxicillin","Capsules","Novamox","Bayer India",57,37.8,48.4,"Strip"
"Clavam 80mg (Batch 18)","Amoxicillin + Potassium Clavulanate","Tablets","Clavam","IPCA Laboratories",204,135.3,173.4,"Strip"
"Augmentin Plus (Batch 18)","Amoxicillin + Potassium Clavulanate","Tablets","Augmentin","Alembic Pharmaceuticals",147,97.5,125,"Strip"
"Moxikind-CV 625mg (Batch 18)","Amoxicillin + Potassium Clavulanate","Tablets","Moxikind","GSK Pharma",170,112.7,144.5,"Strip"
"Advent 100mg (Batch 18)","Amoxicillin + Potassium Clavulanate","Tablets","Advent","Abbott India",163,108,138.5,"Strip"
"Azee Forte (Batch 18)","Azithromycin","Tablets","Azee","Sun Pharmaceutical Industries",146,96.8,124.1,"Strip"
"Azithral 650mg (Batch 18)","Azithromycin","Tablets","Azithral","Cipla Ltd",119,78.9,101.1,"Strip"
"Azax 150mg (Batch 18)","Azithromycin","Tablets","Azax","Lupin Ltd",97,64.4,82.5,"Strip"
"Zifi 5mg (Batch 18)","Cefixime","Tablets","Zifi","Mankind Pharma",125,82.9,106.3,"Strip"
"Taxim-O 1g (Batch 18)","Cefixime","Tablets","Taxim-O","Torrent Pharmaceuticals",148,98.1,125.8,"Strip"
"Cefolac 200mg (Batch 18)","Cefixime","Tablets","Cefolac","Dr. Reddy s Laboratories",81,53.7,68.9,"Strip"
"Milixim 10mg (Batch 18)","Cefixime","Tablets","Milixim","Alkem Laboratories",86,57,73.1,"Strip"
"Gepod SR (Batch 18)","Cefpodoxime Proxetil","Tablets","Gepod","Glenmark Pharmaceuticals",117,77.6,99.5,"Strip"
"Monocef-O 250mg (Batch 18)","Cefpodoxime Proxetil","Tablets","Monocef-O","Cadila Pharmaceuticals",130,86.2,110.5,"Strip"
"Macpod 20mg (Batch 18)","Cefpodoxime Proxetil","Tablets","Macpod","Zydus Lifesciences",163,108,138.5,"Strip"
"Oflomac DSR (Batch 18)","Ofloxacin","Tablets","Oflomac","Sanofi India",66,43.8,56.1,"Strip"
"Oframax 300mg (Batch 18)","Ofloxacin","Tablets","Oframax","USV Private Ltd",49,32.5,41.7,"Strip"
"Oflotas 40mg (Batch 18)","Ofloxacin","Tablets","Oflotas","Pfizer India",70,46.4,59.5,"Strip"
"Oflomac-OZ XL (Batch 18)","Ofloxacin + Ornidazole","Tablets","Oflomac","Micro Labs Ltd",120,79.6,102,"Strip"
"Zenflox-OZ 400mg (Batch 18)","Ofloxacin + Ornidazole","Tablets","Zenflox","Blue Cross Laboratories",98,65,83.3,"Strip"
"Norflox 50mg (Batch 18)","Norfloxacin","Tablets","Norflox","Aristo Pharmaceuticals",51,33.9,43.4,"Strip"
"Norflox-TZ Duo (Batch 18)","Norfloxacin + Tinidazole","Tablets","Norflox","FDC Ltd",94,62.3,79.9,"Strip"
"Ciplox 500mg (Batch 18)","Ciprofloxacin","Tablets","Ciplox","J.B. Chemicals & Pharmaceuticals",32,21.2,27.2,"Strip"
"Ciprobid 75mg (Batch 18)","Ciprofloxacin","Tablets","Ciprobid","Wockhardt Ltd",54,35.8,45.9,"Strip"
"Atorva Kid (Batch 18)","Atorvastatin","Tablets","Atorva","Apex Laboratories",108,71.6,91.8,"Strip"
"Lipitor 600mg (Batch 18)","Atorvastatin","Tablets","Lipitor","Intas Pharmaceuticals",396,262.5,336.6,"Strip"
"Lipikind 80mg (Batch 18)","Atorvastatin","Tablets","Lipikind","Macleods Pharmaceuticals",84,55.7,71.4,"Strip"
"Tonact Plus (Batch 18)","Atorvastatin","Tablets","Tonact","Hetero Healthcare",92,61,78.2,"Strip"
"Rosuvas 625mg (Batch 18)","Rosuvastatin","Tablets","Rosuvas","Biocon Ltd",195,129.3,165.8,"Strip"
"Rosyn 100mg (Batch 18)","Rosuvastatin","Tablets","Rosyn","AstraZeneca India",168,111.4,142.8,"Strip"
"Roseday Forte (Batch 18)","Rosuvastatin","Tablets","Roseday","Bayer India",191,126.7,162.4,"Strip"
"Crevast 650mg (Batch 18)","Rosuvastatin","Tablets","Crevast","IPCA Laboratories",109,72.2,92.6,"Strip"
"Telma 150mg (Batch 18)","Telmisartan","Tablets","Telma","Alembic Pharmaceuticals",152,100.8,129.2,"Strip"
"Telvas 5mg (Batch 18)","Telmisartan","Tablets","Telvas","GSK Pharma",38,25.2,32.3,"Strip"
"Telsar 1g (Batch 18)","Telmisartan","Tablets","Telsar","Abbott India",98,65,83.3,"Strip"
"Telma-H 200mg (Batch 18)","Telmisartan + Hydrochlorothiazide","Tablets","Telma","Sun Pharmaceutical Industries",151,100.2,128.4,"Strip"
"Telvas-H 10mg (Batch 18)","Telmisartan + Hydrochlorothiazide","Tablets","Telvas","Cipla Ltd",94,62.3,79.9,"Strip"
"Amlokind SR (Batch 18)","Amlodipine","Tablets","Amlokind","Lupin Ltd",14,9.3,11.9,"Strip"
"Amlosafe 250mg (Batch 18)","Amlodipine","Tablets","Amlosafe","Mankind Pharma",20,13.3,17,"Strip"
"Amlovas 20mg (Batch 18)","Amlodipine","Tablets","Amlovas","Torrent Pharmaceuticals",24,15.9,20.4,"Strip"
"Cilacar DSR (Batch 18)","Cilnidipine","Tablets","Cilacar","Dr. Reddy s Laboratories",61,40.5,51.9,"Strip"
"Cilnidac 300mg (Batch 18)","Cilnidipine","Tablets","Cilnidac","Alkem Laboratories",54,35.8,45.9,"Strip"
"Concor 40mg (Batch 18)","Bisoprolol Fumarate","Tablets","Concor","Glenmark Pharmaceuticals",117,77.6,99.5,"Strip"
"Starpress XL (Batch 18)","Metoprolol Succinate","Tablets","Starpress","Cadila Pharmaceuticals",85,56.4,72.3,"Strip"
"Metolar 400mg (Batch 18)","Metoprolol Tartrate","Tablets","Metolar","Zydus Lifesciences",78,51.7,66.3,"Strip"
"Glycomet 50mg (Batch 18)","Metformin Hydrochloride","Tablets","Glycomet","Sanofi India",26,17.2,22.1,"Strip"
"Metformin SR Duo (Batch 18)","Metformin Hydrochloride","Tablets","Metformin","USV Private Ltd",31,20.6,26.4,"Strip"
"Glycomet GP 500mg (Batch 18)","Glimepiride + Metformin","Tablets","Glycomet GP","Pfizer India",122,80.9,103.7,"Strip"
"Amaryl M 75mg (Batch 18)","Glimepiride + Metformin","Tablets","Amaryl","Micro Labs Ltd",125,82.9,106.3,"Strip"
"Glimisave M Kid (Batch 18)","Glimepiride + Metformin","Tablets","Glimisave","Blue Cross Laboratories",63,41.8,53.6,"Strip"
"Jalra-M 600mg (Batch 18)","Vildagliptin + Metformin","Tablets","Jalra-M","Aristo Pharmaceuticals",201,133.3,170.9,"Strip"
"Galvus Met 80mg (Batch 18)","Vildagliptin + Metformin","Tablets","Galvus","FDC Ltd",304,201.6,258.4,"Strip"
"Ziten M Plus (Batch 18)","Teneligliptin + Metformin","Tablets","Ziten","J.B. Chemicals & Pharmaceuticals",127,84.2,108,"Strip"
"Dynaglipt M 625mg (Batch 18)","Teneligliptin + Metformin","Tablets","Dynaglipt","Wockhardt Ltd",145,96.2,123.3,"Strip"
"Voglistar 100mg (Batch 18)","Voglibose","Tablets","Voglistar","Apex Laboratories",73,48.4,62.1,"Strip"
"Volibo Forte (Batch 18)","Voglibose","Tablets","Volibo","Intas Pharmaceuticals",71,47.1,60.4,"Strip"
"Pantocid 650mg (Batch 18)","Pantoprazole","Tablets","Pantocid","Macleods Pharmaceuticals",149,98.8,126.7,"Strip"
"Pan 150mg (Batch 18)","Pantoprazole","Tablets","Pan","Hetero Healthcare",82,54.4,69.7,"Strip"
"Pantodac 5mg (Batch 18)","Pantoprazole","Tablets","Pantodac","Biocon Ltd",80,53,68,"Strip"
"Pan-D 1g (Batch 18)","Pantoprazole + Domperidone","Capsules","Pan-D","AstraZeneca India",148,98.1,125.8,"Strip"
"Pantocid-DSR 200mg (Batch 18)","Pantoprazole + Domperidone","Capsules","Pantocid","Bayer India",211,139.9,179.4,"Strip"
"Pantosec-DSR 10mg (Batch 18)","Pantoprazole + Domperidone","Capsules","Pantosec","IPCA Laboratories",149,98.8,126.7,"Strip"
"Omez SR (Batch 18)","Omeprazole","Capsules","Omez","Alembic Pharmaceuticals",57,37.8,48.4,"Strip"
"Omecip 250mg (Batch 18)","Omeprazole","Capsules","Omecip","GSK Pharma",55,36.5,46.8,"Strip"
"Omez-D 20mg (Batch 18)","Omeprazole + Domperidone","Capsules","Omez","Abbott India",68,45.1,57.8,"Strip"
"Rabicip DSR (Batch 18)","Rabeprazole","Tablets","Rabicip","Sun Pharmaceutical Industries",121,80.3,102.9,"Strip"
"Rabeloc 300mg (Batch 18)","Rabeprazole","Tablets","Rabeloc","Cipla Ltd",134,88.8,113.9,"Strip"
"Rabicip-DSR 40mg (Batch 18)","Rabeprazole + Domperidone","Capsules","Rabicip","Lupin Ltd",107,71,91,"Strip"
"Razo-DSR XL (Batch 18)","Rabeprazole + Domperidone","Capsules","Razo","Mankind Pharma",175,116.1,148.8,"Strip"
"Sompraz 400mg (Batch 18)","Esomeprazole","Tablets","Sompraz","Torrent Pharmaceuticals",103,68.3,87.6,"Strip"
"Nexpro 50mg (Batch 18)","Esomeprazole","Tablets","Nexpro","Dr. Reddy s Laboratories",151,100.2,128.4,"Strip"
"Sompraz-DSR Duo (Batch 18)","Esomeprazole + Domperidone","Capsules","Sompraz","Alkem Laboratories",219,145.2,186.2,"Strip"
"Nexpro-RD 500mg (Batch 18)","Esomeprazole + Domperidone","Capsules","Nexpro","Glenmark Pharmaceuticals",217,143.9,184.5,"Strip"
"Aciloc 75mg (Batch 18)","Ranitidine","Tablets","Aciloc","Cadila Pharmaceuticals",22,14.6,18.7,"Strip"
"Rantac Kid (Batch 18)","Ranitidine","Tablets","Rantac","Zydus Lifesciences",32,21.2,27.2,"Strip"
"Zinetac 600mg (Batch 18)","Ranitidine","Tablets","Zinetac","Sanofi India",16,10.6,13.6,"Strip"
"Okacet 80mg (Batch 18)","Cetirizine","Tablets","Okacet","USV Private Ltd",29,19.3,24.7,"Strip"
"Cetcip Plus (Batch 18)","Cetirizine","Tablets","Cetcip","Pfizer India",26,17.2,22.1,"Strip"
"Alerid 625mg (Batch 18)","Cetirizine","Tablets","Alerid","Micro Labs Ltd",15,10,12.8,"Strip"
"Teczine 100mg (Batch 18)","Levocetirizine","Tablets","Teczine","Blue Cross Laboratories",48,31.8,40.8,"Strip"
"Lecope Forte (Batch 18)","Levocetirizine","Tablets","Lecope","Aristo Pharmaceuticals",59,39.2,50.2,"Strip"
"Sizloc 650mg (Batch 18)","Levocetirizine","Tablets","Sizloc","FDC Ltd",54,35.8,45.9,"Strip"
"Montair-LC 150mg (Batch 18)","Montelukast + Levocetirizine","Tablets","Montair","J.B. Chemicals & Pharmaceuticals",247,163.8,210,"Strip"
"Telekast-L 5mg (Batch 18)","Montelukast + Levocetirizine","Tablets","Telekast","Wockhardt Ltd",120,79.6,102,"Strip"
"Montemac-L 1g (Batch 18)","Montelukast + Levocetirizine","Tablets","Montemac","Apex Laboratories",173,114.7,147,"Strip"
"Montek-LC 200mg (Batch 18)","Montelukast + Levocetirizine","Tablets","Montek","Intas Pharmaceuticals",136,90.2,115.6,"Strip"
"Allegra 10mg (Batch 18)","Fexofenadine Hydrochloride","Tablets","Allegra","Macleods Pharmaceuticals",139,92.2,118.2,"Strip"
"Fexo SR (Batch 18)","Fexofenadine Hydrochloride","Tablets","Fexo","Hetero Healthcare",142,94.1,120.7,"Strip"
"Fexigra 250mg (Batch 18)","Fexofenadine Hydrochloride","Tablets","Fexigra","Biocon Ltd",75,49.8,63.8,"Strip"
"Avil 20mg (Batch 18)","Pheniramine Maleate","Tablets","Avil","AstraZeneca India",16,10.6,13.6,"Strip"
"Atarax DSR (Batch 18)","Hydroxyzine Hydrochloride","Tablets","Atarax","Bayer India",71,47.1,60.4,"Strip"
"Becosules 300mg (Batch 18)","Vitamin B Complex + Vitamin C","Capsules","Becosules","IPCA Laboratories",29,19.3,24.7,"Strip"
"Cobadex Forte 40mg (Batch 18)","Vitamin B Complex + Zinc","Capsules","Cobadex","Alembic Pharmaceuticals",29,19.3,24.7,"Strip"
"Zincovit XL (Batch 18)","Multivitamin + Multimineral","Tablets","Zincovit","GSK Pharma",75,49.8,63.8,"Strip"
"Revital H 400mg (Batch 18)","Multivitamins + Minerals + Ginseng","Capsules","Revital","Abbott India",223,147.8,189.5,"Strip"
"Limcee Orange 50mg (Batch 18)","Vitamin C (Ascorbic Acid)","Tablets","Limcee","Sun Pharmaceutical Industries",26,17.2,22.1,"Strip"
"Celin chewable Duo (Batch 18)","Vitamin C (Ascorbic Acid)","Tablets","Celin","Cipla Ltd",27,17.9,23,"Strip"
"Shelcal 500mg (Batch 18)","Calcium + Vitamin D3","Tablets","Shelcal","Lupin Ltd",102,67.6,86.7,"Strip"
"Cipcal 75mg (Batch 18)","Calcium + Vitamin D3","Tablets","Cipcal","Mankind Pharma",75,49.8,63.8,"Strip"
"Calcirol Sachet Kid (Batch 18)","Cholecalciferol (Vitamin D3)","Others","Calcirol","Torrent Pharmaceuticals",43,28.5,36.6,"Sachet"
"D3-Must 600mg (Batch 18)","Cholecalciferol (Vitamin D3)","Capsules","D3-Must","Dr. Reddy s Laboratories",45,29.9,38.3,"Strip"
"Evion 80mg (Batch 18)","Vitamin E","Capsules","Evion","Alkem Laboratories",49,32.5,41.7,"Strip"
"Neurobion Forte Plus (Batch 18)","Vitamin B Complex + Methylcobalamin","Tablets","Neurobion","Glenmark Pharmaceuticals",42,27.8,35.7,"Strip"
"Mecobon 625mg (Batch 18)","Methylcobalamin","Tablets","Mecobon","Cadila Pharmaceuticals",100,66.3,85,"Strip"
"Asthalin Respules (Batch 18)","Salbutamol","Inhalers","Asthalin","Zydus Lifesciences",123,81.6,104.6,"Piece"
"Duolin Respules (Batch 18)","Levosalbutamol + Ipratropium Bromide","Inhalers","Duolin","Sanofi India",246,163.1,209.1,"Piece"
"Budecort Inhaler (Batch 18)","Budesonide","Inhalers","Budecort","USV Private Ltd",229,151.9,194.7,"Piece"
"Foracort Respules (Batch 18)","Budesonide + Formoterol Fumarate","Inhalers","Foracort","Pfizer India",282,187,239.7,"Piece"
"Benadryl Syrup 60ml Syrup (Batch 18)","Diphenhydramine + Ammonium Chloride + Sodium Citrate","Syrups","Benadryl","Micro Labs Ltd",100,66.3,85,"Bottle"
"Ascoril LS Syrup 100ml Syrup (Batch 18)","Ambroxol + Levosalbutamol + Guaiphenesin","Syrups","Ascoril","Blue Cross Laboratories",128,84.9,108.8,"Bottle"
"Grilinctus Syrup 60ml Syrup (Batch 18)","Dextromethorphan + Chlorpheniramine","Syrups","Grilinctus","Aristo Pharmaceuticals",96,63.6,81.6,"Bottle"
"Corex DX Syrup 100ml Syrup (Batch 18)","Chlorpheniramine + Dextromethorphan","Syrups","Corex","FDC Ltd",129,85.6,109.7,"Bottle"
"Solvin Cold Syrup 60ml Syrup (Batch 18)","Paracetamol + Phenylephrine + Chlorpheniramine","Syrups","Solvin","J.B. Chemicals & Pharmaceuticals",72,47.7,61.2,"Bottle"
"Volini Gel Inhaler (Batch 18)","Diclofenac + Methyl Salicylate + Menthol","Others","Volini","Wockhardt Ltd",105,69.7,89.3,"Piece"
"Moov Gel Inhaler (Batch 18)","Oil of Wintergreen + Menthol + Turpentine Oil","Others","Moov","Apex Laboratories",103,68.3,87.6,"Piece"
"Iodex Balm Respules (Batch 18)","Methyl Salicylate + Menthol + Camphor","Others","Iodex","Intas Pharmaceuticals",41,27.2,34.9,"Piece"
"Betnovate-N Inhaler (Batch 18)","Betamethasone + Neomycin","Others","Betnovate","Macleods Pharmaceuticals",39,25.9,33.2,"Piece"
"Betnovate-C Respules (Batch 18)","Betamethasone + Clioquinol","Others","Betnovate","Hetero Healthcare",55,36.5,46.8,"Piece"
"Betnovate-GM Inhaler (Batch 18)","Betamethasone + Gentamicin + Miconazole","Others","Betnovate","Biocon Ltd",67,44.5,57,"Piece"
"Quadriderm RF Respules (Batch 18)","Beclomethasone + Clotrimazole + Neomycin","Others","Quadriderm","AstraZeneca India",83,55.1,70.6,"Piece"
"Panderm Super Inhaler (Batch 18)","Clobetasol + Neomycin + Miconazole","Others","Panderm","Bayer India",76,50.4,64.6,"Piece"
"Tenovate Cream Respules (Batch 18)","Clobetasol Propionate","Others","Tenovate","IPCA Laboratories",64,42.4,54.4,"Piece"
"Ciplox Eye/Ear Drops Respules (Batch 18)","Ciprofloxacin Eye Drops","Drops","Ciplox","Alembic Pharmaceuticals",17,11.3,14.5,"Piece"
"Moxicip Eye Drops Respules (Batch 18)","Moxifloxacin Eye Drops","Drops","Moxicip","GSK Pharma",55,36.5,46.8,"Piece"
"Otrivin Nasal Spray Respules (Batch 18)","Xylometazoline Hydrochloride","Drops","Otrivin","Abbott India",68,45.1,57.8,"Piece"
"Nasoclear Drops Respules (Batch 18)","Sodium Chloride Nasal Solution","Drops","Nasoclear","Sun Pharmaceutical Industries",51,33.9,43.4,"Piece"
"Calpol 80mg (Batch 19)","Paracetamol","Tablets","Calpol","Cipla Ltd",24,15.9,20.4,"Strip"
"Crocin Advance Plus (Batch 19)","Paracetamol","Tablets","Crocin","Lupin Ltd",19,12.6,16.2,"Strip"
"Dolo 625mg (Batch 19)","Paracetamol","Tablets","Dolo","Mankind Pharma",25,16.6,21.3,"Strip"
"Pacimol 100mg (Batch 19)","Paracetamol","Tablets","Pacimol","Torrent Pharmaceuticals",18,11.9,15.3,"Strip"
"Sumo L Forte (Batch 19)","Paracetamol","Tablets","Sumo","Dr. Reddy s Laboratories",16,10.6,13.6,"Strip"
"Combiflam 650mg (Batch 19)","Ibuprofen + Paracetamol","Tablets","Combiflam","Alkem Laboratories",49,32.5,41.7,"Strip"
"Flexon 150mg (Batch 19)","Ibuprofen + Paracetamol","Tablets","Flexon","Glenmark Pharmaceuticals",32,21.2,27.2,"Strip"
"Ibugesic Plus 5mg (Batch 19)","Ibuprofen + Paracetamol","Tablets","Ibugesic","Cadila Pharmaceuticals",28,18.6,23.8,"Strip"
"Acecloc 1g (Batch 19)","Aceclofenac + Paracetamol","Tablets","Acecloc","Zydus Lifesciences",58,38.5,49.3,"Strip"
"Zerodol-P 200mg (Batch 19)","Aceclofenac + Paracetamol","Tablets","Zerodol","Sanofi India",86,57,73.1,"Strip"
"Hifenac-P 10mg (Batch 19)","Aceclofenac + Paracetamol","Tablets","Hifenac","USV Private Ltd",59,39.2,50.2,"Strip"
"Zerodol-SP SR (Batch 19)","Aceclofenac + Paracetamol + Serratiopeptidase","Tablets","Zerodol","Pfizer India",92,61,78.2,"Strip"
"Meftal-Spas 250mg (Batch 19)","Mefenamic Acid + Dicyclomine","Tablets","Meftal","Micro Labs Ltd",40,26.5,34,"Strip"
"Cyclopam 20mg (Batch 19)","Dicyclomine + Paracetamol","Tablets","Cyclopam","Blue Cross Laboratories",41,27.2,34.9,"Strip"
"Ultracet DSR (Batch 19)","Tramadol + Paracetamol","Tablets","Ultracet","Aristo Pharmaceuticals",201,133.3,170.9,"Strip"
"Tramazac 300mg (Batch 19)","Tramadol","Capsules","Tramazac","FDC Ltd",74,49.1,62.9,"Strip"
"Nise 40mg (Batch 19)","Nimesulide","Tablets","Nise","J.B. Chemicals & Pharmaceuticals",87,57.7,74,"Strip"
"Nimulid XL (Batch 19)","Nimesulide","Tablets","Nimulid","Wockhardt Ltd",65,43.1,55.3,"Strip"
"Amox 400mg (Batch 19)","Amoxicillin","Capsules","Amox","Apex Laboratories",58,38.5,49.3,"Strip"
"Amoxil 50mg (Batch 19)","Amoxicillin","Capsules","Amoxil","Intas Pharmaceuticals",46,30.5,39.1,"Strip"
"Mox Duo (Batch 19)","Amoxicillin","Capsules","Mox","Macleods Pharmaceuticals",67,44.5,57,"Strip"
"Novamox 500mg (Batch 19)","Amoxicillin","Capsules","Novamox","Hetero Healthcare",48,31.8,40.8,"Strip"
"Clavam 75mg (Batch 19)","Amoxicillin + Potassium Clavulanate","Tablets","Clavam","Biocon Ltd",215,142.6,182.8,"Strip"
"Augmentin Kid (Batch 19)","Amoxicillin + Potassium Clavulanate","Tablets","Augmentin","AstraZeneca India",138,91.5,117.3,"Strip"
"Moxikind-CV 600mg (Batch 19)","Amoxicillin + Potassium Clavulanate","Tablets","Moxikind","Bayer India",191,126.7,162.4,"Strip"
"Advent 80mg (Batch 19)","Amoxicillin + Potassium Clavulanate","Tablets","Advent","IPCA Laboratories",174,115.4,147.9,"Strip"
"Azee Plus (Batch 19)","Azithromycin","Tablets","Azee","Alembic Pharmaceuticals",77,51.1,65.5,"Strip"
"Azithral 625mg (Batch 19)","Azithromycin","Tablets","Azithral","GSK Pharma",130,86.2,110.5,"Strip"
"Azax 100mg (Batch 19)","Azithromycin","Tablets","Azax","Abbott India",88,58.3,74.8,"Strip"
"Zifi Forte (Batch 19)","Cefixime","Tablets","Zifi","Sun Pharmaceutical Industries",86,57,73.1,"Strip"
"Taxim-O 650mg (Batch 19)","Cefixime","Tablets","Taxim-O","Cipla Ltd",139,92.2,118.2,"Strip"
"Cefolac 150mg (Batch 19)","Cefixime","Tablets","Cefolac","Lupin Ltd",102,67.6,86.7,"Strip"
"Milixim 5mg (Batch 19)","Cefixime","Tablets","Milixim","Mankind Pharma",122,80.9,103.7,"Strip"
"Gepod 1g (Batch 19)","Cefpodoxime Proxetil","Tablets","Gepod","Torrent Pharmaceuticals",108,71.6,91.8,"Strip"
"Monocef-O 200mg (Batch 19)","Cefpodoxime Proxetil","Tablets","Monocef-O","Dr. Reddy s Laboratories",151,100.2,128.4,"Strip"
"Macpod 10mg (Batch 19)","Cefpodoxime Proxetil","Tablets","Macpod","Alkem Laboratories",154,102.1,130.9,"Strip"
"Oflomac SR (Batch 19)","Ofloxacin","Tablets","Oflomac","Glenmark Pharmaceuticals",57,37.8,48.4,"Strip"
"Oframax 250mg (Batch 19)","Ofloxacin","Tablets","Oframax","Cadila Pharmaceuticals",70,46.4,59.5,"Strip"
"Oflotas 20mg (Batch 19)","Ofloxacin","Tablets","Oflotas","Zydus Lifesciences",56,37.1,47.6,"Strip"
"Oflomac-OZ DSR (Batch 19)","Ofloxacin + Ornidazole","Tablets","Oflomac","Sanofi India",111,73.6,94.4,"Strip"
"Zenflox-OZ 300mg (Batch 19)","Ofloxacin + Ornidazole","Tablets","Zenflox","USV Private Ltd",124,82.2,105.4,"Strip"
"Norflox 40mg (Batch 19)","Norfloxacin","Tablets","Norflox","Pfizer India",72,47.7,61.2,"Strip"
"Norflox-TZ XL (Batch 19)","Norfloxacin + Tinidazole","Tablets","Norflox","Micro Labs Ltd",70,46.4,59.5,"Strip"
"Ciplox 400mg (Batch 19)","Ciprofloxacin","Tablets","Ciplox","Blue Cross Laboratories",53,35.2,45.1,"Strip"
"Ciprobid 50mg (Batch 19)","Ciprofloxacin","Tablets","Ciprobid","Aristo Pharmaceuticals",45,29.9,38.3,"Strip"
"Atorva Duo (Batch 19)","Atorvastatin","Tablets","Atorva","FDC Ltd",99,65.6,84.1,"Strip"
"Lipitor 500mg (Batch 19)","Atorvastatin","Tablets","Lipitor","J.B. Chemicals & Pharmaceuticals",307,203.6,261,"Strip"
"Lipikind 75mg (Batch 19)","Atorvastatin","Tablets","Lipikind","Wockhardt Ltd",75,49.8,63.8,"Strip"
"Tonact Kid (Batch 19)","Atorvastatin","Tablets","Tonact","Apex Laboratories",133,88.2,113.1,"Strip"
"Rosuvas 600mg (Batch 19)","Rosuvastatin","Tablets","Rosuvas","Intas Pharmaceuticals",126,83.5,107.1,"Strip"
"Rosyn 80mg (Batch 19)","Rosuvastatin","Tablets","Rosyn","Macleods Pharmaceuticals",129,85.6,109.7,"Strip"
"Roseday Plus (Batch 19)","Rosuvastatin","Tablets","Roseday","Hetero Healthcare",202,133.9,171.7,"Strip"
"Crevast 625mg (Batch 19)","Rosuvastatin","Tablets","Crevast","Biocon Ltd",100,66.3,85,"Strip"
"Telma 100mg (Batch 19)","Telmisartan","Tablets","Telma","AstraZeneca India",83,55.1,70.6,"Strip"
"Telvas Forte (Batch 19)","Telmisartan","Tablets","Telvas","Bayer India",59,39.2,50.2,"Strip"
"Telsar 650mg (Batch 19)","Telmisartan","Tablets","Telsar","IPCA Laboratories",109,72.2,92.6,"Strip"
"Telma-H 150mg (Batch 19)","Telmisartan + Hydrochlorothiazide","Tablets","Telma","Alembic Pharmaceuticals",142,94.1,120.7,"Strip"
"Telvas-H 5mg (Batch 19)","Telmisartan + Hydrochlorothiazide","Tablets","Telvas","GSK Pharma",105,69.7,89.3,"Strip"
"Amlokind 1g (Batch 19)","Amlodipine","Tablets","Amlokind","Abbott India",25,16.6,21.3,"Strip"
"Amlosafe 200mg (Batch 19)","Amlodipine","Tablets","Amlosafe","Sun Pharmaceutical Industries",41,27.2,34.9,"Strip"
"Amlovas 10mg (Batch 19)","Amlodipine","Tablets","Amlovas","Cipla Ltd",31,20.6,26.4,"Strip"
"Cilacar SR (Batch 19)","Cilnidipine","Tablets","Cilacar","Lupin Ltd",82,54.4,69.7,"Strip"
"Cilnidac 250mg (Batch 19)","Cilnidipine","Tablets","Cilnidac","Mankind Pharma",125,82.9,106.3,"Strip"
"Concor 20mg (Batch 19)","Bisoprolol Fumarate","Tablets","Concor","Torrent Pharmaceuticals",108,71.6,91.8,"Strip"
"Starpress DSR (Batch 19)","Metoprolol Succinate","Tablets","Starpress","Dr. Reddy s Laboratories",106,70.3,90.1,"Strip"
"Metolar 300mg (Batch 19)","Metoprolol Tartrate","Tablets","Metolar","Alkem Laboratories",69,45.8,58.7,"Strip"
"Glycomet 40mg (Batch 19)","Metformin Hydrochloride","Tablets","Glycomet","Glenmark Pharmaceuticals",47,31.1,39.9,"Strip"
"Metformin SR XL (Batch 19)","Metformin Hydrochloride","Tablets","Metformin","Cadila Pharmaceuticals",17,11.3,14.5,"Strip"
"Glycomet GP 400mg (Batch 19)","Glimepiride + Metformin","Tablets","Glycomet GP","Zydus Lifesciences",53,35.2,45.1,"Strip"
"Amaryl M 50mg (Batch 19)","Glimepiride + Metformin","Tablets","Amaryl","Sanofi India",86,57,73.1,"Strip"
"Glimisave M Duo (Batch 19)","Glimepiride + Metformin","Tablets","Glimisave","USV Private Ltd",84,55.7,71.4,"Strip"
"Jalra-M 500mg (Batch 19)","Vildagliptin + Metformin","Tablets","Jalra-M","Pfizer India",312,206.9,265.2,"Strip"
"Galvus Met 75mg (Batch 19)","Vildagliptin + Metformin","Tablets","Galvus","Micro Labs Ltd",465,308.3,395.3,"Strip"
"Ziten M Kid (Batch 19)","Teneligliptin + Metformin","Tablets","Ziten","Blue Cross Laboratories",168,111.4,142.8,"Strip"
"Dynaglipt M 600mg (Batch 19)","Teneligliptin + Metformin","Tablets","Dynaglipt","Aristo Pharmaceuticals",156,103.4,132.6,"Strip"
"Voglistar 80mg (Batch 19)","Voglibose","Tablets","Voglistar","FDC Ltd",64,42.4,54.4,"Strip"
"Volibo Plus (Batch 19)","Voglibose","Tablets","Volibo","J.B. Chemicals & Pharmaceuticals",97,64.4,82.5,"Strip"
"Pantocid 625mg (Batch 19)","Pantoprazole","Tablets","Pantocid","Wockhardt Ltd",80,53,68,"Strip"
"Pan 100mg (Batch 19)","Pantoprazole","Tablets","Pan","Apex Laboratories",73,48.4,62.1,"Strip"
"Pantodac Forte (Batch 19)","Pantoprazole","Tablets","Pantodac","Intas Pharmaceuticals",91,60.4,77.4,"Strip"
"Pan-D 650mg (Batch 19)","Pantoprazole + Domperidone","Capsules","Pan-D","Macleods Pharmaceuticals",139,92.2,118.2,"Strip"
"Pantocid-DSR 150mg (Batch 19)","Pantoprazole + Domperidone","Capsules","Pantocid","Hetero Healthcare",172,114,146.2,"Strip"
"Pantosec-DSR 5mg (Batch 19)","Pantoprazole + Domperidone","Capsules","Pantosec","Biocon Ltd",190,126,161.5,"Strip"
"Omez 1g (Batch 19)","Omeprazole","Capsules","Omez","AstraZeneca India",68,45.1,57.8,"Strip"
"Omecip 200mg (Batch 19)","Omeprazole","Capsules","Omecip","Bayer India",31,20.6,26.4,"Strip"
"Omez-D 10mg (Batch 19)","Omeprazole + Domperidone","Capsules","Omez","IPCA Laboratories",89,59,75.6,"Strip"
"Rabicip SR (Batch 19)","Rabeprazole","Tablets","Rabicip","Alembic Pharmaceuticals",112,74.3,95.2,"Strip"
"Rabeloc 250mg (Batch 19)","Rabeprazole","Tablets","Rabeloc","GSK Pharma",90,59.7,76.5,"Strip"
"Rabicip-DSR 20mg (Batch 19)","Rabeprazole + Domperidone","Capsules","Rabicip","Abbott India",148,98.1,125.8,"Strip"
"Razo-DSR DSR (Batch 19)","Rabeprazole + Domperidone","Capsules","Razo","Sun Pharmaceutical Industries",136,90.2,115.6,"Strip"
"Sompraz 300mg (Batch 19)","Esomeprazole","Tablets","Sompraz","Cipla Ltd",144,95.5,122.4,"Strip"
"Nexpro 40mg (Batch 19)","Esomeprazole","Tablets","Nexpro","Lupin Ltd",67,44.5,57,"Strip"
"Sompraz-DSR XL (Batch 19)","Esomeprazole + Domperidone","Capsules","Sompraz","Mankind Pharma",180,119.3,153,"Strip"
"Nexpro-RD 400mg (Batch 19)","Esomeprazole + Domperidone","Capsules","Nexpro","Torrent Pharmaceuticals",128,84.9,108.8,"Strip"
"Aciloc 50mg (Batch 19)","Ranitidine","Tablets","Aciloc","Dr. Reddy s Laboratories",13,8.6,11,"Strip"
"Rantac Duo (Batch 19)","Ranitidine","Tablets","Rantac","Alkem Laboratories",23,15.3,19.6,"Strip"
"Zinetac 500mg (Batch 19)","Ranitidine","Tablets","Zinetac","Glenmark Pharmaceuticals",23,15.3,19.6,"Strip"
"Okacet 75mg (Batch 19)","Cetirizine","Tablets","Okacet","Cadila Pharmaceuticals",20,13.3,17,"Strip"
"Cetcip Kid (Batch 19)","Cetirizine","Tablets","Cetcip","Zydus Lifesciences",29,19.3,24.7,"Strip"
"Alerid 600mg (Batch 19)","Cetirizine","Tablets","Alerid","Sanofi India",34,22.5,28.9,"Strip"
"Teczine 80mg (Batch 19)","Levocetirizine","Tablets","Teczine","USV Private Ltd",69,45.8,58.7,"Strip"
"Lecope Plus (Batch 19)","Levocetirizine","Tablets","Lecope","Pfizer India",50,33.2,42.5,"Strip"
"Sizloc 625mg (Batch 19)","Levocetirizine","Tablets","Sizloc","Micro Labs Ltd",33,21.9,28.1,"Strip"
"Montair-LC 100mg (Batch 19)","Montelukast + Levocetirizine","Tablets","Montair","Blue Cross Laboratories",208,137.9,176.8,"Strip"
"Telekast-L Forte (Batch 19)","Montelukast + Levocetirizine","Tablets","Telekast","Aristo Pharmaceuticals",161,106.8,136.9,"Strip"
"Montemac-L 650mg (Batch 19)","Montelukast + Levocetirizine","Tablets","Montemac","FDC Ltd",184,122,156.4,"Strip"
"Montek-LC 150mg (Batch 19)","Montelukast + Levocetirizine","Tablets","Montek","J.B. Chemicals & Pharmaceuticals",207,137.3,176,"Strip"
"Allegra 5mg (Batch 19)","Fexofenadine Hydrochloride","Tablets","Allegra","Wockhardt Ltd",130,86.2,110.5,"Strip"
"Fexo 1g (Batch 19)","Fexofenadine Hydrochloride","Tablets","Fexo","Apex Laboratories",73,48.4,62.1,"Strip"
"Fexigra 200mg (Batch 19)","Fexofenadine Hydrochloride","Tablets","Fexigra","Intas Pharmaceuticals",86,57,73.1,"Strip"
"Avil 10mg (Batch 19)","Pheniramine Maleate","Tablets","Avil","Macleods Pharmaceuticals",17,11.3,14.5,"Strip"
"Atarax SR (Batch 19)","Hydroxyzine Hydrochloride","Tablets","Atarax","Hetero Healthcare",62,41.1,52.7,"Strip"
"Becosules 250mg (Batch 19)","Vitamin B Complex + Vitamin C","Capsules","Becosules","Biocon Ltd",40,26.5,34,"Strip"
"Cobadex Forte 20mg (Batch 19)","Vitamin B Complex + Zinc","Capsules","Cobadex","AstraZeneca India",40,26.5,34,"Strip"
"Zincovit DSR (Batch 19)","Multivitamin + Multimineral","Tablets","Zincovit","Bayer India",126,83.5,107.1,"Strip"
"Revital H 300mg (Batch 19)","Multivitamins + Minerals + Ginseng","Capsules","Revital","IPCA Laboratories",184,122,156.4,"Strip"
"Limcee Orange 40mg (Batch 19)","Vitamin C (Ascorbic Acid)","Tablets","Limcee","Alembic Pharmaceuticals",17,11.3,14.5,"Strip"
"Celin chewable XL (Batch 19)","Vitamin C (Ascorbic Acid)","Tablets","Celin","GSK Pharma",18,11.9,15.3,"Strip"
"Shelcal 400mg (Batch 19)","Calcium + Vitamin D3","Tablets","Shelcal","Abbott India",123,81.6,104.6,"Strip"
"Cipcal 50mg (Batch 19)","Calcium + Vitamin D3","Tablets","Cipcal","Sun Pharmaceutical Industries",126,83.5,107.1,"Strip"
"Calcirol Sachet Duo (Batch 19)","Cholecalciferol (Vitamin D3)","Others","Calcirol","Cipla Ltd",34,22.5,28.9,"Sachet"
"D3-Must 500mg (Batch 19)","Cholecalciferol (Vitamin D3)","Capsules","D3-Must","Lupin Ltd",31,20.6,26.4,"Strip"
"Evion 75mg (Batch 19)","Vitamin E","Capsules","Evion","Mankind Pharma",40,26.5,34,"Strip"
"Neurobion Forte Kid (Batch 19)","Vitamin B Complex + Methylcobalamin","Tablets","Neurobion","Torrent Pharmaceuticals",33,21.9,28.1,"Strip"
"Mecobon 600mg (Batch 19)","Methylcobalamin","Tablets","Mecobon","Dr. Reddy s Laboratories",91,60.4,77.4,"Strip"
"Asthalin Inhaler (Batch 19)","Salbutamol","Inhalers","Asthalin","Alkem Laboratories",134,88.8,113.9,"Piece"
"Duolin Respules (Batch 19)","Levosalbutamol + Ipratropium Bromide","Inhalers","Duolin","Glenmark Pharmaceuticals",267,177.1,227,"Piece"
"Budecort Respules (Batch 19)","Budesonide","Inhalers","Budecort","Cadila Pharmaceuticals",220,145.9,187,"Piece"
"Foracort Respules (Batch 19)","Budesonide + Formoterol Fumarate","Inhalers","Foracort","Zydus Lifesciences",243,161.1,206.6,"Piece"
"Benadryl Syrup 100ml Syrup (Batch 19)","Diphenhydramine + Ammonium Chloride + Sodium Citrate","Syrups","Benadryl","Sanofi India",91,60.4,77.4,"Bottle"
"Ascoril LS Syrup 60ml Syrup (Batch 19)","Ambroxol + Levosalbutamol + Guaiphenesin","Syrups","Ascoril","USV Private Ltd",139,92.2,118.2,"Bottle"
"Grilinctus Syrup 100ml Syrup (Batch 19)","Dextromethorphan + Chlorpheniramine","Syrups","Grilinctus","Pfizer India",117,77.6,99.5,"Bottle"
"Corex DX Syrup 60ml Syrup (Batch 19)","Chlorpheniramine + Dextromethorphan","Syrups","Corex","Micro Labs Ltd",115,76.3,97.8,"Bottle"
"Solvin Cold Syrup 100ml Syrup (Batch 19)","Paracetamol + Phenylephrine + Chlorpheniramine","Syrups","Solvin","Blue Cross Laboratories",93,61.7,79.1,"Bottle"
"Volini Gel Respules (Batch 19)","Diclofenac + Methyl Salicylate + Menthol","Others","Volini","Aristo Pharmaceuticals",146,96.8,124.1,"Piece"
"Moov Gel Respules (Batch 19)","Oil of Wintergreen + Menthol + Turpentine Oil","Others","Moov","FDC Ltd",114,75.6,96.9,"Piece"
"Iodex Balm Inhaler (Batch 19)","Methyl Salicylate + Menthol + Camphor","Others","Iodex","J.B. Chemicals & Pharmaceuticals",112,74.3,95.2,"Piece"
"Betnovate-N Inhaler (Batch 19)","Betamethasone + Neomycin","Others","Betnovate","Wockhardt Ltd",50,33.2,42.5,"Piece"
"Betnovate-C Respules (Batch 19)","Betamethasone + Clioquinol","Others","Betnovate","Apex Laboratories",41,27.2,34.9,"Piece"
"Betnovate-GM Respules (Batch 19)","Betamethasone + Gentamicin + Miconazole","Others","Betnovate","Intas Pharmaceuticals",58,38.5,49.3,"Piece"
"Quadriderm RF Respules (Batch 19)","Beclomethasone + Clotrimazole + Neomycin","Others","Quadriderm","Macleods Pharmaceuticals",74,49.1,62.9,"Piece"
"Panderm Super Respules (Batch 19)","Clobetasol + Neomycin + Miconazole","Others","Panderm","Hetero Healthcare",97,64.4,82.5,"Piece"
"Tenovate Cream Inhaler (Batch 19)","Clobetasol Propionate","Others","Tenovate","Biocon Ltd",50,33.2,42.5,"Piece"
"Ciplox Eye/Ear Drops Respules (Batch 19)","Ciprofloxacin Eye Drops","Drops","Ciplox","AstraZeneca India",23,15.3,19.6,"Piece"
"Moxicip Eye Drops Inhaler (Batch 19)","Moxifloxacin Eye Drops","Drops","Moxicip","Bayer India",76,50.4,64.6,"Piece"
"Otrivin Nasal Spray Inhaler (Batch 19)","Xylometazoline Hydrochloride","Drops","Otrivin","IPCA Laboratories",99,65.6,84.1,"Piece"
"Nasoclear Drops Inhaler (Batch 19)","Sodium Chloride Nasal Solution","Drops","Nasoclear","Alembic Pharmaceuticals",42,27.8,35.7,"Piece"
"Calpol 75mg (Batch 20)","Paracetamol","Tablets","Calpol","GSK Pharma",15,10,12.8,"Strip"
"Crocin Advance Kid (Batch 20)","Paracetamol","Tablets","Crocin","Abbott India",25,16.6,21.3,"Strip"
"Dolo 600mg (Batch 20)","Paracetamol","Tablets","Dolo","Sun Pharmaceutical Industries",31,20.6,26.4,"Strip"
"Pacimol 80mg (Batch 20)","Paracetamol","Tablets","Pacimol","Cipla Ltd",19,12.6,16.2,"Strip"
"Sumo L Plus (Batch 20)","Paracetamol","Tablets","Sumo","Lupin Ltd",19,12.6,16.2,"Strip"
"Combiflam 625mg (Batch 20)","Ibuprofen + Paracetamol","Tablets","Combiflam","Mankind Pharma",35,23.2,29.8,"Strip"
"Flexon 100mg (Batch 20)","Ibuprofen + Paracetamol","Tablets","Flexon","Torrent Pharmaceuticals",23,15.3,19.6,"Strip"
"Ibugesic Plus Forte (Batch 20)","Ibuprofen + Paracetamol","Tablets","Ibugesic","Dr. Reddy s Laboratories",19,12.6,16.2,"Strip"
"Acecloc 650mg (Batch 20)","Aceclofenac + Paracetamol","Tablets","Acecloc","Alkem Laboratories",49,32.5,41.7,"Strip"
"Zerodol-P 150mg (Batch 20)","Aceclofenac + Paracetamol","Tablets","Zerodol","Glenmark Pharmaceuticals",77,51.1,65.5,"Strip"
"Hifenac-P 5mg (Batch 20)","Aceclofenac + Paracetamol","Tablets","Hifenac","Cadila Pharmaceuticals",80,53,68,"Strip"
"Zerodol-SP 1g (Batch 20)","Aceclofenac + Paracetamol + Serratiopeptidase","Tablets","Zerodol","Zydus Lifesciences",103,68.3,87.6,"Strip"
"Meftal-Spas 200mg (Batch 20)","Mefenamic Acid + Dicyclomine","Tablets","Meftal","Sanofi India",51,33.9,43.4,"Strip"
"Cyclopam 10mg (Batch 20)","Dicyclomine + Paracetamol","Tablets","Cyclopam","USV Private Ltd",52,34.5,44.2,"Strip"
"Ultracet SR (Batch 20)","Tramadol + Paracetamol","Tablets","Ultracet","Pfizer India",222,147.2,188.7,"Strip"
"Tramazac 250mg (Batch 20)","Tramadol","Capsules","Tramazac","Micro Labs Ltd",85,56.4,72.3,"Strip"
"Nise 20mg (Batch 20)","Nimesulide","Tablets","Nise","Blue Cross Laboratories",108,71.6,91.8,"Strip"
"Nimulid DSR (Batch 20)","Nimesulide","Tablets","Nimulid","Aristo Pharmaceuticals",56,37.1,47.6,"Strip"
"Amox 300mg (Batch 20)","Amoxicillin","Capsules","Amox","FDC Ltd",49,32.5,41.7,"Strip"
"Amoxil 40mg (Batch 20)","Amoxicillin","Capsules","Amoxil","J.B. Chemicals & Pharmaceuticals",57,37.8,48.4,"Strip"
"Mox XL (Batch 20)","Amoxicillin","Capsules","Mox","Wockhardt Ltd",43,28.5,36.6,"Strip"
"Novamox 400mg (Batch 20)","Amoxicillin","Capsules","Novamox","Apex Laboratories",87,57.7,74,"Strip"
"Clavam 50mg (Batch 20)","Amoxicillin + Potassium Clavulanate","Tablets","Clavam","Intas Pharmaceuticals",126,83.5,107.1,"Strip"
"Augmentin Duo (Batch 20)","Amoxicillin + Potassium Clavulanate","Tablets","Augmentin","Macleods Pharmaceuticals",249,165.1,211.7,"Strip"
"Moxikind-CV 500mg (Batch 20)","Amoxicillin + Potassium Clavulanate","Tablets","Moxikind","Hetero Healthcare",122,80.9,103.7,"Strip"
"Advent 75mg (Batch 20)","Amoxicillin + Potassium Clavulanate","Tablets","Advent","Biocon Ltd",185,122.7,157.3,"Strip"
"Azee Kid (Batch 20)","Azithromycin","Tablets","Azee","AstraZeneca India",98,65,83.3,"Strip"
"Azithral 600mg (Batch 20)","Azithromycin","Tablets","Azithral","Bayer India",141,93.5,119.9,"Strip"
"Azax 80mg (Batch 20)","Azithromycin","Tablets","Azax","IPCA Laboratories",79,52.3,67.1,"Strip"
"Zifi Plus (Batch 20)","Cefixime","Tablets","Zifi","Alembic Pharmaceuticals",122,80.9,103.7,"Strip"
"Taxim-O 625mg (Batch 20)","Cefixime","Tablets","Taxim-O","GSK Pharma",130,86.2,110.5,"Strip"
"Cefolac 100mg (Batch 20)","Cefixime","Tablets","Cefolac","Abbott India",123,81.6,104.6,"Strip"
"Milixim Forte (Batch 20)","Cefixime","Tablets","Milixim","Sun Pharmaceutical Industries",83,55.1,70.6,"Strip"
"Gepod 650mg (Batch 20)","Cefpodoxime Proxetil","Tablets","Gepod","Cipla Ltd",99,65.6,84.1,"Strip"
"Monocef-O 150mg (Batch 20)","Cefpodoxime Proxetil","Tablets","Monocef-O","Lupin Ltd",172,114,146.2,"Strip"
"Macpod 5mg (Batch 20)","Cefpodoxime Proxetil","Tablets","Macpod","Mankind Pharma",145,96.2,123.3,"Strip"
"Oflomac 1g (Batch 20)","Ofloxacin","Tablets","Oflomac","Torrent Pharmaceuticals",48,31.8,40.8,"Strip"
"Oframax 200mg (Batch 20)","Ofloxacin","Tablets","Oframax","Dr. Reddy s Laboratories",46,30.5,39.1,"Strip"
"Oflotas 10mg (Batch 20)","Ofloxacin","Tablets","Oflotas","Alkem Laboratories",42,27.8,35.7,"Strip"
"Oflomac-OZ SR (Batch 20)","Ofloxacin + Ornidazole","Tablets","Oflomac","Glenmark Pharmaceuticals",102,67.6,86.7,"Strip"
"Zenflox-OZ 250mg (Batch 20)","Ofloxacin + Ornidazole","Tablets","Zenflox","Cadila Pharmaceuticals",85,56.4,72.3,"Strip"
"Norflox 20mg (Batch 20)","Norfloxacin","Tablets","Norflox","Zydus Lifesciences",58,38.5,49.3,"Strip"
"Norflox-TZ DSR (Batch 20)","Norfloxacin + Tinidazole","Tablets","Norflox","Sanofi India",91,60.4,77.4,"Strip"
"Ciplox 300mg (Batch 20)","Ciprofloxacin","Tablets","Ciplox","USV Private Ltd",44,29.2,37.4,"Strip"
"Ciprobid 40mg (Batch 20)","Ciprofloxacin","Tablets","Ciprobid","Pfizer India",36,23.9,30.6,"Strip"
"Atorva XL (Batch 20)","Atorvastatin","Tablets","Atorva","Micro Labs Ltd",90,59.7,76.5,"Strip"
"Lipitor 400mg (Batch 20)","Atorvastatin","Tablets","Lipitor","Blue Cross Laboratories",218,144.5,185.3,"Strip"
"Lipikind 50mg (Batch 20)","Atorvastatin","Tablets","Lipikind","Aristo Pharmaceuticals",66,43.8,56.1,"Strip"
"Tonact Duo (Batch 20)","Atorvastatin","Tablets","Tonact","FDC Ltd",64,42.4,54.4,"Strip"
"Rosuvas 500mg (Batch 20)","Rosuvastatin","Tablets","Rosuvas","J.B. Chemicals & Pharmaceuticals",237,157.2,201.5,"Strip"
"Rosyn 75mg (Batch 20)","Rosuvastatin","Tablets","Rosyn","Wockhardt Ltd",90,59.7,76.5,"Strip"
"Roseday Kid (Batch 20)","Rosuvastatin","Tablets","Roseday","Apex Laboratories",213,141.2,181,"Strip"
"Crevast 600mg (Batch 20)","Rosuvastatin","Tablets","Crevast","Intas Pharmaceuticals",91,60.4,77.4,"Strip"
"Telma 80mg (Batch 20)","Telmisartan","Tablets","Telma","Macleods Pharmaceuticals",124,82.2,105.4,"Strip"
"Telvas Plus (Batch 20)","Telmisartan","Tablets","Telvas","Hetero Healthcare",80,53,68,"Strip"
"Telsar 625mg (Batch 20)","Telmisartan","Tablets","Telsar","Biocon Ltd",120,79.6,102,"Strip"
"Telma-H 100mg (Batch 20)","Telmisartan + Hydrochlorothiazide","Tablets","Telma","AstraZeneca India",133,88.2,113.1,"Strip"
"Telvas-H Forte (Batch 20)","Telmisartan + Hydrochlorothiazide","Tablets","Telvas","Bayer India",116,76.9,98.6,"Strip"
"Amlokind 650mg (Batch 20)","Amlodipine","Tablets","Amlokind","IPCA Laboratories",36,23.9,30.6,"Strip"
"Amlosafe 150mg (Batch 20)","Amlodipine","Tablets","Amlosafe","Alembic Pharmaceuticals",32,21.2,27.2,"Strip"
"Amlovas 5mg (Batch 20)","Amlodipine","Tablets","Amlovas","GSK Pharma",38,25.2,32.3,"Strip"
"Cilacar 1g (Batch 20)","Cilnidipine","Tablets","Cilacar","Abbott India",103,68.3,87.6,"Strip"
"Cilnidac 200mg (Batch 20)","Cilnidipine","Tablets","Cilnidac","Sun Pharmaceutical Industries",116,76.9,98.6,"Strip"
"Concor 10mg (Batch 20)","Bisoprolol Fumarate","Tablets","Concor","Cipla Ltd",99,65.6,84.1,"Strip"
"Starpress SR (Batch 20)","Metoprolol Succinate","Tablets","Starpress","Lupin Ltd",127,84.2,108,"Strip"
"Metolar 250mg (Batch 20)","Metoprolol Tartrate","Tablets","Metolar","Mankind Pharma",60,39.8,51,"Strip"
"Glycomet 20mg (Batch 20)","Metformin Hydrochloride","Tablets","Glycomet","Torrent Pharmaceuticals",33,21.9,28.1,"Strip"
"Metformin SR DSR (Batch 20)","Metformin Hydrochloride","Tablets","Metformin","Dr. Reddy s Laboratories",28,18.6,23.8,"Strip"
"Glycomet GP 300mg (Batch 20)","Glimepiride + Metformin","Tablets","Glycomet GP","Alkem Laboratories",94,62.3,79.9,"Strip"
"Amaryl M 40mg (Batch 20)","Glimepiride + Metformin","Tablets","Amaryl","Glenmark Pharmaceuticals",197,130.7,167.5,"Strip"
"Glimisave M XL (Batch 20)","Glimepiride + Metformin","Tablets","Glimisave","Cadila Pharmaceuticals",105,69.7,89.3,"Strip"
"Jalra-M 400mg (Batch 20)","Vildagliptin + Metformin","Tablets","Jalra-M","Zydus Lifesciences",243,161.1,206.6,"Strip"
"Galvus Met 50mg (Batch 20)","Vildagliptin + Metformin","Tablets","Galvus","Sanofi India",376,249.3,319.6,"Strip"
"Ziten M Duo (Batch 20)","Teneligliptin + Metformin","Tablets","Ziten","USV Private Ltd",99,65.6,84.1,"Strip"
"Dynaglipt M 500mg (Batch 20)","Teneligliptin + Metformin","Tablets","Dynaglipt","Pfizer India",167,110.8,142,"Strip"
"Voglistar 75mg (Batch 20)","Voglibose","Tablets","Voglistar","Micro Labs Ltd",55,36.5,46.8,"Strip"
"Volibo Kid (Batch 20)","Voglibose","Tablets","Volibo","Blue Cross Laboratories",58,38.5,49.3,"Strip"
"Pantocid 600mg (Batch 20)","Pantoprazole","Tablets","Pantocid","Aristo Pharmaceuticals",121,80.3,102.9,"Strip"
"Pan 80mg (Batch 20)","Pantoprazole","Tablets","Pan","FDC Ltd",184,122,156.4,"Strip"
"Pantodac Plus (Batch 20)","Pantoprazole","Tablets","Pantodac","J.B. Chemicals & Pharmaceuticals",102,67.6,86.7,"Strip"
"Pan-D 625mg (Batch 20)","Pantoprazole + Domperidone","Capsules","Pan-D","Wockhardt Ltd",130,86.2,110.5,"Strip"
"Pantocid-DSR 100mg (Batch 20)","Pantoprazole + Domperidone","Capsules","Pantocid","Apex Laboratories",133,88.2,113.1,"Strip"
"Pantosec-DSR Forte (Batch 20)","Pantoprazole + Domperidone","Capsules","Pantosec","Intas Pharmaceuticals",121,80.3,102.9,"Strip"
"Omez 650mg (Batch 20)","Omeprazole","Capsules","Omez","Macleods Pharmaceuticals",79,52.3,67.1,"Strip"
"Omecip 150mg (Batch 20)","Omeprazole","Capsules","Omecip","Hetero Healthcare",52,34.5,44.2,"Strip"
"Omez-D 5mg (Batch 20)","Omeprazole + Domperidone","Capsules","Omez","Biocon Ltd",110,72.9,93.5,"Strip"
"Rabicip 1g (Batch 20)","Rabeprazole","Tablets","Rabicip","AstraZeneca India",103,68.3,87.6,"Strip"
"Rabeloc 200mg (Batch 20)","Rabeprazole","Tablets","Rabeloc","Bayer India",131,86.9,111.4,"Strip"
"Rabicip-DSR 10mg (Batch 20)","Rabeprazole + Domperidone","Capsules","Rabicip","IPCA Laboratories",189,125.3,160.7,"Strip"
"Razo-DSR SR (Batch 20)","Rabeprazole + Domperidone","Capsules","Razo","Alembic Pharmaceuticals",227,150.5,193,"Strip"
"Sompraz 250mg (Batch 20)","Esomeprazole","Tablets","Sompraz","GSK Pharma",75,49.8,63.8,"Strip"
"Nexpro 20mg (Batch 20)","Esomeprazole","Tablets","Nexpro","Abbott India",88,58.3,74.8,"Strip"
"Sompraz-DSR DSR (Batch 20)","Esomeprazole + Domperidone","Capsules","Sompraz","Sun Pharmaceutical Industries",141,93.5,119.9,"Strip"
"Nexpro-RD 300mg (Batch 20)","Esomeprazole + Domperidone","Capsules","Nexpro","Cipla Ltd",164,108.7,139.4,"Strip"
"Aciloc 40mg (Batch 20)","Ranitidine","Tablets","Aciloc","Lupin Ltd",34,22.5,28.9,"Strip"
"Rantac XL (Batch 20)","Ranitidine","Tablets","Rantac","Mankind Pharma",46,30.5,39.1,"Strip"
"Zinetac 400mg (Batch 20)","Ranitidine","Tablets","Zinetac","Torrent Pharmaceuticals",30,19.9,25.5,"Strip"
"Okacet 50mg (Batch 20)","Cetirizine","Tablets","Okacet","Dr. Reddy s Laboratories",11,7.3,9.4,"Strip"
"Cetcip Duo (Batch 20)","Cetirizine","Tablets","Cetcip","Alkem Laboratories",14,9.3,11.9,"Strip"
"Alerid 500mg (Batch 20)","Cetirizine","Tablets","Alerid","Glenmark Pharmaceuticals",31,20.6,26.4,"Strip"
"Teczine 75mg (Batch 20)","Levocetirizine","Tablets","Teczine","Cadila Pharmaceuticals",45,29.9,38.3,"Strip"
"Lecope Kid (Batch 20)","Levocetirizine","Tablets","Lecope","Zydus Lifesciences",41,27.2,34.9,"Strip"
"Sizloc 600mg (Batch 20)","Levocetirizine","Tablets","Sizloc","Sanofi India",54,35.8,45.9,"Strip"
"Montair-LC 80mg (Batch 20)","Montelukast + Levocetirizine","Tablets","Montair","USV Private Ltd",169,112.1,143.7,"Strip"
"Telekast-L Plus (Batch 20)","Montelukast + Levocetirizine","Tablets","Telekast","Pfizer India",202,133.9,171.7,"Strip"
"Montemac-L 625mg (Batch 20)","Montelukast + Levocetirizine","Tablets","Montemac","Micro Labs Ltd",195,129.3,165.8,"Strip"
"Montek-LC 100mg (Batch 20)","Montelukast + Levocetirizine","Tablets","Montek","Blue Cross Laboratories",163,108,138.5,"Strip"
"Allegra Forte (Batch 20)","Fexofenadine Hydrochloride","Tablets","Allegra","Aristo Pharmaceuticals",121,80.3,102.9,"Strip"
"Fexo 650mg (Batch 20)","Fexofenadine Hydrochloride","Tablets","Fexo","FDC Ltd",94,62.3,79.9,"Strip"
"Fexigra 150mg (Batch 20)","Fexofenadine Hydrochloride","Tablets","Fexigra","J.B. Chemicals & Pharmaceuticals",97,64.4,82.5,"Strip"
"Avil 5mg (Batch 20)","Pheniramine Maleate","Tablets","Avil","Wockhardt Ltd",8,5.3,6.8,"Strip"
"Atarax 1g (Batch 20)","Hydroxyzine Hydrochloride","Tablets","Atarax","Apex Laboratories",53,35.2,45.1,"Strip"
"Becosules 200mg (Batch 20)","Vitamin B Complex + Vitamin C","Capsules","Becosules","Intas Pharmaceuticals",26,17.2,22.1,"Strip"
"Cobadex Forte 10mg (Batch 20)","Vitamin B Complex + Zinc","Capsules","Cobadex","Macleods Pharmaceuticals",31,20.6,26.4,"Strip"
"Zincovit SR (Batch 20)","Multivitamin + Multimineral","Tablets","Zincovit","Hetero Healthcare",117,77.6,99.5,"Strip"
"Revital H 250mg (Batch 20)","Multivitamins + Minerals + Ginseng","Capsules","Revital","Biocon Ltd",295,195.6,250.8,"Strip"
"Limcee Orange 20mg (Batch 20)","Vitamin C (Ascorbic Acid)","Tablets","Limcee","AstraZeneca India",23,15.3,19.6,"Strip"
"Celin chewable DSR (Batch 20)","Vitamin C (Ascorbic Acid)","Tablets","Celin","Bayer India",24,15.9,20.4,"Strip"
"Shelcal 300mg (Batch 20)","Calcium + Vitamin D3","Tablets","Shelcal","IPCA Laboratories",144,95.5,122.4,"Strip"
"Cipcal 40mg (Batch 20)","Calcium + Vitamin D3","Tablets","Cipcal","Alembic Pharmaceuticals",117,77.6,99.5,"Strip"
"Calcirol Sachet XL (Batch 20)","Cholecalciferol (Vitamin D3)","Others","Calcirol","GSK Pharma",25,16.6,21.3,"Sachet"
"D3-Must 400mg (Batch 20)","Cholecalciferol (Vitamin D3)","Capsules","D3-Must","Abbott India",42,27.8,35.7,"Strip"
"Evion 50mg (Batch 20)","Vitamin E","Capsules","Evion","Sun Pharmaceutical Industries",31,20.6,26.4,"Strip"
"Neurobion Forte Duo (Batch 20)","Vitamin B Complex + Methylcobalamin","Tablets","Neurobion","Cipla Ltd",44,29.2,37.4,"Strip"
"Mecobon 500mg (Batch 20)","Methylcobalamin","Tablets","Mecobon","Lupin Ltd",162,107.4,137.7,"Strip"
"Asthalin Inhaler (Batch 20)","Salbutamol","Inhalers","Asthalin","Mankind Pharma",145,96.2,123.3,"Piece"
"Duolin Inhaler (Batch 20)","Levosalbutamol + Ipratropium Bromide","Inhalers","Duolin","Torrent Pharmaceuticals",288,190.9,244.8,"Piece"
"Budecort Inhaler (Batch 20)","Budesonide","Inhalers","Budecort","Dr. Reddy s Laboratories",211,139.9,179.4,"Piece"
"Foracort Respules (Batch 20)","Budesonide + Formoterol Fumarate","Inhalers","Foracort","Alkem Laboratories",354,234.7,300.9,"Piece"
"Benadryl Syrup 60ml Syrup (Batch 20)","Diphenhydramine + Ammonium Chloride + Sodium Citrate","Syrups","Benadryl","Glenmark Pharmaceuticals",142,94.1,120.7,"Bottle"
"Ascoril LS Syrup 100ml Syrup (Batch 20)","Ambroxol + Levosalbutamol + Guaiphenesin","Syrups","Ascoril","Cadila Pharmaceuticals",100,66.3,85,"Bottle"
"Grilinctus Syrup 60ml Syrup (Batch 20)","Dextromethorphan + Chlorpheniramine","Syrups","Grilinctus","Zydus Lifesciences",93,61.7,79.1,"Bottle"
"Corex DX Syrup 100ml Syrup (Batch 20)","Chlorpheniramine + Dextromethorphan","Syrups","Corex","Sanofi India",101,67,85.9,"Bottle"
"Solvin Cold Syrup 60ml Syrup (Batch 20)","Paracetamol + Phenylephrine + Chlorpheniramine","Syrups","Solvin","USV Private Ltd",79,52.3,67.1,"Bottle"
"Volini Gel Inhaler (Batch 20)","Diclofenac + Methyl Salicylate + Menthol","Others","Volini","Pfizer India",77,51.1,65.5,"Piece"
"Moov Gel Respules (Batch 20)","Oil of Wintergreen + Menthol + Turpentine Oil","Others","Moov","Micro Labs Ltd",125,82.9,106.3,"Piece"
"Iodex Balm Inhaler (Batch 20)","Methyl Salicylate + Menthol + Camphor","Others","Iodex","Blue Cross Laboratories",103,68.3,87.6,"Piece"
"Betnovate-N Inhaler (Batch 20)","Betamethasone + Neomycin","Others","Betnovate","Aristo Pharmaceuticals",36,23.9,30.6,"Piece"
"Betnovate-C Respules (Batch 20)","Betamethasone + Clioquinol","Others","Betnovate","FDC Ltd",52,34.5,44.2,"Piece"
"Betnovate-GM Respules (Batch 20)","Betamethasone + Gentamicin + Miconazole","Others","Betnovate","J.B. Chemicals & Pharmaceuticals",49,32.5,41.7,"Piece"
"Quadriderm RF Inhaler (Batch 20)","Beclomethasone + Clotrimazole + Neomycin","Others","Quadriderm","Wockhardt Ltd",65,43.1,55.3,"Piece"
"Panderm Super Respules (Batch 20)","Clobetasol + Neomycin + Miconazole","Others","Panderm","Apex Laboratories",73,48.4,62.1,"Piece"
"Tenovate Cream Inhaler (Batch 20)","Clobetasol Propionate","Others","Tenovate","Intas Pharmaceuticals",71,47.1,60.4,"Piece"
"Ciplox Eye/Ear Drops Inhaler (Batch 20)","Ciprofloxacin Eye Drops","Drops","Ciplox","Macleods Pharmaceuticals",29,19.3,24.7,"Piece"
"Moxicip Eye Drops Respules (Batch 20)","Moxifloxacin Eye Drops","Drops","Moxicip","Hetero Healthcare",62,41.1,52.7,"Piece"
"Otrivin Nasal Spray Inhaler (Batch 20)","Xylometazoline Hydrochloride","Drops","Otrivin","Biocon Ltd",90,59.7,76.5,"Piece"
"Nasoclear Drops Inhaler (Batch 20)","Sodium Chloride Nasal Solution","Drops","Nasoclear","AstraZeneca India",53,35.2,45.1,"Piece"
"Calpol 50mg (Batch 21)","Paracetamol","Tablets","Calpol","Bayer India",26,17.2,22.1,"Strip"
"Crocin Advance Duo (Batch 21)","Paracetamol","Tablets","Crocin","IPCA Laboratories",16,10.6,13.6,"Strip"
"Dolo 500mg (Batch 21)","Paracetamol","Tablets","Dolo","Alembic Pharmaceuticals",22,14.6,18.7,"Strip"
"Pacimol 75mg (Batch 21)","Paracetamol","Tablets","Pacimol","GSK Pharma",10,6.6,8.5,"Strip"
"Sumo L Kid (Batch 21)","Paracetamol","Tablets","Sumo","Abbott India",22,14.6,18.7,"Strip"
"Combiflam 600mg (Batch 21)","Ibuprofen + Paracetamol","Tablets","Combiflam","Sun Pharmaceutical Industries",46,30.5,39.1,"Strip"
"Flexon 80mg (Batch 21)","Ibuprofen + Paracetamol","Tablets","Flexon","Cipla Ltd",29,19.3,24.7,"Strip"
"Ibugesic Plus Plus (Batch 21)","Ibuprofen + Paracetamol","Tablets","Ibugesic","Lupin Ltd",25,16.6,21.3,"Strip"
"Acecloc 625mg (Batch 21)","Aceclofenac + Paracetamol","Tablets","Acecloc","Mankind Pharma",80,53,68,"Strip"
"Zerodol-P 100mg (Batch 21)","Aceclofenac + Paracetamol","Tablets","Zerodol","Torrent Pharmaceuticals",68,45.1,57.8,"Strip"
"Hifenac-P Forte (Batch 21)","Aceclofenac + Paracetamol","Tablets","Hifenac","Dr. Reddy s Laboratories",66,43.8,56.1,"Strip"
"Zerodol-SP 650mg (Batch 21)","Aceclofenac + Paracetamol + Serratiopeptidase","Tablets","Zerodol","Alkem Laboratories",114,75.6,96.9,"Strip"
"Meftal-Spas 150mg (Batch 21)","Mefenamic Acid + Dicyclomine","Tablets","Meftal","Glenmark Pharmaceuticals",42,27.8,35.7,"Strip"
"Cyclopam 5mg (Batch 21)","Dicyclomine + Paracetamol","Tablets","Cyclopam","Cadila Pharmaceuticals",38,25.2,32.3,"Strip"
"Ultracet 1g (Batch 21)","Tramadol + Paracetamol","Tablets","Ultracet","Zydus Lifesciences",243,161.1,206.6,"Strip"
"Tramazac 200mg (Batch 21)","Tramadol","Capsules","Tramazac","Sanofi India",96,63.6,81.6,"Strip"
"Nise 10mg (Batch 21)","Nimesulide","Tablets","Nise","USV Private Ltd",84,55.7,71.4,"Strip"
"Nimulid SR (Batch 21)","Nimesulide","Tablets","Nimulid","Pfizer India",87,57.7,74,"Strip"
"Amox 250mg (Batch 21)","Amoxicillin","Capsules","Amox","Micro Labs Ltd",40,26.5,34,"Strip"
"Amoxil 20mg (Batch 21)","Amoxicillin","Capsules","Amoxil","Blue Cross Laboratories",68,45.1,57.8,"Strip"
"Mox DSR (Batch 21)","Amoxicillin","Capsules","Mox","Aristo Pharmaceuticals",64,42.4,54.4,"Strip"
"Novamox 300mg (Batch 21)","Amoxicillin","Capsules","Novamox","FDC Ltd",78,51.7,66.3,"Strip"
"Clavam 40mg (Batch 21)","Amoxicillin + Potassium Clavulanate","Tablets","Clavam","J.B. Chemicals & Pharmaceuticals",137,90.9,116.5,"Strip"
"Augmentin XL (Batch 21)","Amoxicillin + Potassium Clavulanate","Tablets","Augmentin","Wockhardt Ltd",240,159.1,204,"Strip"
"Moxikind-CV 400mg (Batch 21)","Amoxicillin + Potassium Clavulanate","Tablets","Moxikind","Apex Laboratories",143,94.8,121.6,"Strip"
"Advent 50mg (Batch 21)","Amoxicillin + Potassium Clavulanate","Tablets","Advent","Intas Pharmaceuticals",196,129.9,166.6,"Strip"
"Azee Duo (Batch 21)","Azithromycin","Tablets","Azee","Macleods Pharmaceuticals",119,78.9,101.1,"Strip"
"Azithral 500mg (Batch 21)","Azithromycin","Tablets","Azithral","Hetero Healthcare",152,100.8,129.2,"Strip"
"Azax 75mg (Batch 21)","Azithromycin","Tablets","Azax","Biocon Ltd",70,46.4,59.5,"Strip"
"Zifi Kid (Batch 21)","Cefixime","Tablets","Zifi","AstraZeneca India",83,55.1,70.6,"Strip"
"Taxim-O 600mg (Batch 21)","Cefixime","Tablets","Taxim-O","Bayer India",121,80.3,102.9,"Strip"
"Cefolac 80mg (Batch 21)","Cefixime","Tablets","Cefolac","IPCA Laboratories",74,49.1,62.9,"Strip"
"Milixim Plus (Batch 21)","Cefixime","Tablets","Milixim","Alembic Pharmaceuticals",119,78.9,101.1,"Strip"
"Gepod 625mg (Batch 21)","Cefpodoxime Proxetil","Tablets","Gepod","GSK Pharma",90,59.7,76.5,"Strip"
"Monocef-O 100mg (Batch 21)","Cefpodoxime Proxetil","Tablets","Monocef-O","Abbott India",193,127.9,164,"Strip"
"Macpod Forte (Batch 21)","Cefpodoxime Proxetil","Tablets","Macpod","Sun Pharmaceutical Industries",136,90.2,115.6,"Strip"
"Oflomac 650mg (Batch 21)","Ofloxacin","Tablets","Oflomac","Cipla Ltd",79,52.3,67.1,"Strip"
"Oframax 150mg (Batch 21)","Ofloxacin","Tablets","Oframax","Lupin Ltd",67,44.5,57,"Strip"
"Oflotas 5mg (Batch 21)","Ofloxacin","Tablets","Oflotas","Mankind Pharma",63,41.8,53.6,"Strip"
"Oflomac-OZ 1g (Batch 21)","Ofloxacin + Ornidazole","Tablets","Oflomac","Torrent Pharmaceuticals",93,61.7,79.1,"Strip"
"Zenflox-OZ 200mg (Batch 21)","Ofloxacin + Ornidazole","Tablets","Zenflox","Dr. Reddy s Laboratories",111,73.6,94.4,"Strip"
"Norflox 10mg (Batch 21)","Norfloxacin","Tablets","Norflox","Alkem Laboratories",79,52.3,67.1,"Strip"
"Norflox-TZ SR (Batch 21)","Norfloxacin + Tinidazole","Tablets","Norflox","Glenmark Pharmaceuticals",112,74.3,95.2,"Strip"
"Ciplox 250mg (Batch 21)","Ciprofloxacin","Tablets","Ciplox","Cadila Pharmaceuticals",35,23.2,29.8,"Strip"
"Ciprobid 20mg (Batch 21)","Ciprofloxacin","Tablets","Ciprobid","Zydus Lifesciences",59,39.2,50.2,"Strip"
"Atorva DSR (Batch 21)","Atorvastatin","Tablets","Atorva","Sanofi India",81,53.7,68.9,"Strip"
"Lipitor 300mg (Batch 21)","Atorvastatin","Tablets","Lipitor","USV Private Ltd",379,251.3,322.2,"Strip"
"Lipikind 40mg (Batch 21)","Atorvastatin","Tablets","Lipikind","Pfizer India",57,37.8,48.4,"Strip"
"Tonact XL (Batch 21)","Atorvastatin","Tablets","Tonact","Micro Labs Ltd",105,69.7,89.3,"Strip"
"Rosuvas 400mg (Batch 21)","Rosuvastatin","Tablets","Rosuvas","Blue Cross Laboratories",168,111.4,142.8,"Strip"
"Rosyn 50mg (Batch 21)","Rosuvastatin","Tablets","Rosyn","Aristo Pharmaceuticals",201,133.3,170.9,"Strip"
"Roseday Duo (Batch 21)","Rosuvastatin","Tablets","Roseday","FDC Ltd",224,148.5,190.4,"Strip"
"Crevast 500mg (Batch 21)","Rosuvastatin","Tablets","Crevast","J.B. Chemicals & Pharmaceuticals",82,54.4,69.7,"Strip"
"Telma 75mg (Batch 21)","Telmisartan","Tablets","Telma","Wockhardt Ltd",55,36.5,46.8,"Strip"
"Telvas Kid (Batch 21)","Telmisartan","Tablets","Telvas","Apex Laboratories",101,67,85.9,"Strip"
"Telsar 600mg (Batch 21)","Telmisartan","Tablets","Telsar","Intas Pharmaceuticals",131,86.9,111.4,"Strip"
"Telma-H 80mg (Batch 21)","Telmisartan + Hydrochlorothiazide","Tablets","Telma","Macleods Pharmaceuticals",124,82.2,105.4,"Strip"
"Telvas-H Plus (Batch 21)","Telmisartan + Hydrochlorothiazide","Tablets","Telvas","Hetero Healthcare",127,84.2,108,"Strip"
"Amlokind 625mg (Batch 21)","Amlodipine","Tablets","Amlokind","Biocon Ltd",22,14.6,18.7,"Strip"
"Amlosafe 100mg (Batch 21)","Amlodipine","Tablets","Amlosafe","AstraZeneca India",23,15.3,19.6,"Strip"
"Amlovas Forte (Batch 21)","Amlodipine","Tablets","Amlovas","Bayer India",17,11.3,14.5,"Strip"
"Cilacar 650mg (Batch 21)","Cilnidipine","Tablets","Cilacar","IPCA Laboratories",124,82.2,105.4,"Strip"
"Cilnidac 150mg (Batch 21)","Cilnidipine","Tablets","Cilnidac","Alembic Pharmaceuticals",107,71,91,"Strip"
"Concor 5mg (Batch 21)","Bisoprolol Fumarate","Tablets","Concor","GSK Pharma",90,59.7,76.5,"Strip"
"Starpress 1g (Batch 21)","Metoprolol Succinate","Tablets","Starpress","Abbott India",58,38.5,49.3,"Strip"
"Metolar 200mg (Batch 21)","Metoprolol Tartrate","Tablets","Metolar","Sun Pharmaceutical Industries",51,33.9,43.4,"Strip"
"Glycomet 10mg (Batch 21)","Metformin Hydrochloride","Tablets","Glycomet","Cipla Ltd",19,12.6,16.2,"Strip"
"Metformin SR SR (Batch 21)","Metformin Hydrochloride","Tablets","Metformin","Lupin Ltd",14,9.3,11.9,"Strip"
"Glycomet GP 250mg (Batch 21)","Glimepiride + Metformin","Tablets","Glycomet GP","Mankind Pharma",135,89.5,114.8,"Strip"
"Amaryl M 20mg (Batch 21)","Glimepiride + Metformin","Tablets","Amaryl","Torrent Pharmaceuticals",158,104.8,134.3,"Strip"
"Glimisave M DSR (Batch 21)","Glimepiride + Metformin","Tablets","Glimisave","Dr. Reddy s Laboratories",36,23.9,30.6,"Strip"
"Jalra-M 300mg (Batch 21)","Vildagliptin + Metformin","Tablets","Jalra-M","Alkem Laboratories",174,115.4,147.9,"Strip"
"Galvus Met 40mg (Batch 21)","Vildagliptin + Metformin","Tablets","Galvus","Glenmark Pharmaceuticals",287,190.3,244,"Strip"
"Ziten M XL (Batch 21)","Teneligliptin + Metformin","Tablets","Ziten","Cadila Pharmaceuticals",140,92.8,119,"Strip"
"Dynaglipt M 400mg (Batch 21)","Teneligliptin + Metformin","Tablets","Dynaglipt","Zydus Lifesciences",178,118,151.3,"Strip"
"Voglistar 50mg (Batch 21)","Voglibose","Tablets","Voglistar","Sanofi India",46,30.5,39.1,"Strip"
"Volibo Duo (Batch 21)","Voglibose","Tablets","Volibo","USV Private Ltd",84,55.7,71.4,"Strip"
"Pantocid 500mg (Batch 21)","Pantoprazole","Tablets","Pantocid","Pfizer India",162,107.4,137.7,"Strip"
"Pan 75mg (Batch 21)","Pantoprazole","Tablets","Pan","Micro Labs Ltd",175,116.1,148.8,"Strip"
"Pantodac Kid (Batch 21)","Pantoprazole","Tablets","Pantodac","Blue Cross Laboratories",113,75,96.1,"Strip"
"Pan-D 600mg (Batch 21)","Pantoprazole + Domperidone","Capsules","Pan-D","Aristo Pharmaceuticals",121,80.3,102.9,"Strip"
"Pantocid-DSR 80mg (Batch 21)","Pantoprazole + Domperidone","Capsules","Pantocid","FDC Ltd",224,148.5,190.4,"Strip"
"Pantosec-DSR Plus (Batch 21)","Pantoprazole + Domperidone","Capsules","Pantosec","J.B. Chemicals & Pharmaceuticals",162,107.4,137.7,"Strip"
"Omez 625mg (Batch 21)","Omeprazole","Capsules","Omez","Wockhardt Ltd",40,26.5,34,"Strip"
"Omecip 100mg (Batch 21)","Omeprazole","Capsules","Omecip","Apex Laboratories",28,18.6,23.8,"Strip"
"Omez-D Forte (Batch 21)","Omeprazole + Domperidone","Capsules","Omez","Intas Pharmaceuticals",61,40.5,51.9,"Strip"
"Rabicip 650mg (Batch 21)","Rabeprazole","Tablets","Rabicip","Macleods Pharmaceuticals",94,62.3,79.9,"Strip"
"Rabeloc 150mg (Batch 21)","Rabeprazole","Tablets","Rabeloc","Hetero Healthcare",87,57.7,74,"Strip"
"Rabicip-DSR 5mg (Batch 21)","Rabeprazole + Domperidone","Capsules","Rabicip","Biocon Ltd",120,79.6,102,"Strip"
"Razo-DSR 1g (Batch 21)","Rabeprazole + Domperidone","Capsules","Razo","AstraZeneca India",188,124.6,159.8,"Strip"
"Sompraz 200mg (Batch 21)","Esomeprazole","Tablets","Sompraz","Bayer India",116,76.9,98.6,"Strip"
"Nexpro 10mg (Batch 21)","Esomeprazole","Tablets","Nexpro","IPCA Laboratories",109,72.2,92.6,"Strip"
"Sompraz-DSR SR (Batch 21)","Esomeprazole + Domperidone","Capsules","Sompraz","Alembic Pharmaceuticals",232,153.8,197.2,"Strip"
"Nexpro-RD 250mg (Batch 21)","Esomeprazole + Domperidone","Capsules","Nexpro","GSK Pharma",200,132.6,170,"Strip"
"Aciloc 20mg (Batch 21)","Ranitidine","Tablets","Aciloc","Abbott India",25,16.6,21.3,"Strip"
"Rantac DSR (Batch 21)","Ranitidine","Tablets","Rantac","Sun Pharmaceutical Industries",37,24.6,31.5,"Strip"
"Zinetac 300mg (Batch 21)","Ranitidine","Tablets","Zinetac","Cipla Ltd",37,24.6,31.5,"Strip"
"Okacet 40mg (Batch 21)","Cetirizine","Tablets","Okacet","Lupin Ltd",22,14.6,18.7,"Strip"
"Cetcip XL (Batch 21)","Cetirizine","Tablets","Cetcip","Mankind Pharma",17,11.3,14.5,"Strip"
"Alerid 400mg (Batch 21)","Cetirizine","Tablets","Alerid","Torrent Pharmaceuticals",28,18.6,23.8,"Strip"
"Teczine 50mg (Batch 21)","Levocetirizine","Tablets","Teczine","Dr. Reddy s Laboratories",66,43.8,56.1,"Strip"
"Lecope Duo (Batch 21)","Levocetirizine","Tablets","Lecope","Alkem Laboratories",32,21.2,27.2,"Strip"
"Sizloc 500mg (Batch 21)","Levocetirizine","Tablets","Sizloc","Glenmark Pharmaceuticals",33,21.9,28.1,"Strip"
"Montair-LC 75mg (Batch 21)","Montelukast + Levocetirizine","Tablets","Montair","Cadila Pharmaceuticals",130,86.2,110.5,"Strip"
"Telekast-L Kid (Batch 21)","Montelukast + Levocetirizine","Tablets","Telekast","Zydus Lifesciences",133,88.2,113.1,"Strip"
"Montemac-L 600mg (Batch 21)","Montelukast + Levocetirizine","Tablets","Montemac","Sanofi India",206,136.6,175.1,"Strip"
"Montek-LC 80mg (Batch 21)","Montelukast + Levocetirizine","Tablets","Montek","USV Private Ltd",234,155.1,198.9,"Strip"
"Allegra Plus (Batch 21)","Fexofenadine Hydrochloride","Tablets","Allegra","Pfizer India",112,74.3,95.2,"Strip"
"Fexo 625mg (Batch 21)","Fexofenadine Hydrochloride","Tablets","Fexo","Micro Labs Ltd",115,76.3,97.8,"Strip"
"Fexigra 100mg (Batch 21)","Fexofenadine Hydrochloride","Tablets","Fexigra","Blue Cross Laboratories",108,71.6,91.8,"Strip"
"Avil Forte (Batch 21)","Pheniramine Maleate","Tablets","Avil","Aristo Pharmaceuticals",9,6,7.7,"Strip"
"Atarax 650mg (Batch 21)","Hydroxyzine Hydrochloride","Tablets","Atarax","FDC Ltd",104,69,88.4,"Strip"
"Becosules 150mg (Batch 21)","Vitamin B Complex + Vitamin C","Capsules","Becosules","J.B. Chemicals & Pharmaceuticals",37,24.6,31.5,"Strip"
"Cobadex Forte 5mg (Batch 21)","Vitamin B Complex + Zinc","Capsules","Cobadex","Wockhardt Ltd",22,14.6,18.7,"Strip"
"Zincovit 1g (Batch 21)","Multivitamin + Multimineral","Tablets","Zincovit","Apex Laboratories",108,71.6,91.8,"Strip"
"Revital H 200mg (Batch 21)","Multivitamins + Minerals + Ginseng","Capsules","Revital","Intas Pharmaceuticals",256,169.7,217.6,"Strip"
"Limcee Orange 10mg (Batch 21)","Vitamin C (Ascorbic Acid)","Tablets","Limcee","Macleods Pharmaceuticals",29,19.3,24.7,"Strip"
"Celin chewable SR (Batch 21)","Vitamin C (Ascorbic Acid)","Tablets","Celin","Hetero Healthcare",30,19.9,25.5,"Strip"
"Shelcal 250mg (Batch 21)","Calcium + Vitamin D3","Tablets","Shelcal","Biocon Ltd",95,63,80.8,"Strip"
"Cipcal 20mg (Batch 21)","Calcium + Vitamin D3","Tablets","Cipcal","AstraZeneca India",108,71.6,91.8,"Strip"
"Calcirol Sachet DSR (Batch 21)","Cholecalciferol (Vitamin D3)","Others","Calcirol","Bayer India",36,23.9,30.6,"Sachet"
"D3-Must 300mg (Batch 21)","Cholecalciferol (Vitamin D3)","Capsules","D3-Must","IPCA Laboratories",28,18.6,23.8,"Strip"
"Evion 40mg (Batch 21)","Vitamin E","Capsules","Evion","Alembic Pharmaceuticals",62,41.1,52.7,"Strip"
"Neurobion Forte XL (Batch 21)","Vitamin B Complex + Methylcobalamin","Tablets","Neurobion","GSK Pharma",35,23.2,29.8,"Strip"
"Mecobon 400mg (Batch 21)","Methylcobalamin","Tablets","Mecobon","Abbott India",153,101.4,130,"Strip"
"Asthalin Inhaler (Batch 21)","Salbutamol","Inhalers","Asthalin","Sun Pharmaceutical Industries",106,70.3,90.1,"Piece"
"Duolin Respules (Batch 21)","Levosalbutamol + Ipratropium Bromide","Inhalers","Duolin","Cipla Ltd",219,145.2,186.2,"Piece"
"Budecort Inhaler (Batch 21)","Budesonide","Inhalers","Budecort","Lupin Ltd",202,133.9,171.7,"Piece"
"Foracort Inhaler (Batch 21)","Budesonide + Formoterol Fumarate","Inhalers","Foracort","Mankind Pharma",315,208.9,267.8,"Piece"
"Benadryl Syrup 100ml Syrup (Batch 21)","Diphenhydramine + Ammonium Chloride + Sodium Citrate","Syrups","Benadryl","Torrent Pharmaceuticals",133,88.2,113.1,"Bottle"
"Ascoril LS Syrup 60ml Syrup (Batch 21)","Ambroxol + Levosalbutamol + Guaiphenesin","Syrups","Ascoril","Dr. Reddy s Laboratories",111,73.6,94.4,"Bottle"
"Grilinctus Syrup 100ml Syrup (Batch 21)","Dextromethorphan + Chlorpheniramine","Syrups","Grilinctus","Alkem Laboratories",114,75.6,96.9,"Bottle"
"Corex DX Syrup 60ml Syrup (Batch 21)","Chlorpheniramine + Dextromethorphan","Syrups","Corex","Glenmark Pharmaceuticals",142,94.1,120.7,"Bottle"
"Solvin Cold Syrup 100ml Syrup (Batch 21)","Paracetamol + Phenylephrine + Chlorpheniramine","Syrups","Solvin","Cadila Pharmaceuticals",65,43.1,55.3,"Bottle"
"Volini Gel Respules (Batch 21)","Diclofenac + Methyl Salicylate + Menthol","Others","Volini","Zydus Lifesciences",118,78.2,100.3,"Piece"
"Moov Gel Inhaler (Batch 21)","Oil of Wintergreen + Menthol + Turpentine Oil","Others","Moov","Sanofi India",136,90.2,115.6,"Piece"
"Iodex Balm Respules (Batch 21)","Methyl Salicylate + Menthol + Camphor","Others","Iodex","USV Private Ltd",94,62.3,79.9,"Piece"
"Betnovate-N Respules (Batch 21)","Betamethasone + Neomycin","Others","Betnovate","Pfizer India",47,31.1,39.9,"Piece"
"Betnovate-C Inhaler (Batch 21)","Betamethasone + Clioquinol","Others","Betnovate","Micro Labs Ltd",38,25.2,32.3,"Piece"
"Betnovate-GM Inhaler (Batch 21)","Betamethasone + Gentamicin + Miconazole","Others","Betnovate","Blue Cross Laboratories",70,46.4,59.5,"Piece"
"Quadriderm RF Inhaler (Batch 21)","Beclomethasone + Clotrimazole + Neomycin","Others","Quadriderm","Aristo Pharmaceuticals",96,63.6,81.6,"Piece"
"Panderm Super Inhaler (Batch 21)","Clobetasol + Neomycin + Miconazole","Others","Panderm","FDC Ltd",94,62.3,79.9,"Piece"
"Tenovate Cream Respules (Batch 21)","Clobetasol Propionate","Others","Tenovate","J.B. Chemicals & Pharmaceuticals",57,37.8,48.4,"Piece"
"Ciplox Eye/Ear Drops Inhaler (Batch 21)","Ciprofloxacin Eye Drops","Drops","Ciplox","Wockhardt Ltd",20,13.3,17,"Piece"
"Moxicip Eye Drops Respules (Batch 21)","Moxifloxacin Eye Drops","Drops","Moxicip","Apex Laboratories",48,31.8,40.8,"Piece"
"Otrivin Nasal Spray Respules (Batch 21)","Xylometazoline Hydrochloride","Drops","Otrivin","Intas Pharmaceuticals",81,53.7,68.9,"Piece"
"Nasoclear Drops Inhaler (Batch 21)","Sodium Chloride Nasal Solution","Drops","Nasoclear","Macleods Pharmaceuticals",44,29.2,37.4,"Piece"
"Calpol 40mg (Batch 22)","Paracetamol","Tablets","Calpol","Hetero Healthcare",17,11.3,14.5,"Strip"
"Crocin Advance XL (Batch 22)","Paracetamol","Tablets","Crocin","Biocon Ltd",22,14.6,18.7,"Strip"
"Dolo 400mg (Batch 22)","Paracetamol","Tablets","Dolo","AstraZeneca India",28,18.6,23.8,"Strip"
"Pacimol 50mg (Batch 22)","Paracetamol","Tablets","Pacimol","Bayer India",11,7.3,9.4,"Strip"
"Sumo L Duo (Batch 22)","Paracetamol","Tablets","Sumo","IPCA Laboratories",25,16.6,21.3,"Strip"
"Combiflam 500mg (Batch 22)","Ibuprofen + Paracetamol","Tablets","Combiflam","Alembic Pharmaceuticals",32,21.2,27.2,"Strip"
"Flexon 75mg (Batch 22)","Ibuprofen + Paracetamol","Tablets","Flexon","GSK Pharma",20,13.3,17,"Strip"
"Ibugesic Plus Kid (Batch 22)","Ibuprofen + Paracetamol","Tablets","Ibugesic","Abbott India",31,20.6,26.4,"Strip"
"Acecloc 600mg (Batch 22)","Aceclofenac + Paracetamol","Tablets","Acecloc","Sun Pharmaceutical Industries",71,47.1,60.4,"Strip"
"Zerodol-P 80mg (Batch 22)","Aceclofenac + Paracetamol","Tablets","Zerodol","Cipla Ltd",99,65.6,84.1,"Strip"
"Hifenac-P Plus (Batch 22)","Aceclofenac + Paracetamol","Tablets","Hifenac","Lupin Ltd",87,57.7,74,"Strip"
"Zerodol-SP 625mg (Batch 22)","Aceclofenac + Paracetamol + Serratiopeptidase","Tablets","Zerodol","Mankind Pharma",125,82.9,106.3,"Strip"
"Meftal-Spas 100mg (Batch 22)","Mefenamic Acid + Dicyclomine","Tablets","Meftal","Torrent Pharmaceuticals",53,35.2,45.1,"Strip"
"Cyclopam Forte (Batch 22)","Dicyclomine + Paracetamol","Tablets","Cyclopam","Dr. Reddy s Laboratories",49,32.5,41.7,"Strip"
"Ultracet 650mg (Batch 22)","Tramadol + Paracetamol","Tablets","Ultracet","Alkem Laboratories",174,115.4,147.9,"Strip"
"Tramazac 150mg (Batch 22)","Tramadol","Capsules","Tramazac","Glenmark Pharmaceuticals",107,71,91,"Strip"
"Nise 5mg (Batch 22)","Nimesulide","Tablets","Nise","Cadila Pharmaceuticals",105,69.7,89.3,"Strip"
"Nimulid 1g (Batch 22)","Nimesulide","Tablets","Nimulid","Zydus Lifesciences",78,51.7,66.3,"Strip"
"Amox 200mg (Batch 22)","Amoxicillin","Capsules","Amox","Sanofi India",71,47.1,60.4,"Strip"
"Amoxil 10mg (Batch 22)","Amoxicillin","Capsules","Amoxil","USV Private Ltd",79,52.3,67.1,"Strip"
"Mox SR (Batch 22)","Amoxicillin","Capsules","Mox","Pfizer India",40,26.5,34,"Strip"
"Novamox 250mg (Batch 22)","Amoxicillin","Capsules","Novamox","Micro Labs Ltd",69,45.8,58.7,"Strip"
"Clavam 20mg (Batch 22)","Amoxicillin + Potassium Clavulanate","Tablets","Clavam","Blue Cross Laboratories",148,98.1,125.8,"Strip"
"Augmentin DSR (Batch 22)","Amoxicillin + Potassium Clavulanate","Tablets","Augmentin","Aristo Pharmaceuticals",231,153.2,196.4,"Strip"
"Moxikind-CV 300mg (Batch 22)","Amoxicillin + Potassium Clavulanate","Tablets","Moxikind","FDC Ltd",164,108.7,139.4,"Strip"
"Advent 40mg (Batch 22)","Amoxicillin + Potassium Clavulanate","Tablets","Advent","J.B. Chemicals & Pharmaceuticals",207,137.3,176,"Strip"
"Azee XL (Batch 22)","Azithromycin","Tablets","Azee","Wockhardt Ltd",140,92.8,119,"Strip"
"Azithral 400mg (Batch 22)","Azithromycin","Tablets","Azithral","Apex Laboratories",163,108,138.5,"Strip"
"Azax 50mg (Batch 22)","Azithromycin","Tablets","Azax","Intas Pharmaceuticals",61,40.5,51.9,"Strip"
"Zifi Duo (Batch 22)","Cefixime","Tablets","Zifi","Macleods Pharmaceuticals",119,78.9,101.1,"Strip"
"Taxim-O 500mg (Batch 22)","Cefixime","Tablets","Taxim-O","Hetero Healthcare",112,74.3,95.2,"Strip"
"Cefolac 75mg (Batch 22)","Cefixime","Tablets","Cefolac","Biocon Ltd",95,63,80.8,"Strip"
"Milixim Kid (Batch 22)","Cefixime","Tablets","Milixim","AstraZeneca India",80,53,68,"Strip"
"Gepod 600mg (Batch 22)","Cefpodoxime Proxetil","Tablets","Gepod","Bayer India",161,106.8,136.9,"Strip"
"Monocef-O 80mg (Batch 22)","Cefpodoxime Proxetil","Tablets","Monocef-O","IPCA Laboratories",124,82.2,105.4,"Strip"
"Macpod Plus (Batch 22)","Cefpodoxime Proxetil","Tablets","Macpod","Alembic Pharmaceuticals",127,84.2,108,"Strip"
"Oflomac 625mg (Batch 22)","Ofloxacin","Tablets","Oflomac","GSK Pharma",70,46.4,59.5,"Strip"
"Oframax 100mg (Batch 22)","Ofloxacin","Tablets","Oframax","Abbott India",88,58.3,74.8,"Strip"
"Oflotas Forte (Batch 22)","Ofloxacin","Tablets","Oflotas","Sun Pharmaceutical Industries",49,32.5,41.7,"Strip"
"Oflomac-OZ 650mg (Batch 22)","Ofloxacin + Ornidazole","Tablets","Oflomac","Cipla Ltd",84,55.7,71.4,"Strip"
"Zenflox-OZ 150mg (Batch 22)","Ofloxacin + Ornidazole","Tablets","Zenflox","Lupin Ltd",137,90.9,116.5,"Strip"
"Norflox 5mg (Batch 22)","Norfloxacin","Tablets","Norflox","Mankind Pharma",65,43.1,55.3,"Strip"
"Norflox-TZ 1g (Batch 22)","Norfloxacin + Tinidazole","Tablets","Norflox","Torrent Pharmaceuticals",88,58.3,74.8,"Strip"
"Ciplox 200mg (Batch 22)","Ciprofloxacin","Tablets","Ciplox","Dr. Reddy s Laboratories",26,17.2,22.1,"Strip"
"Ciprobid 10mg (Batch 22)","Ciprofloxacin","Tablets","Ciprobid","Alkem Laboratories",50,33.2,42.5,"Strip"
"Atorva SR (Batch 22)","Atorvastatin","Tablets","Atorva","Glenmark Pharmaceuticals",72,47.7,61.2,"Strip"
"Lipitor 250mg (Batch 22)","Atorvastatin","Tablets","Lipitor","Cadila Pharmaceuticals",290,192.3,246.5,"Strip"
"Lipikind 20mg (Batch 22)","Atorvastatin","Tablets","Lipikind","Zydus Lifesciences",48,31.8,40.8,"Strip"
"Tonact DSR (Batch 22)","Atorvastatin","Tablets","Tonact","Sanofi India",146,96.8,124.1,"Strip"
"Rosuvas 300mg (Batch 22)","Rosuvastatin","Tablets","Rosuvas","USV Private Ltd",99,65.6,84.1,"Strip"
"Rosyn 40mg (Batch 22)","Rosuvastatin","Tablets","Rosyn","Pfizer India",162,107.4,137.7,"Strip"
"Roseday XL (Batch 22)","Rosuvastatin","Tablets","Roseday","Micro Labs Ltd",235,155.8,199.8,"Strip"
"Crevast 400mg (Batch 22)","Rosuvastatin","Tablets","Crevast","Blue Cross Laboratories",233,154.4,198,"Strip"
"Telma 50mg (Batch 22)","Telmisartan","Tablets","Telma","Aristo Pharmaceuticals",96,63.6,81.6,"Strip"
"Telvas Duo (Batch 22)","Telmisartan","Tablets","Telvas","FDC Ltd",122,80.9,103.7,"Strip"
"Telsar 500mg (Batch 22)","Telmisartan","Tablets","Telsar","J.B. Chemicals & Pharmaceuticals",47,31.1,39.9,"Strip"
"Telma-H 75mg (Batch 22)","Telmisartan + Hydrochlorothiazide","Tablets","Telma","Wockhardt Ltd",115,76.3,97.8,"Strip"
"Telvas-H Kid (Batch 22)","Telmisartan + Hydrochlorothiazide","Tablets","Telvas","Apex Laboratories",138,91.5,117.3,"Strip"
"Amlokind 600mg (Batch 22)","Amlodipine","Tablets","Amlokind","Intas Pharmaceuticals",33,21.9,28.1,"Strip"
"Amlosafe 80mg (Batch 22)","Amlodipine","Tablets","Amlosafe","Macleods Pharmaceuticals",44,29.2,37.4,"Strip"
"Amlovas Plus (Batch 22)","Amlodipine","Tablets","Amlovas","Hetero Healthcare",24,15.9,20.4,"Strip"
"Cilacar 625mg (Batch 22)","Cilnidipine","Tablets","Cilacar","Biocon Ltd",145,96.2,123.3,"Strip"
"Cilnidac 100mg (Batch 22)","Cilnidipine","Tablets","Cilnidac","AstraZeneca India",98,65,83.3,"Strip"
"Concor Forte (Batch 22)","Bisoprolol Fumarate","Tablets","Concor","Bayer India",81,53.7,68.9,"Strip"
"Starpress 650mg (Batch 22)","Metoprolol Succinate","Tablets","Starpress","IPCA Laboratories",79,52.3,67.1,"Strip"
"Metolar 150mg (Batch 22)","Metoprolol Tartrate","Tablets","Metolar","Alembic Pharmaceuticals",42,27.8,35.7,"Strip"
"Glycomet 5mg (Batch 22)","Metformin Hydrochloride","Tablets","Glycomet","GSK Pharma",40,26.5,34,"Strip"
"Metformin SR 1g (Batch 22)","Metformin Hydrochloride","Tablets","Metformin","Abbott India",25,16.6,21.3,"Strip"
"Glycomet GP 200mg (Batch 22)","Glimepiride + Metformin","Tablets","Glycomet GP","Sun Pharmaceutical Industries",66,43.8,56.1,"Strip"
"Amaryl M 10mg (Batch 22)","Glimepiride + Metformin","Tablets","Amaryl","Cipla Ltd",119,78.9,101.1,"Strip"
"Glimisave M SR (Batch 22)","Glimepiride + Metformin","Tablets","Glimisave","Lupin Ltd",57,37.8,48.4,"Strip"
"Jalra-M 250mg (Batch 22)","Vildagliptin + Metformin","Tablets","Jalra-M","Mankind Pharma",285,189,242.3,"Strip"
"Galvus Met 20mg (Batch 22)","Vildagliptin + Metformin","Tablets","Galvus","Torrent Pharmaceuticals",448,297,380.8,"Strip"
"Ziten M DSR (Batch 22)","Teneligliptin + Metformin","Tablets","Ziten","Dr. Reddy s Laboratories",181,120,153.9,"Strip"
"Dynaglipt M 300mg (Batch 22)","Teneligliptin + Metformin","Tablets","Dynaglipt","Alkem Laboratories",89,59,75.6,"Strip"
"Voglistar 40mg (Batch 22)","Voglibose","Tablets","Voglistar","Glenmark Pharmaceuticals",97,64.4,82.5,"Strip"
"Volibo XL (Batch 22)","Voglibose","Tablets","Volibo","Cadila Pharmaceuticals",45,29.9,38.3,"Strip"
"Pantocid 400mg (Batch 22)","Pantoprazole","Tablets","Pantocid","Zydus Lifesciences",93,61.7,79.1,"Strip"
"Pan 50mg (Batch 22)","Pantoprazole","Tablets","Pan","Sanofi India",166,110.1,141.1,"Strip"
"Pantodac Duo (Batch 22)","Pantoprazole","Tablets","Pantodac","USV Private Ltd",124,82.2,105.4,"Strip"
"Pan-D 500mg (Batch 22)","Pantoprazole + Domperidone","Capsules","Pan-D","Pfizer India",112,74.3,95.2,"Strip"
"Pantocid-DSR 75mg (Batch 22)","Pantoprazole + Domperidone","Capsules","Pantocid","Micro Labs Ltd",185,122.7,157.3,"Strip"
"Pantosec-DSR Kid (Batch 22)","Pantoprazole + Domperidone","Capsules","Pantosec","Blue Cross Laboratories",203,134.6,172.5,"Strip"
"Omez 600mg (Batch 22)","Omeprazole","Capsules","Omez","Aristo Pharmaceuticals",51,33.9,43.4,"Strip"
"Omecip 80mg (Batch 22)","Omeprazole","Capsules","Omecip","FDC Ltd",49,32.5,41.7,"Strip"
"Omez-D Plus (Batch 22)","Omeprazole + Domperidone","Capsules","Omez","J.B. Chemicals & Pharmaceuticals",82,54.4,69.7,"Strip"
"Rabicip 625mg (Batch 22)","Rabeprazole","Tablets","Rabicip","Wockhardt Ltd",85,56.4,72.3,"Strip"
"Rabeloc 100mg (Batch 22)","Rabeprazole","Tablets","Rabeloc","Apex Laboratories",128,84.9,108.8,"Strip"
"Rabicip-DSR Forte (Batch 22)","Rabeprazole + Domperidone","Capsules","Rabicip","Intas Pharmaceuticals",161,106.8,136.9,"Strip"
"Razo-DSR 650mg (Batch 22)","Rabeprazole + Domperidone","Capsules","Razo","Macleods Pharmaceuticals",149,98.8,126.7,"Strip"
"Sompraz 150mg (Batch 22)","Esomeprazole","Tablets","Sompraz","Hetero Healthcare",157,104.1,133.5,"Strip"
"Nexpro 5mg (Batch 22)","Esomeprazole","Tablets","Nexpro","Biocon Ltd",130,86.2,110.5,"Strip"
"Sompraz-DSR 1g (Batch 22)","Esomeprazole + Domperidone","Capsules","Sompraz","AstraZeneca India",193,127.9,164,"Strip"
"Nexpro-RD 200mg (Batch 22)","Esomeprazole + Domperidone","Capsules","Nexpro","Bayer India",111,73.6,94.4,"Strip"
"Aciloc 10mg (Batch 22)","Ranitidine","Tablets","Aciloc","IPCA Laboratories",16,10.6,13.6,"Strip"
"Rantac SR (Batch 22)","Ranitidine","Tablets","Rantac","Alembic Pharmaceuticals",28,18.6,23.8,"Strip"
"Zinetac 250mg (Batch 22)","Ranitidine","Tablets","Zinetac","GSK Pharma",16,10.6,13.6,"Strip"
"Okacet 20mg (Batch 22)","Cetirizine","Tablets","Okacet","Abbott India",13,8.6,11,"Strip"
"Cetcip DSR (Batch 22)","Cetirizine","Tablets","Cetcip","Sun Pharmaceutical Industries",20,13.3,17,"Strip"
"Alerid 300mg (Batch 22)","Cetirizine","Tablets","Alerid","Cipla Ltd",25,16.6,21.3,"Strip"
"Teczine 40mg (Batch 22)","Levocetirizine","Tablets","Teczine","Lupin Ltd",42,27.8,35.7,"Strip"
"Lecope XL (Batch 22)","Levocetirizine","Tablets","Lecope","Mankind Pharma",63,41.8,53.6,"Strip"
"Sizloc 400mg (Batch 22)","Levocetirizine","Tablets","Sizloc","Torrent Pharmaceuticals",54,35.8,45.9,"Strip"
"Montair-LC 50mg (Batch 22)","Montelukast + Levocetirizine","Tablets","Montair","Dr. Reddy s Laboratories",221,146.6,187.9,"Strip"
"Telekast-L Duo (Batch 22)","Montelukast + Levocetirizine","Tablets","Telekast","Alkem Laboratories",174,115.4,147.9,"Strip"
"Montemac-L 500mg (Batch 22)","Montelukast + Levocetirizine","Tablets","Montemac","Glenmark Pharmaceuticals",117,77.6,99.5,"Strip"
"Montek-LC 75mg (Batch 22)","Montelukast + Levocetirizine","Tablets","Montek","Cadila Pharmaceuticals",190,126,161.5,"Strip"
"Allegra Kid (Batch 22)","Fexofenadine Hydrochloride","Tablets","Allegra","Zydus Lifesciences",223,147.8,189.5,"Strip"
"Fexo 600mg (Batch 22)","Fexofenadine Hydrochloride","Tablets","Fexo","Sanofi India",136,90.2,115.6,"Strip"
"Fexigra 80mg (Batch 22)","Fexofenadine Hydrochloride","Tablets","Fexigra","USV Private Ltd",119,78.9,101.1,"Strip"
"Avil Plus (Batch 22)","Pheniramine Maleate","Tablets","Avil","Pfizer India",10,6.6,8.5,"Strip"
"Atarax 625mg (Batch 22)","Hydroxyzine Hydrochloride","Tablets","Atarax","Micro Labs Ltd",95,63,80.8,"Strip"
"Becosules 100mg (Batch 22)","Vitamin B Complex + Vitamin C","Capsules","Becosules","Blue Cross Laboratories",48,31.8,40.8,"Strip"
"Cobadex Forte Forte (Batch 22)","Vitamin B Complex + Zinc","Capsules","Cobadex","Aristo Pharmaceuticals",33,21.9,28.1,"Strip"
"Zincovit 650mg (Batch 22)","Multivitamin + Multimineral","Tablets","Zincovit","FDC Ltd",99,65.6,84.1,"Strip"
"Revital H 150mg (Batch 22)","Multivitamins + Minerals + Ginseng","Capsules","Revital","J.B. Chemicals & Pharmaceuticals",217,143.9,184.5,"Strip"
"Limcee Orange 5mg (Batch 22)","Vitamin C (Ascorbic Acid)","Tablets","Limcee","Wockhardt Ltd",20,13.3,17,"Strip"
"Celin chewable 1g (Batch 22)","Vitamin C (Ascorbic Acid)","Tablets","Celin","Apex Laboratories",21,13.9,17.8,"Strip"
"Shelcal 200mg (Batch 22)","Calcium + Vitamin D3","Tablets","Shelcal","Intas Pharmaceuticals",116,76.9,98.6,"Strip"
"Cipcal 10mg (Batch 22)","Calcium + Vitamin D3","Tablets","Cipcal","Macleods Pharmaceuticals",99,65.6,84.1,"Strip"
"Calcirol Sachet SR (Batch 22)","Cholecalciferol (Vitamin D3)","Others","Calcirol","Hetero Healthcare",27,17.9,23,"Sachet"
"D3-Must 250mg (Batch 22)","Cholecalciferol (Vitamin D3)","Capsules","D3-Must","Biocon Ltd",39,25.9,33.2,"Strip"
"Evion 20mg (Batch 22)","Vitamin E","Capsules","Evion","AstraZeneca India",53,35.2,45.1,"Strip"
"Neurobion Forte DSR (Batch 22)","Vitamin B Complex + Methylcobalamin","Tablets","Neurobion","Bayer India",26,17.2,22.1,"Strip"
"Mecobon 300mg (Batch 22)","Methylcobalamin","Tablets","Mecobon","IPCA Laboratories",144,95.5,122.4,"Strip"
"Asthalin Respules (Batch 22)","Salbutamol","Inhalers","Asthalin","Alembic Pharmaceuticals",117,77.6,99.5,"Piece"
"Duolin Inhaler (Batch 22)","Levosalbutamol + Ipratropium Bromide","Inhalers","Duolin","GSK Pharma",240,159.1,204,"Piece"
"Budecort Respules (Batch 22)","Budesonide","Inhalers","Budecort","Abbott India",193,127.9,164,"Piece"
"Foracort Inhaler (Batch 22)","Budesonide + Formoterol Fumarate","Inhalers","Foracort","Sun Pharmaceutical Industries",276,183,234.6,"Piece"
"Benadryl Syrup 60ml Syrup (Batch 22)","Diphenhydramine + Ammonium Chloride + Sodium Citrate","Syrups","Benadryl","Cipla Ltd",124,82.2,105.4,"Bottle"
"Ascoril LS Syrup 100ml Syrup (Batch 22)","Ambroxol + Levosalbutamol + Guaiphenesin","Syrups","Ascoril","Lupin Ltd",122,80.9,103.7,"Bottle"
"Grilinctus Syrup 60ml Syrup (Batch 22)","Dextromethorphan + Chlorpheniramine","Syrups","Grilinctus","Mankind Pharma",90,59.7,76.5,"Bottle"
"Corex DX Syrup 100ml Syrup (Batch 22)","Chlorpheniramine + Dextromethorphan","Syrups","Corex","Torrent Pharmaceuticals",128,84.9,108.8,"Bottle"
"Solvin Cold Syrup 60ml Syrup (Batch 22)","Paracetamol + Phenylephrine + Chlorpheniramine","Syrups","Solvin","Dr. Reddy s Laboratories",86,57,73.1,"Bottle"
"Volini Gel Inhaler (Batch 22)","Diclofenac + Methyl Salicylate + Menthol","Others","Volini","Alkem Laboratories",49,32.5,41.7,"Piece"
"Moov Gel Respules (Batch 22)","Oil of Wintergreen + Menthol + Turpentine Oil","Others","Moov","Glenmark Pharmaceuticals",147,97.5,125,"Piece"
"Iodex Balm Respules (Batch 22)","Methyl Salicylate + Menthol + Camphor","Others","Iodex","Cadila Pharmaceuticals",85,56.4,72.3,"Piece"
"Betnovate-N Inhaler (Batch 22)","Betamethasone + Neomycin","Others","Betnovate","Zydus Lifesciences",58,38.5,49.3,"Piece"
"Betnovate-C Respules (Batch 22)","Betamethasone + Clioquinol","Others","Betnovate","Sanofi India",49,32.5,41.7,"Piece"
"Betnovate-GM Respules (Batch 22)","Betamethasone + Gentamicin + Miconazole","Others","Betnovate","USV Private Ltd",61,40.5,51.9,"Piece"
"Quadriderm RF Respules (Batch 22)","Beclomethasone + Clotrimazole + Neomycin","Others","Quadriderm","Pfizer India",87,57.7,74,"Piece"
"Panderm Super Inhaler (Batch 22)","Clobetasol + Neomycin + Miconazole","Others","Panderm","Micro Labs Ltd",70,46.4,59.5,"Piece"
"Tenovate Cream Respules (Batch 22)","Clobetasol Propionate","Others","Tenovate","Blue Cross Laboratories",78,51.7,66.3,"Piece"
"Ciplox Eye/Ear Drops Inhaler (Batch 22)","Ciprofloxacin Eye Drops","Drops","Ciplox","Aristo Pharmaceuticals",26,17.2,22.1,"Piece"
"Moxicip Eye Drops Inhaler (Batch 22)","Moxifloxacin Eye Drops","Drops","Moxicip","FDC Ltd",69,45.8,58.7,"Piece"
"Otrivin Nasal Spray Respules (Batch 22)","Xylometazoline Hydrochloride","Drops","Otrivin","J.B. Chemicals & Pharmaceuticals",72,47.7,61.2,"Piece"
"Nasoclear Drops Inhaler (Batch 22)","Sodium Chloride Nasal Solution","Drops","Nasoclear","Wockhardt Ltd",35,23.2,29.8,"Piece"
"Calpol 20mg (Batch 23)","Paracetamol","Tablets","Calpol","Apex Laboratories",28,18.6,23.8,"Strip"
"Crocin Advance DSR (Batch 23)","Paracetamol","Tablets","Crocin","Intas Pharmaceuticals",13,8.6,11,"Strip"
"Dolo 300mg (Batch 23)","Paracetamol","Tablets","Dolo","Macleods Pharmaceuticals",34,22.5,28.9,"Strip"
"Pacimol 40mg (Batch 23)","Paracetamol","Tablets","Pacimol","Hetero Healthcare",12,8,10.2,"Strip"
"Sumo L XL (Batch 23)","Paracetamol","Tablets","Sumo","Biocon Ltd",16,10.6,13.6,"Strip"
"Combiflam 400mg (Batch 23)","Ibuprofen + Paracetamol","Tablets","Combiflam","AstraZeneca India",43,28.5,36.6,"Strip"
"Flexon 50mg (Batch 23)","Ibuprofen + Paracetamol","Tablets","Flexon","Bayer India",26,17.2,22.1,"Strip"
"Ibugesic Plus Duo (Batch 23)","Ibuprofen + Paracetamol","Tablets","Ibugesic","IPCA Laboratories",22,14.6,18.7,"Strip"
"Acecloc 500mg (Batch 23)","Aceclofenac + Paracetamol","Tablets","Acecloc","Alembic Pharmaceuticals",62,41.1,52.7,"Strip"
"Zerodol-P 75mg (Batch 23)","Aceclofenac + Paracetamol","Tablets","Zerodol","GSK Pharma",90,59.7,76.5,"Strip"
"Hifenac-P Kid (Batch 23)","Aceclofenac + Paracetamol","Tablets","Hifenac","Abbott India",73,48.4,62.1,"Strip"
"Zerodol-SP 600mg (Batch 23)","Aceclofenac + Paracetamol + Serratiopeptidase","Tablets","Zerodol","Sun Pharmaceutical Industries",136,90.2,115.6,"Strip"
"Meftal-Spas 80mg (Batch 23)","Mefenamic Acid + Dicyclomine","Tablets","Meftal","Cipla Ltd",44,29.2,37.4,"Strip"
"Cyclopam Plus (Batch 23)","Dicyclomine + Paracetamol","Tablets","Cyclopam","Lupin Ltd",60,39.8,51,"Strip"
"Ultracet 625mg (Batch 23)","Tramadol + Paracetamol","Tablets","Ultracet","Mankind Pharma",195,129.3,165.8,"Strip"
"Tramazac 100mg (Batch 23)","Tramadol","Capsules","Tramazac","Torrent Pharmaceuticals",118,78.2,100.3,"Strip"
"Nise Forte (Batch 23)","Nimesulide","Tablets","Nise","Dr. Reddy s Laboratories",81,53.7,68.9,"Strip"
"Nimulid 650mg (Batch 23)","Nimesulide","Tablets","Nimulid","Alkem Laboratories",69,45.8,58.7,"Strip"
"Amox 150mg (Batch 23)","Amoxicillin","Capsules","Amox","Glenmark Pharmaceuticals",62,41.1,52.7,"Strip"
"Amoxil 5mg (Batch 23)","Amoxicillin","Capsules","Amoxil","Cadila Pharmaceuticals",40,26.5,34,"Strip"
"Mox 1g (Batch 23)","Amoxicillin","Capsules","Mox","Zydus Lifesciences",61,40.5,51.9,"Strip"
"Novamox 200mg (Batch 23)","Amoxicillin","Capsules","Novamox","Sanofi India",60,39.8,51,"Strip"
"Clavam 10mg (Batch 23)","Amoxicillin + Potassium Clavulanate","Tablets","Clavam","USV Private Ltd",159,105.5,135.2,"Strip"
"Augmentin SR (Batch 23)","Amoxicillin + Potassium Clavulanate","Tablets","Augmentin","Pfizer India",222,147.2,188.7,"Strip"
"Moxikind-CV 250mg (Batch 23)","Amoxicillin + Potassium Clavulanate","Tablets","Moxikind","Micro Labs Ltd",185,122.7,157.3,"Strip"
"Advent 20mg (Batch 23)","Amoxicillin + Potassium Clavulanate","Tablets","Advent","Blue Cross Laboratories",123,81.6,104.6,"Strip"
"Azee DSR (Batch 23)","Azithromycin","Tablets","Azee","Aristo Pharmaceuticals",71,47.1,60.4,"Strip"
"Azithral 300mg (Batch 23)","Azithromycin","Tablets","Azithral","FDC Ltd",74,49.1,62.9,"Strip"
"Azax 40mg (Batch 23)","Azithromycin","Tablets","Azax","J.B. Chemicals & Pharmaceuticals",132,87.5,112.2,"Strip"
"Zifi XL (Batch 23)","Cefixime","Tablets","Zifi","Wockhardt Ltd",80,53,68,"Strip"
"Taxim-O 400mg (Batch 23)","Cefixime","Tablets","Taxim-O","Apex Laboratories",103,68.3,87.6,"Strip"
"Cefolac 50mg (Batch 23)","Cefixime","Tablets","Cefolac","Intas Pharmaceuticals",116,76.9,98.6,"Strip"
"Milixim Duo (Batch 23)","Cefixime","Tablets","Milixim","Macleods Pharmaceuticals",116,76.9,98.6,"Strip"
"Gepod 500mg (Batch 23)","Cefpodoxime Proxetil","Tablets","Gepod","Hetero Healthcare",152,100.8,129.2,"Strip"
"Monocef-O 75mg (Batch 23)","Cefpodoxime Proxetil","Tablets","Monocef-O","Biocon Ltd",145,96.2,123.3,"Strip"
"Macpod Kid (Batch 23)","Cefpodoxime Proxetil","Tablets","Macpod","AstraZeneca India",118,78.2,100.3,"Strip"
"Oflomac 600mg (Batch 23)","Ofloxacin","Tablets","Oflomac","Bayer India",61,40.5,51.9,"Strip"
"Oframax 80mg (Batch 23)","Ofloxacin","Tablets","Oframax","IPCA Laboratories",64,42.4,54.4,"Strip"
"Oflotas Plus (Batch 23)","Ofloxacin","Tablets","Oflotas","Alembic Pharmaceuticals",70,46.4,59.5,"Strip"
"Oflomac-OZ 625mg (Batch 23)","Ofloxacin + Ornidazole","Tablets","Oflomac","GSK Pharma",75,49.8,63.8,"Strip"
"Zenflox-OZ 100mg (Batch 23)","Ofloxacin + Ornidazole","Tablets","Zenflox","Abbott India",98,65,83.3,"Strip"
"Norflox Forte (Batch 23)","Norfloxacin","Tablets","Norflox","Sun Pharmaceutical Industries",51,33.9,43.4,"Strip"
"Norflox-TZ 650mg (Batch 23)","Norfloxacin + Tinidazole","Tablets","Norflox","Cipla Ltd",109,72.2,92.6,"Strip"
"Ciplox 150mg (Batch 23)","Ciprofloxacin","Tablets","Ciplox","Lupin Ltd",47,31.1,39.9,"Strip"
"Ciprobid 5mg (Batch 23)","Ciprofloxacin","Tablets","Ciprobid","Mankind Pharma",41,27.2,34.9,"Strip"
"Atorva 1g (Batch 23)","Atorvastatin","Tablets","Atorva","Torrent Pharmaceuticals",63,41.8,53.6,"Strip"
"Lipitor 200mg (Batch 23)","Atorvastatin","Tablets","Lipitor","Dr. Reddy s Laboratories",201,133.3,170.9,"Strip"
"Lipikind 10mg (Batch 23)","Atorvastatin","Tablets","Lipikind","Alkem Laboratories",39,25.9,33.2,"Strip"
"Tonact SR (Batch 23)","Atorvastatin","Tablets","Tonact","Glenmark Pharmaceuticals",77,51.1,65.5,"Strip"
"Rosuvas 250mg (Batch 23)","Rosuvastatin","Tablets","Rosuvas","Cadila Pharmaceuticals",210,139.2,178.5,"Strip"
"Rosyn 20mg (Batch 23)","Rosuvastatin","Tablets","Rosyn","Zydus Lifesciences",123,81.6,104.6,"Strip"
"Roseday DSR (Batch 23)","Rosuvastatin","Tablets","Roseday","Sanofi India",246,163.1,209.1,"Strip"
"Crevast 300mg (Batch 23)","Rosuvastatin","Tablets","Crevast","USV Private Ltd",224,148.5,190.4,"Strip"
"Telma 40mg (Batch 23)","Telmisartan","Tablets","Telma","Pfizer India",137,90.9,116.5,"Strip"
"Telvas XL (Batch 23)","Telmisartan","Tablets","Telvas","Micro Labs Ltd",53,35.2,45.1,"Strip"
"Telsar 400mg (Batch 23)","Telmisartan","Tablets","Telsar","Blue Cross Laboratories",58,38.5,49.3,"Strip"
"Telma-H 50mg (Batch 23)","Telmisartan + Hydrochlorothiazide","Tablets","Telma","Aristo Pharmaceuticals",106,70.3,90.1,"Strip"
"Telvas-H Duo (Batch 23)","Telmisartan + Hydrochlorothiazide","Tablets","Telvas","FDC Ltd",149,98.8,126.7,"Strip"
"Amlokind 500mg (Batch 23)","Amlodipine","Tablets","Amlokind","J.B. Chemicals & Pharmaceuticals",19,12.6,16.2,"Strip"
"Amlosafe 75mg (Batch 23)","Amlodipine","Tablets","Amlosafe","Wockhardt Ltd",35,23.2,29.8,"Strip"
"Amlovas Kid (Batch 23)","Amlodipine","Tablets","Amlovas","Apex Laboratories",31,20.6,26.4,"Strip"
"Cilacar 600mg (Batch 23)","Cilnidipine","Tablets","Cilacar","Intas Pharmaceuticals",76,50.4,64.6,"Strip"
"Cilnidac 80mg (Batch 23)","Cilnidipine","Tablets","Cilnidac","Macleods Pharmaceuticals",89,59,75.6,"Strip"
"Concor Plus (Batch 23)","Bisoprolol Fumarate","Tablets","Concor","Hetero Healthcare",72,47.7,61.2,"Strip"
"Starpress 625mg (Batch 23)","Metoprolol Succinate","Tablets","Starpress","Biocon Ltd",100,66.3,85,"Strip"
"Metolar 100mg (Batch 23)","Metoprolol Tartrate","Tablets","Metolar","AstraZeneca India",113,75,96.1,"Strip"
"Glycomet Forte (Batch 23)","Metformin Hydrochloride","Tablets","Glycomet","Bayer India",26,17.2,22.1,"Strip"
"Metformin SR 650mg (Batch 23)","Metformin Hydrochloride","Tablets","Metformin","IPCA Laboratories",36,23.9,30.6,"Strip"
"Glycomet GP 150mg (Batch 23)","Glimepiride + Metformin","Tablets","Glycomet GP","Alembic Pharmaceuticals",107,71,91,"Strip"
"Amaryl M 5mg (Batch 23)","Glimepiride + Metformin","Tablets","Amaryl","GSK Pharma",80,53,68,"Strip"
"Glimisave M 1g (Batch 23)","Glimepiride + Metformin","Tablets","Glimisave","Abbott India",78,51.7,66.3,"Strip"
"Jalra-M 200mg (Batch 23)","Vildagliptin + Metformin","Tablets","Jalra-M","Sun Pharmaceutical Industries",216,143.2,183.6,"Strip"
"Galvus Met 10mg (Batch 23)","Vildagliptin + Metformin","Tablets","Galvus","Cipla Ltd",359,238.1,305.2,"Strip"
"Ziten M SR (Batch 23)","Teneligliptin + Metformin","Tablets","Ziten","Lupin Ltd",112,74.3,95.2,"Strip"
"Dynaglipt M 250mg (Batch 23)","Teneligliptin + Metformin","Tablets","Dynaglipt","Mankind Pharma",100,66.3,85,"Strip"
"Voglistar 20mg (Batch 23)","Voglibose","Tablets","Voglistar","Torrent Pharmaceuticals",88,58.3,74.8,"Strip"
"Volibo DSR (Batch 23)","Voglibose","Tablets","Volibo","Dr. Reddy s Laboratories",71,47.1,60.4,"Strip"
"Pantocid 300mg (Batch 23)","Pantoprazole","Tablets","Pantocid","Alkem Laboratories",134,88.8,113.9,"Strip"
"Pan 40mg (Batch 23)","Pantoprazole","Tablets","Pan","Glenmark Pharmaceuticals",157,104.1,133.5,"Strip"
"Pantodac XL (Batch 23)","Pantoprazole","Tablets","Pantodac","Cadila Pharmaceuticals",135,89.5,114.8,"Strip"
"Pan-D 400mg (Batch 23)","Pantoprazole + Domperidone","Capsules","Pan-D","Zydus Lifesciences",223,147.8,189.5,"Strip"
"Pantocid-DSR 50mg (Batch 23)","Pantoprazole + Domperidone","Capsules","Pantocid","Sanofi India",146,96.8,124.1,"Strip"
"Pantosec-DSR Duo (Batch 23)","Pantoprazole + Domperidone","Capsules","Pantosec","USV Private Ltd",134,88.8,113.9,"Strip"
"Omez 500mg (Batch 23)","Omeprazole","Capsules","Omez","Pfizer India",62,41.1,52.7,"Strip"
"Omecip 75mg (Batch 23)","Omeprazole","Capsules","Omecip","Micro Labs Ltd",25,16.6,21.3,"Strip"
"Omez-D Kid (Batch 23)","Omeprazole + Domperidone","Capsules","Omez","Blue Cross Laboratories",103,68.3,87.6,"Strip"
"Rabicip 600mg (Batch 23)","Rabeprazole","Tablets","Rabicip","Aristo Pharmaceuticals",76,50.4,64.6,"Strip"
"Rabeloc 80mg (Batch 23)","Rabeprazole","Tablets","Rabeloc","FDC Ltd",84,55.7,71.4,"Strip"
"Rabicip-DSR Plus (Batch 23)","Rabeprazole + Domperidone","Capsules","Rabicip","J.B. Chemicals & Pharmaceuticals",202,133.9,171.7,"Strip"
"Razo-DSR 625mg (Batch 23)","Rabeprazole + Domperidone","Capsules","Razo","Wockhardt Ltd",110,72.9,93.5,"Strip"
"Sompraz 100mg (Batch 23)","Esomeprazole","Tablets","Sompraz","Apex Laboratories",88,58.3,74.8,"Strip"
"Nexpro Forte (Batch 23)","Esomeprazole","Tablets","Nexpro","Intas Pharmaceuticals",151,100.2,128.4,"Strip"
"Sompraz-DSR 650mg (Batch 23)","Esomeprazole + Domperidone","Capsules","Sompraz","Macleods Pharmaceuticals",154,102.1,130.9,"Strip"
"Nexpro-RD 150mg (Batch 23)","Esomeprazole + Domperidone","Capsules","Nexpro","Hetero Healthcare",147,97.5,125,"Strip"
"Aciloc 5mg (Batch 23)","Ranitidine","Tablets","Aciloc","Biocon Ltd",37,24.6,31.5,"Strip"
"Rantac 1g (Batch 23)","Ranitidine","Tablets","Rantac","AstraZeneca India",19,12.6,16.2,"Strip"
"Zinetac 200mg (Batch 23)","Ranitidine","Tablets","Zinetac","Bayer India",23,15.3,19.6,"Strip"
"Okacet 10mg (Batch 23)","Cetirizine","Tablets","Okacet","IPCA Laboratories",24,15.9,20.4,"Strip"
"Cetcip SR (Batch 23)","Cetirizine","Tablets","Cetcip","Alembic Pharmaceuticals",23,15.3,19.6,"Strip"
"Alerid 250mg (Batch 23)","Cetirizine","Tablets","Alerid","GSK Pharma",22,14.6,18.7,"Strip"
"Teczine 20mg (Batch 23)","Levocetirizine","Tablets","Teczine","Abbott India",63,41.8,53.6,"Strip"
"Lecope DSR (Batch 23)","Levocetirizine","Tablets","Lecope","Sun Pharmaceutical Industries",54,35.8,45.9,"Strip"
"Sizloc 300mg (Batch 23)","Levocetirizine","Tablets","Sizloc","Cipla Ltd",33,21.9,28.1,"Strip"
"Montair-LC 40mg (Batch 23)","Montelukast + Levocetirizine","Tablets","Montair","Lupin Ltd",182,120.7,154.7,"Strip"
"Telekast-L XL (Batch 23)","Montelukast + Levocetirizine","Tablets","Telekast","Mankind Pharma",215,142.6,182.8,"Strip"
"Montemac-L 400mg (Batch 23)","Montelukast + Levocetirizine","Tablets","Montemac","Torrent Pharmaceuticals",128,84.9,108.8,"Strip"
"Montek-LC 50mg (Batch 23)","Montelukast + Levocetirizine","Tablets","Montek","Dr. Reddy s Laboratories",146,96.8,124.1,"Strip"
"Allegra Duo (Batch 23)","Fexofenadine Hydrochloride","Tablets","Allegra","Alkem Laboratories",214,141.9,181.9,"Strip"
"Fexo 500mg (Batch 23)","Fexofenadine Hydrochloride","Tablets","Fexo","Glenmark Pharmaceuticals",157,104.1,133.5,"Strip"
"Fexigra 75mg (Batch 23)","Fexofenadine Hydrochloride","Tablets","Fexigra","Cadila Pharmaceuticals",130,86.2,110.5,"Strip"
"Avil Kid (Batch 23)","Pheniramine Maleate","Tablets","Avil","Zydus Lifesciences",11,7.3,9.4,"Strip"
"Atarax 600mg (Batch 23)","Hydroxyzine Hydrochloride","Tablets","Atarax","Sanofi India",86,57,73.1,"Strip"
"Becosules 80mg (Batch 23)","Vitamin B Complex + Vitamin C","Capsules","Becosules","USV Private Ltd",34,22.5,28.9,"Strip"
"Cobadex Forte Plus (Batch 23)","Vitamin B Complex + Zinc","Capsules","Cobadex","Pfizer India",24,15.9,20.4,"Strip"
"Zincovit 625mg (Batch 23)","Multivitamin + Multimineral","Tablets","Zincovit","Micro Labs Ltd",90,59.7,76.5,"Strip"
"Revital H 100mg (Batch 23)","Multivitamins + Minerals + Ginseng","Capsules","Revital","Blue Cross Laboratories",328,217.5,278.8,"Strip"
"Limcee Orange Forte (Batch 23)","Vitamin C (Ascorbic Acid)","Tablets","Limcee","Aristo Pharmaceuticals",26,17.2,22.1,"Strip"
"Celin chewable 650mg (Batch 23)","Vitamin C (Ascorbic Acid)","Tablets","Celin","FDC Ltd",27,17.9,23,"Strip"
"Shelcal 150mg (Batch 23)","Calcium + Vitamin D3","Tablets","Shelcal","J.B. Chemicals & Pharmaceuticals",137,90.9,116.5,"Strip"
"Cipcal 5mg (Batch 23)","Calcium + Vitamin D3","Tablets","Cipcal","Wockhardt Ltd",90,59.7,76.5,"Strip"
"Calcirol Sachet 1g (Batch 23)","Cholecalciferol (Vitamin D3)","Others","Calcirol","Apex Laboratories",38,25.2,32.3,"Sachet"
"D3-Must 200mg (Batch 23)","Cholecalciferol (Vitamin D3)","Capsules","D3-Must","Intas Pharmaceuticals",25,16.6,21.3,"Strip"
"Evion 10mg (Batch 23)","Vitamin E","Capsules","Evion","Macleods Pharmaceuticals",44,29.2,37.4,"Strip"
"Neurobion Forte SR (Batch 23)","Vitamin B Complex + Methylcobalamin","Tablets","Neurobion","Hetero Healthcare",37,24.6,31.5,"Strip"
"Mecobon 250mg (Batch 23)","Methylcobalamin","Tablets","Mecobon","Biocon Ltd",135,89.5,114.8,"Strip"
"Asthalin Inhaler (Batch 23)","Salbutamol","Inhalers","Asthalin","AstraZeneca India",128,84.9,108.8,"Piece"
"Duolin Inhaler (Batch 23)","Levosalbutamol + Ipratropium Bromide","Inhalers","Duolin","Bayer India",261,173.1,221.9,"Piece"
"Budecort Inhaler (Batch 23)","Budesonide","Inhalers","Budecort","IPCA Laboratories",184,122,156.4,"Piece"
"Foracort Respules (Batch 23)","Budesonide + Formoterol Fumarate","Inhalers","Foracort","Alembic Pharmaceuticals",237,157.2,201.5,"Piece"
"Benadryl Syrup 100ml Syrup (Batch 23)","Diphenhydramine + Ammonium Chloride + Sodium Citrate","Syrups","Benadryl","GSK Pharma",115,76.3,97.8,"Bottle"
"Ascoril LS Syrup 60ml Syrup (Batch 23)","Ambroxol + Levosalbutamol + Guaiphenesin","Syrups","Ascoril","Abbott India",133,88.2,113.1,"Bottle"
"Grilinctus Syrup 100ml Syrup (Batch 23)","Dextromethorphan + Chlorpheniramine","Syrups","Grilinctus","Sun Pharmaceutical Industries",111,73.6,94.4,"Bottle"
"Corex DX Syrup 60ml Syrup (Batch 23)","Chlorpheniramine + Dextromethorphan","Syrups","Corex","Cipla Ltd",114,75.6,96.9,"Bottle"
"Solvin Cold Syrup 100ml Syrup (Batch 23)","Paracetamol + Phenylephrine + Chlorpheniramine","Syrups","Solvin","Lupin Ltd",72,47.7,61.2,"Bottle"
"Volini Gel Respules (Batch 23)","Diclofenac + Methyl Salicylate + Menthol","Others","Volini","Mankind Pharma",90,59.7,76.5,"Piece"
"Moov Gel Respules (Batch 23)","Oil of Wintergreen + Menthol + Turpentine Oil","Others","Moov","Torrent Pharmaceuticals",58,38.5,49.3,"Piece"
"Iodex Balm Inhaler (Batch 23)","Methyl Salicylate + Menthol + Camphor","Others","Iodex","Dr. Reddy s Laboratories",76,50.4,64.6,"Piece"
"Betnovate-N Respules (Batch 23)","Betamethasone + Neomycin","Others","Betnovate","Alkem Laboratories",44,29.2,37.4,"Piece"
"Betnovate-C Inhaler (Batch 23)","Betamethasone + Clioquinol","Others","Betnovate","Glenmark Pharmaceuticals",60,39.8,51,"Piece"
"Betnovate-GM Respules (Batch 23)","Betamethasone + Gentamicin + Miconazole","Others","Betnovate","Cadila Pharmaceuticals",52,34.5,44.2,"Piece"
"Quadriderm RF Respules (Batch 23)","Beclomethasone + Clotrimazole + Neomycin","Others","Quadriderm","Zydus Lifesciences",78,51.7,66.3,"Piece"
"Panderm Super Inhaler (Batch 23)","Clobetasol + Neomycin + Miconazole","Others","Panderm","Sanofi India",91,60.4,77.4,"Piece"
"Tenovate Cream Inhaler (Batch 23)","Clobetasol Propionate","Others","Tenovate","USV Private Ltd",64,42.4,54.4,"Piece"
"Ciplox Eye/Ear Drops Respules (Batch 23)","Ciprofloxacin Eye Drops","Drops","Ciplox","Pfizer India",17,11.3,14.5,"Piece"
"Moxicip Eye Drops Inhaler (Batch 23)","Moxifloxacin Eye Drops","Drops","Moxicip","Micro Labs Ltd",55,36.5,46.8,"Piece"
"Otrivin Nasal Spray Respules (Batch 23)","Xylometazoline Hydrochloride","Drops","Otrivin","Blue Cross Laboratories",103,68.3,87.6,"Piece"
"Nasoclear Drops Inhaler (Batch 23)","Sodium Chloride Nasal Solution","Drops","Nasoclear","Aristo Pharmaceuticals",46,30.5,39.1,"Piece"
"Calpol 10mg (Batch 24)","Paracetamol","Tablets","Calpol","FDC Ltd",19,12.6,16.2,"Strip"
"Crocin Advance SR (Batch 24)","Paracetamol","Tablets","Crocin","J.B. Chemicals & Pharmaceuticals",19,12.6,16.2,"Strip"
"Dolo 250mg (Batch 24)","Paracetamol","Tablets","Dolo","Wockhardt Ltd",25,16.6,21.3,"Strip"
"Pacimol 20mg (Batch 24)","Paracetamol","Tablets","Pacimol","Apex Laboratories",13,8.6,11,"Strip"
"Sumo L DSR (Batch 24)","Paracetamol","Tablets","Sumo","Intas Pharmaceuticals",19,12.6,16.2,"Strip"
"Combiflam 300mg (Batch 24)","Ibuprofen + Paracetamol","Tablets","Combiflam","Macleods Pharmaceuticals",29,19.3,24.7,"Strip"
"Flexon 40mg (Batch 24)","Ibuprofen + Paracetamol","Tablets","Flexon","Hetero Healthcare",32,21.2,27.2,"Strip"
"Ibugesic Plus XL (Batch 24)","Ibuprofen + Paracetamol","Tablets","Ibugesic","Biocon Ltd",28,18.6,23.8,"Strip"
"Acecloc 400mg (Batch 24)","Aceclofenac + Paracetamol","Tablets","Acecloc","AstraZeneca India",53,35.2,45.1,"Strip"
"Zerodol-P 50mg (Batch 24)","Aceclofenac + Paracetamol","Tablets","Zerodol","Bayer India",81,53.7,68.9,"Strip"
"Hifenac-P Duo (Batch 24)","Aceclofenac + Paracetamol","Tablets","Hifenac","IPCA Laboratories",59,39.2,50.2,"Strip"
"Zerodol-SP 500mg (Batch 24)","Aceclofenac + Paracetamol + Serratiopeptidase","Tablets","Zerodol","Alembic Pharmaceuticals",97,64.4,82.5,"Strip"
"Meftal-Spas 75mg (Batch 24)","Mefenamic Acid + Dicyclomine","Tablets","Meftal","GSK Pharma",35,23.2,29.8,"Strip"
"Cyclopam Kid (Batch 24)","Dicyclomine + Paracetamol","Tablets","Cyclopam","Abbott India",46,30.5,39.1,"Strip"
"Ultracet 600mg (Batch 24)","Tramadol + Paracetamol","Tablets","Ultracet","Sun Pharmaceutical Industries",216,143.2,183.6,"Strip"
"Tramazac 80mg (Batch 24)","Tramadol","Capsules","Tramazac","Cipla Ltd",79,52.3,67.1,"Strip"
"Nise Plus (Batch 24)","Nimesulide","Tablets","Nise","Lupin Ltd",102,67.6,86.7,"Strip"
"Nimulid 625mg (Batch 24)","Nimesulide","Tablets","Nimulid","Mankind Pharma",60,39.8,51,"Strip"
"Amox 100mg (Batch 24)","Amoxicillin","Capsules","Amox","Torrent Pharmaceuticals",53,35.2,45.1,"Strip"
"Amoxil Forte (Batch 24)","Amoxicillin","Capsules","Amoxil","Dr. Reddy s Laboratories",51,33.9,43.4,"Strip"
"Mox 650mg (Batch 24)","Amoxicillin","Capsules","Mox","Alkem Laboratories",82,54.4,69.7,"Strip"
"Novamox 150mg (Batch 24)","Amoxicillin","Capsules","Novamox","Glenmark Pharmaceuticals",51,33.9,43.4,"Strip"
"Clavam 5mg (Batch 24)","Amoxicillin + Potassium Clavulanate","Tablets","Clavam","Cadila Pharmaceuticals",170,112.7,144.5,"Strip"
"Augmentin 1g (Batch 24)","Amoxicillin + Potassium Clavulanate","Tablets","Augmentin","Zydus Lifesciences",213,141.2,181,"Strip"
"Moxikind-CV 200mg (Batch 24)","Amoxicillin + Potassium Clavulanate","Tablets","Moxikind","Sanofi India",116,76.9,98.6,"Strip"
"Advent 10mg (Batch 24)","Amoxicillin + Potassium Clavulanate","Tablets","Advent","USV Private Ltd",134,88.8,113.9,"Strip"
"Azee SR (Batch 24)","Azithromycin","Tablets","Azee","Pfizer India",92,61,78.2,"Strip"
"Azithral 250mg (Batch 24)","Azithromycin","Tablets","Azithral","Micro Labs Ltd",85,56.4,72.3,"Strip"
"Azax 20mg (Batch 24)","Azithromycin","Tablets","Azax","Blue Cross Laboratories",123,81.6,104.6,"Strip"
"Zifi DSR (Batch 24)","Cefixime","Tablets","Zifi","Aristo Pharmaceuticals",116,76.9,98.6,"Strip"
"Taxim-O 300mg (Batch 24)","Cefixime","Tablets","Taxim-O","FDC Ltd",94,62.3,79.9,"Strip"
"Cefolac 40mg (Batch 24)","Cefixime","Tablets","Cefolac","J.B. Chemicals & Pharmaceuticals",137,90.9,116.5,"Strip"
"Milixim XL (Batch 24)","Cefixime","Tablets","Milixim","Wockhardt Ltd",77,51.1,65.5,"Strip"
"Gepod 400mg (Batch 24)","Cefpodoxime Proxetil","Tablets","Gepod","Apex Laboratories",143,94.8,121.6,"Strip"
"Monocef-O 50mg (Batch 24)","Cefpodoxime Proxetil","Tablets","Monocef-O","Intas Pharmaceuticals",166,110.1,141.1,"Strip"
"Macpod Duo (Batch 24)","Cefpodoxime Proxetil","Tablets","Macpod","Macleods Pharmaceuticals",189,125.3,160.7,"Strip"
"Oflomac 500mg (Batch 24)","Ofloxacin","Tablets","Oflomac","Hetero Healthcare",52,34.5,44.2,"Strip"
"Oframax 75mg (Batch 24)","Ofloxacin","Tablets","Oframax","Biocon Ltd",85,56.4,72.3,"Strip"
"Oflotas Kid (Batch 24)","Ofloxacin","Tablets","Oflotas","AstraZeneca India",56,37.1,47.6,"Strip"
"Oflomac-OZ 600mg (Batch 24)","Ofloxacin + Ornidazole","Tablets","Oflomac","Bayer India",126,83.5,107.1,"Strip"
"Zenflox-OZ 80mg (Batch 24)","Ofloxacin + Ornidazole","Tablets","Zenflox","IPCA Laboratories",124,82.2,105.4,"Strip"
"Norflox Plus (Batch 24)","Norfloxacin","Tablets","Norflox","Alembic Pharmaceuticals",72,47.7,61.2,"Strip"
"Norflox-TZ 625mg (Batch 24)","Norfloxacin + Tinidazole","Tablets","Norflox","GSK Pharma",85,56.4,72.3,"Strip"
"Ciplox 100mg (Batch 24)","Ciprofloxacin","Tablets","Ciplox","Abbott India",38,25.2,32.3,"Strip"
"Ciprobid Forte (Batch 24)","Ciprofloxacin","Tablets","Ciprobid","Sun Pharmaceutical Industries",32,21.2,27.2,"Strip"
"Atorva 650mg (Batch 24)","Atorvastatin","Tablets","Atorva","Cipla Ltd",54,35.8,45.9,"Strip"
"Lipitor 150mg (Batch 24)","Atorvastatin","Tablets","Lipitor","Lupin Ltd",362,240,307.7,"Strip"
"Lipikind 5mg (Batch 24)","Atorvastatin","Tablets","Lipikind","Mankind Pharma",110,72.9,93.5,"Strip"
"Tonact 1g (Batch 24)","Atorvastatin","Tablets","Tonact","Torrent Pharmaceuticals",118,78.2,100.3,"Strip"
"Rosuvas 200mg (Batch 24)","Rosuvastatin","Tablets","Rosuvas","Dr. Reddy s Laboratories",141,93.5,119.9,"Strip"
"Rosyn 10mg (Batch 24)","Rosuvastatin","Tablets","Rosyn","Alkem Laboratories",84,55.7,71.4,"Strip"
"Roseday SR (Batch 24)","Rosuvastatin","Tablets","Roseday","Glenmark Pharmaceuticals",257,170.4,218.5,"Strip"
"Crevast 250mg (Batch 24)","Rosuvastatin","Tablets","Crevast","Cadila Pharmaceuticals",215,142.6,182.8,"Strip"
"Telma 20mg (Batch 24)","Telmisartan","Tablets","Telma","Zydus Lifesciences",68,45.1,57.8,"Strip"
"Telvas DSR (Batch 24)","Telmisartan","Tablets","Telvas","Sanofi India",74,49.1,62.9,"Strip"
"Telsar 300mg (Batch 24)","Telmisartan","Tablets","Telsar","USV Private Ltd",69,45.8,58.7,"Strip"
"Telma-H 40mg (Batch 24)","Telmisartan + Hydrochlorothiazide","Tablets","Telma","Pfizer India",97,64.4,82.5,"Strip"
"Telvas-H XL (Batch 24)","Telmisartan + Hydrochlorothiazide","Tablets","Telvas","Micro Labs Ltd",60,39.8,51,"Strip"
"Amlokind 400mg (Batch 24)","Amlodipine","Tablets","Amlokind","Blue Cross Laboratories",30,19.9,25.5,"Strip"
"Amlosafe 50mg (Batch 24)","Amlodipine","Tablets","Amlosafe","Aristo Pharmaceuticals",26,17.2,22.1,"Strip"
"Amlovas Duo (Batch 24)","Amlodipine","Tablets","Amlovas","FDC Ltd",38,25.2,32.3,"Strip"
"Cilacar 500mg (Batch 24)","Cilnidipine","Tablets","Cilacar","J.B. Chemicals & Pharmaceuticals",97,64.4,82.5,"Strip"
"Cilnidac 75mg (Batch 24)","Cilnidipine","Tablets","Cilnidac","Wockhardt Ltd",80,53,68,"Strip"
"Concor Kid (Batch 24)","Bisoprolol Fumarate","Tablets","Concor","Apex Laboratories",63,41.8,53.6,"Strip"
"Starpress 600mg (Batch 24)","Metoprolol Succinate","Tablets","Starpress","Intas Pharmaceuticals",121,80.3,102.9,"Strip"
"Metolar 80mg (Batch 24)","Metoprolol Tartrate","Tablets","Metolar","Macleods Pharmaceuticals",104,69,88.4,"Strip"
"Glycomet Plus (Batch 24)","Metformin Hydrochloride","Tablets","Glycomet","Hetero Healthcare",47,31.1,39.9,"Strip"
"Metformin SR 625mg (Batch 24)","Metformin Hydrochloride","Tablets","Metformin","Biocon Ltd",22,14.6,18.7,"Strip"
"Glycomet GP 100mg (Batch 24)","Glimepiride + Metformin","Tablets","Glycomet GP","AstraZeneca India",148,98.1,125.8,"Strip"
"Amaryl M Forte (Batch 24)","Glimepiride + Metformin","Tablets","Amaryl","Bayer India",191,126.7,162.4,"Strip"
"Glimisave M 650mg (Batch 24)","Glimepiride + Metformin","Tablets","Glimisave","IPCA Laboratories",99,65.6,84.1,"Strip"
"Jalra-M 150mg (Batch 24)","Vildagliptin + Metformin","Tablets","Jalra-M","Alembic Pharmaceuticals",327,216.8,278,"Strip"
"Galvus Met 5mg (Batch 24)","Vildagliptin + Metformin","Tablets","Galvus","GSK Pharma",270,179,229.5,"Strip"
"Ziten M 1g (Batch 24)","Teneligliptin + Metformin","Tablets","Ziten","Abbott India",153,101.4,130,"Strip"
"Dynaglipt M 200mg (Batch 24)","Teneligliptin + Metformin","Tablets","Dynaglipt","Sun Pharmaceutical Industries",111,73.6,94.4,"Strip"
"Voglistar 10mg (Batch 24)","Voglibose","Tablets","Voglistar","Cipla Ltd",79,52.3,67.1,"Strip"
"Volibo SR (Batch 24)","Voglibose","Tablets","Volibo","Lupin Ltd",97,64.4,82.5,"Strip"
"Pantocid 250mg (Batch 24)","Pantoprazole","Tablets","Pantocid","Mankind Pharma",65,43.1,55.3,"Strip"
"Pan 20mg (Batch 24)","Pantoprazole","Tablets","Pan","Torrent Pharmaceuticals",148,98.1,125.8,"Strip"
"Pantodac DSR (Batch 24)","Pantoprazole","Tablets","Pantodac","Dr. Reddy s Laboratories",146,96.8,124.1,"Strip"
"Pan-D 300mg (Batch 24)","Pantoprazole + Domperidone","Capsules","Pan-D","Alkem Laboratories",214,141.9,181.9,"Strip"
"Pantocid-DSR 40mg (Batch 24)","Pantoprazole + Domperidone","Capsules","Pantocid","Glenmark Pharmaceuticals",237,157.2,201.5,"Strip"
"Pantosec-DSR XL (Batch 24)","Pantoprazole + Domperidone","Capsules","Pantosec","Cadila Pharmaceuticals",175,116.1,148.8,"Strip"
"Omez 400mg (Batch 24)","Omeprazole","Capsules","Omez","Zydus Lifesciences",73,48.4,62.1,"Strip"
"Omecip 50mg (Batch 24)","Omeprazole","Capsules","Omecip","Sanofi India",46,30.5,39.1,"Strip"
"Omez-D Duo (Batch 24)","Omeprazole + Domperidone","Capsules","Omez","USV Private Ltd",124,82.2,105.4,"Strip"
"Rabicip 500mg (Batch 24)","Rabeprazole","Tablets","Rabicip","Pfizer India",67,44.5,57,"Strip"
"Rabeloc 75mg (Batch 24)","Rabeprazole","Tablets","Rabeloc","Micro Labs Ltd",125,82.9,106.3,"Strip"
"Rabicip-DSR Kid (Batch 24)","Rabeprazole + Domperidone","Capsules","Rabicip","Blue Cross Laboratories",133,88.2,113.1,"Strip"
"Razo-DSR 600mg (Batch 24)","Rabeprazole + Domperidone","Capsules","Razo","Aristo Pharmaceuticals",201,133.3,170.9,"Strip"
"Sompraz 80mg (Batch 24)","Esomeprazole","Tablets","Sompraz","FDC Ltd",129,85.6,109.7,"Strip"
"Nexpro Plus (Batch 24)","Esomeprazole","Tablets","Nexpro","J.B. Chemicals & Pharmaceuticals",67,44.5,57,"Strip"
"Sompraz-DSR 625mg (Batch 24)","Esomeprazole + Domperidone","Capsules","Sompraz","Wockhardt Ltd",115,76.3,97.8,"Strip"
"Nexpro-RD 100mg (Batch 24)","Esomeprazole + Domperidone","Capsules","Nexpro","Apex Laboratories",183,121.3,155.5,"Strip"
"Aciloc Forte (Batch 24)","Ranitidine","Tablets","Aciloc","Intas Pharmaceuticals",28,18.6,23.8,"Strip"
"Rantac 650mg (Batch 24)","Ranitidine","Tablets","Rantac","Macleods Pharmaceuticals",42,27.8,35.7,"Strip"
"Zinetac 150mg (Batch 24)","Ranitidine","Tablets","Zinetac","Hetero Healthcare",30,19.9,25.5,"Strip"
"Okacet 5mg (Batch 24)","Cetirizine","Tablets","Okacet","Biocon Ltd",15,10,12.8,"Strip"
"Cetcip 1g (Batch 24)","Cetirizine","Tablets","Cetcip","AstraZeneca India",26,17.2,22.1,"Strip"
"Alerid 200mg (Batch 24)","Cetirizine","Tablets","Alerid","Bayer India",19,12.6,16.2,"Strip"
"Teczine 10mg (Batch 24)","Levocetirizine","Tablets","Teczine","IPCA Laboratories",39,25.9,33.2,"Strip"
"Lecope SR (Batch 24)","Levocetirizine","Tablets","Lecope","Alembic Pharmaceuticals",45,29.9,38.3,"Strip"
"Sizloc 250mg (Batch 24)","Levocetirizine","Tablets","Sizloc","GSK Pharma",54,35.8,45.9,"Strip"
"Montair-LC 20mg (Batch 24)","Montelukast + Levocetirizine","Tablets","Montair","Abbott India",143,94.8,121.6,"Strip"
"Telekast-L DSR (Batch 24)","Montelukast + Levocetirizine","Tablets","Telekast","Sun Pharmaceutical Industries",146,96.8,124.1,"Strip"
"Montemac-L 300mg (Batch 24)","Montelukast + Levocetirizine","Tablets","Montemac","Cipla Ltd",139,92.2,118.2,"Strip"
"Montek-LC 40mg (Batch 24)","Montelukast + Levocetirizine","Tablets","Montek","Lupin Ltd",217,143.9,184.5,"Strip"
"Allegra XL (Batch 24)","Fexofenadine Hydrochloride","Tablets","Allegra","Mankind Pharma",205,136,174.3,"Strip"
"Fexo 400mg (Batch 24)","Fexofenadine Hydrochloride","Tablets","Fexo","Torrent Pharmaceuticals",88,58.3,74.8,"Strip"
"Fexigra 50mg (Batch 24)","Fexofenadine Hydrochloride","Tablets","Fexigra","Dr. Reddy s Laboratories",141,93.5,119.9,"Strip"
"Avil Duo (Batch 24)","Pheniramine Maleate","Tablets","Avil","Alkem Laboratories",12,8,10.2,"Strip"
"Atarax 500mg (Batch 24)","Hydroxyzine Hydrochloride","Tablets","Atarax","Glenmark Pharmaceuticals",77,51.1,65.5,"Strip"
"Becosules 75mg (Batch 24)","Vitamin B Complex + Vitamin C","Capsules","Becosules","Cadila Pharmaceuticals",45,29.9,38.3,"Strip"
"Cobadex Forte Kid (Batch 24)","Vitamin B Complex + Zinc","Capsules","Cobadex","Zydus Lifesciences",35,23.2,29.8,"Strip"
"Zincovit 600mg (Batch 24)","Multivitamin + Multimineral","Tablets","Zincovit","Sanofi India",81,53.7,68.9,"Strip"
"Revital H 80mg (Batch 24)","Multivitamins + Minerals + Ginseng","Capsules","Revital","USV Private Ltd",289,191.6,245.7,"Strip"
"Limcee Orange Plus (Batch 24)","Vitamin C (Ascorbic Acid)","Tablets","Limcee","Pfizer India",17,11.3,14.5,"Strip"
"Celin chewable 625mg (Batch 24)","Vitamin C (Ascorbic Acid)","Tablets","Celin","Micro Labs Ltd",18,11.9,15.3,"Strip"
"Shelcal 100mg (Batch 24)","Calcium + Vitamin D3","Tablets","Shelcal","Blue Cross Laboratories",88,58.3,74.8,"Strip"
"Cipcal Forte (Batch 24)","Calcium + Vitamin D3","Tablets","Cipcal","Aristo Pharmaceuticals",81,53.7,68.9,"Strip"
"Calcirol Sachet 650mg (Batch 24)","Cholecalciferol (Vitamin D3)","Others","Calcirol","FDC Ltd",29,19.3,24.7,"Sachet"
"D3-Must 150mg (Batch 24)","Cholecalciferol (Vitamin D3)","Capsules","D3-Must","J.B. Chemicals & Pharmaceuticals",36,23.9,30.6,"Strip"
"Evion 5mg (Batch 24)","Vitamin E","Capsules","Evion","Wockhardt Ltd",35,23.2,29.8,"Strip"
"Neurobion Forte 1g (Batch 24)","Vitamin B Complex + Methylcobalamin","Tablets","Neurobion","Apex Laboratories",28,18.6,23.8,"Strip"
"Mecobon 200mg (Batch 24)","Methylcobalamin","Tablets","Mecobon","Intas Pharmaceuticals",126,83.5,107.1,"Strip"
"Asthalin Respules (Batch 24)","Salbutamol","Inhalers","Asthalin","Macleods Pharmaceuticals",139,92.2,118.2,"Piece"
"Duolin Inhaler (Batch 24)","Levosalbutamol + Ipratropium Bromide","Inhalers","Duolin","Hetero Healthcare",282,187,239.7,"Piece"
"Budecort Inhaler (Batch 24)","Budesonide","Inhalers","Budecort","Biocon Ltd",295,195.6,250.8,"Piece"
"Foracort Respules (Batch 24)","Budesonide + Formoterol Fumarate","Inhalers","Foracort","AstraZeneca India",348,230.7,295.8,"Piece"
"Benadryl Syrup 60ml Syrup (Batch 24)","Diphenhydramine + Ammonium Chloride + Sodium Citrate","Syrups","Benadryl","Bayer India",106,70.3,90.1,"Bottle"
"Ascoril LS Syrup 100ml Syrup (Batch 24)","Ambroxol + Levosalbutamol + Guaiphenesin","Syrups","Ascoril","IPCA Laboratories",94,62.3,79.9,"Bottle"
"Grilinctus Syrup 60ml Syrup (Batch 24)","Dextromethorphan + Chlorpheniramine","Syrups","Grilinctus","Alembic Pharmaceuticals",87,57.7,74,"Bottle"
"Corex DX Syrup 100ml Syrup (Batch 24)","Chlorpheniramine + Dextromethorphan","Syrups","Corex","GSK Pharma",100,66.3,85,"Bottle"
"Solvin Cold Syrup 60ml Syrup (Batch 24)","Paracetamol + Phenylephrine + Chlorpheniramine","Syrups","Solvin","Abbott India",93,61.7,79.1,"Bottle"
"Volini Gel Inhaler (Batch 24)","Diclofenac + Methyl Salicylate + Menthol","Others","Volini","Sun Pharmaceutical Industries",131,86.9,111.4,"Piece"
"Moov Gel Respules (Batch 24)","Oil of Wintergreen + Menthol + Turpentine Oil","Others","Moov","Cipla Ltd",69,45.8,58.7,"Piece"
"Iodex Balm Respules (Batch 24)","Methyl Salicylate + Menthol + Camphor","Others","Iodex","Lupin Ltd",67,44.5,57,"Piece"
"Betnovate-N Inhaler (Batch 24)","Betamethasone + Neomycin","Others","Betnovate","Mankind Pharma",55,36.5,46.8,"Piece"
"Betnovate-C Respules (Batch 24)","Betamethasone + Clioquinol","Others","Betnovate","Torrent Pharmaceuticals",46,30.5,39.1,"Piece"
"Betnovate-GM Respules (Batch 24)","Betamethasone + Gentamicin + Miconazole","Others","Betnovate","Dr. Reddy s Laboratories",43,28.5,36.6,"Piece"
"Quadriderm RF Inhaler (Batch 24)","Beclomethasone + Clotrimazole + Neomycin","Others","Quadriderm","Alkem Laboratories",69,45.8,58.7,"Piece"
"Panderm Super Respules (Batch 24)","Clobetasol + Neomycin + Miconazole","Others","Panderm","Glenmark Pharmaceuticals",112,74.3,95.2,"Piece"
"Tenovate Cream Respules (Batch 24)","Clobetasol Propionate","Others","Tenovate","Cadila Pharmaceuticals",50,33.2,42.5,"Piece"
"Ciplox Eye/Ear Drops Inhaler (Batch 24)","Ciprofloxacin Eye Drops","Drops","Ciplox","Zydus Lifesciences",23,15.3,19.6,"Piece"
"Moxicip Eye Drops Respules (Batch 24)","Moxifloxacin Eye Drops","Drops","Moxicip","Sanofi India",76,50.4,64.6,"Piece"
"Otrivin Nasal Spray Respules (Batch 24)","Xylometazoline Hydrochloride","Drops","Otrivin","USV Private Ltd",94,62.3,79.9,"Piece"
"Nasoclear Drops Inhaler (Batch 24)","Sodium Chloride Nasal Solution","Drops","Nasoclear","Pfizer India",37,24.6,31.5,"Piece"
"Calpol 5mg (Batch 25)","Paracetamol","Tablets","Calpol","Micro Labs Ltd",30,19.9,25.5,"Strip"
"Crocin Advance 1g (Batch 25)","Paracetamol","Tablets","Crocin","Blue Cross Laboratories",25,16.6,21.3,"Strip"
"Dolo 200mg (Batch 25)","Paracetamol","Tablets","Dolo","Aristo Pharmaceuticals",31,20.6,26.4,"Strip"
"Pacimol 10mg (Batch 25)","Paracetamol","Tablets","Pacimol","FDC Ltd",14,9.3,11.9,"Strip"
"Sumo L SR (Batch 25)","Paracetamol","Tablets","Sumo","J.B. Chemicals & Pharmaceuticals",22,14.6,18.7,"Strip"
"Combiflam 250mg (Batch 25)","Ibuprofen + Paracetamol","Tablets","Combiflam","Wockhardt Ltd",40,26.5,34,"Strip"
"Flexon 20mg (Batch 25)","Ibuprofen + Paracetamol","Tablets","Flexon","Apex Laboratories",23,15.3,19.6,"Strip"
"Ibugesic Plus DSR (Batch 25)","Ibuprofen + Paracetamol","Tablets","Ibugesic","Intas Pharmaceuticals",19,12.6,16.2,"Strip"
"Acecloc 300mg (Batch 25)","Aceclofenac + Paracetamol","Tablets","Acecloc","Macleods Pharmaceuticals",84,55.7,71.4,"Strip"
"Zerodol-P 40mg (Batch 25)","Aceclofenac + Paracetamol","Tablets","Zerodol","Hetero Healthcare",72,47.7,61.2,"Strip"
"Hifenac-P XL (Batch 25)","Aceclofenac + Paracetamol","Tablets","Hifenac","Biocon Ltd",80,53,68,"Strip"
"Zerodol-SP 400mg (Batch 25)","Aceclofenac + Paracetamol + Serratiopeptidase","Tablets","Zerodol","AstraZeneca India",108,71.6,91.8,"Strip"
"Meftal-Spas 50mg (Batch 25)","Mefenamic Acid + Dicyclomine","Tablets","Meftal","Bayer India",46,30.5,39.1,"Strip"
"Cyclopam Duo (Batch 25)","Dicyclomine + Paracetamol","Tablets","Cyclopam","IPCA Laboratories",57,37.8,48.4,"Strip"
"Ultracet 500mg (Batch 25)","Tramadol + Paracetamol","Tablets","Ultracet","Alembic Pharmaceuticals",237,157.2,201.5,"Strip"
"Tramazac 75mg (Batch 25)","Tramadol","Capsules","Tramazac","GSK Pharma",90,59.7,76.5,"Strip"
"Nise Kid (Batch 25)","Nimesulide","Tablets","Nise","Abbott India",78,51.7,66.3,"Strip"
"Nimulid 600mg (Batch 25)","Nimesulide","Tablets","Nimulid","Sun Pharmaceutical Industries",91,60.4,77.4,"Strip"
"Amox 80mg (Batch 25)","Amoxicillin","Capsules","Amox","Cipla Ltd",44,29.2,37.4,"Strip"
"Amoxil Plus (Batch 25)","Amoxicillin","Capsules","Amoxil","Lupin Ltd",62,41.1,52.7,"Strip"
"Mox 625mg (Batch 25)","Amoxicillin","Capsules","Mox","Mankind Pharma",58,38.5,49.3,"Strip"
"Novamox 100mg (Batch 25)","Amoxicillin","Capsules","Novamox","Torrent Pharmaceuticals",42,27.8,35.7,"Strip"
"Clavam Forte (Batch 25)","Amoxicillin + Potassium Clavulanate","Tablets","Clavam","Dr. Reddy s Laboratories",181,120,153.9,"Strip"
"Augmentin 650mg (Batch 25)","Amoxicillin + Potassium Clavulanate","Tablets","Augmentin","Alkem Laboratories",204,135.3,173.4,"Strip"
"Moxikind-CV 150mg (Batch 25)","Amoxicillin + Potassium Clavulanate","Tablets","Moxikind","Glenmark Pharmaceuticals",137,90.9,116.5,"Strip"
"Advent 5mg (Batch 25)","Amoxicillin + Potassium Clavulanate","Tablets","Advent","Cadila Pharmaceuticals",145,96.2,123.3,"Strip"
"Azee 1g (Batch 25)","Azithromycin","Tablets","Azee","Zydus Lifesciences",113,75,96.1,"Strip"
"Azithral 200mg (Batch 25)","Azithromycin","Tablets","Azithral","Sanofi India",96,63.6,81.6,"Strip"
"Azax 10mg (Batch 25)","Azithromycin","Tablets","Azax","USV Private Ltd",114,75.6,96.9,"Strip"
"Zifi SR (Batch 25)","Cefixime","Tablets","Zifi","Pfizer India",77,51.1,65.5,"Strip"
"Taxim-O 250mg (Batch 25)","Cefixime","Tablets","Taxim-O","Micro Labs Ltd",85,56.4,72.3,"Strip"
"Cefolac 20mg (Batch 25)","Cefixime","Tablets","Cefolac","Blue Cross Laboratories",88,58.3,74.8,"Strip"
"Milixim DSR (Batch 25)","Cefixime","Tablets","Milixim","Aristo Pharmaceuticals",113,75,96.1,"Strip"
"Gepod 300mg (Batch 25)","Cefpodoxime Proxetil","Tablets","Gepod","FDC Ltd",134,88.8,113.9,"Strip"
"Monocef-O 40mg (Batch 25)","Cefpodoxime Proxetil","Tablets","Monocef-O","J.B. Chemicals & Pharmaceuticals",187,124,159,"Strip"
"Macpod XL (Batch 25)","Cefpodoxime Proxetil","Tablets","Macpod","Wockhardt Ltd",180,119.3,153,"Strip"
"Oflomac 400mg (Batch 25)","Ofloxacin","Tablets","Oflomac","Apex Laboratories",43,28.5,36.6,"Strip"
"Oframax 50mg (Batch 25)","Ofloxacin","Tablets","Oframax","Intas Pharmaceuticals",61,40.5,51.9,"Strip"
"Oflotas Duo (Batch 25)","Ofloxacin","Tablets","Oflotas","Macleods Pharmaceuticals",42,27.8,35.7,"Strip"
"Oflomac-OZ 500mg (Batch 25)","Ofloxacin + Ornidazole","Tablets","Oflomac","Hetero Healthcare",117,77.6,99.5,"Strip"
"Zenflox-OZ 75mg (Batch 25)","Ofloxacin + Ornidazole","Tablets","Zenflox","Biocon Ltd",85,56.4,72.3,"Strip"
"Norflox Kid (Batch 25)","Norfloxacin","Tablets","Norflox","AstraZeneca India",58,38.5,49.3,"Strip"
"Norflox-TZ 600mg (Batch 25)","Norfloxacin + Tinidazole","Tablets","Norflox","Bayer India",106,70.3,90.1,"Strip"
"Ciplox 80mg (Batch 25)","Ciprofloxacin","Tablets","Ciplox","IPCA Laboratories",29,19.3,24.7,"Strip"
"Ciprobid Plus (Batch 25)","Ciprofloxacin","Tablets","Ciprobid","Alembic Pharmaceuticals",55,36.5,46.8,"Strip"
"Atorva 625mg (Batch 25)","Atorvastatin","Tablets","Atorva","GSK Pharma",45,29.9,38.3,"Strip"
"Lipitor 100mg (Batch 25)","Atorvastatin","Tablets","Lipitor","Abbott India",273,181,232.1,"Strip"
"Lipikind Forte (Batch 25)","Atorvastatin","Tablets","Lipikind","Sun Pharmaceutical Industries",101,67,85.9,"Strip"
"Tonact 650mg (Batch 25)","Atorvastatin","Tablets","Tonact","Cipla Ltd",159,105.5,135.2,"Strip"
"Rosuvas 150mg (Batch 25)","Rosuvastatin","Tablets","Rosuvas","Lupin Ltd",252,167.1,214.2,"Strip"
"Rosyn 5mg (Batch 25)","Rosuvastatin","Tablets","Rosyn","Mankind Pharma",195,129.3,165.8,"Strip"
"Roseday 1g (Batch 25)","Rosuvastatin","Tablets","Roseday","Torrent Pharmaceuticals",268,177.7,227.8,"Strip"
"Crevast 200mg (Batch 25)","Rosuvastatin","Tablets","Crevast","Dr. Reddy s Laboratories",206,136.6,175.1,"Strip"
"Telma 10mg (Batch 25)","Telmisartan","Tablets","Telma","Alkem Laboratories",109,72.2,92.6,"Strip"
"Telvas SR (Batch 25)","Telmisartan","Tablets","Telvas","Glenmark Pharmaceuticals",95,63,80.8,"Strip"
"Telsar 250mg (Batch 25)","Telmisartan","Tablets","Telsar","Cadila Pharmaceuticals",80,53,68,"Strip"
"Telma-H 20mg (Batch 25)","Telmisartan + Hydrochlorothiazide","Tablets","Telma","Zydus Lifesciences",88,58.3,74.8,"Strip"
"Telvas-H DSR (Batch 25)","Telmisartan + Hydrochlorothiazide","Tablets","Telvas","Sanofi India",71,47.1,60.4,"Strip"
"Amlokind 300mg (Batch 25)","Amlodipine","Tablets","Amlokind","USV Private Ltd",16,10.6,13.6,"Strip"
"Amlosafe 40mg (Batch 25)","Amlodipine","Tablets","Amlosafe","Pfizer India",17,11.3,14.5,"Strip"
"Amlovas XL (Batch 25)","Amlodipine","Tablets","Amlovas","Micro Labs Ltd",17,11.3,14.5,"Strip"
"Cilacar 400mg (Batch 25)","Cilnidipine","Tablets","Cilacar","Blue Cross Laboratories",118,78.2,100.3,"Strip"
"Cilnidac 50mg (Batch 25)","Cilnidipine","Tablets","Cilnidac","Aristo Pharmaceuticals",71,47.1,60.4,"Strip"
"Concor Duo (Batch 25)","Bisoprolol Fumarate","Tablets","Concor","FDC Ltd",174,115.4,147.9,"Strip"
"Starpress 500mg (Batch 25)","Metoprolol Succinate","Tablets","Starpress","J.B. Chemicals & Pharmaceuticals",52,34.5,44.2,"Strip"
"Metolar 75mg (Batch 25)","Metoprolol Tartrate","Tablets","Metolar","Wockhardt Ltd",95,63,80.8,"Strip"
"Glycomet Kid (Batch 25)","Metformin Hydrochloride","Tablets","Glycomet","Apex Laboratories",33,21.9,28.1,"Strip"
"Metformin SR 600mg (Batch 25)","Metformin Hydrochloride","Tablets","Metformin","Intas Pharmaceuticals",33,21.9,28.1,"Strip"
"Glycomet GP 80mg (Batch 25)","Glimepiride + Metformin","Tablets","Glycomet GP","Macleods Pharmaceuticals",79,52.3,67.1,"Strip"
"Amaryl M Plus (Batch 25)","Glimepiride + Metformin","Tablets","Amaryl","Hetero Healthcare",152,100.8,129.2,"Strip"
"Glimisave M 625mg (Batch 25)","Glimepiride + Metformin","Tablets","Glimisave","Biocon Ltd",120,79.6,102,"Strip"
"Jalra-M 100mg (Batch 25)","Vildagliptin + Metformin","Tablets","Jalra-M","AstraZeneca India",258,171.1,219.3,"Strip"
"Galvus Met Forte (Batch 25)","Vildagliptin + Metformin","Tablets","Galvus","Bayer India",431,285.7,366.3,"Strip"
"Ziten M 650mg (Batch 25)","Teneligliptin + Metformin","Tablets","Ziten","IPCA Laboratories",194,128.6,164.9,"Strip"
"Dynaglipt M 150mg (Batch 25)","Teneligliptin + Metformin","Tablets","Dynaglipt","Alembic Pharmaceuticals",122,80.9,103.7,"Strip"
"Voglistar 5mg (Batch 25)","Voglibose","Tablets","Voglistar","GSK Pharma",70,46.4,59.5,"Strip"
"Volibo 1g (Batch 25)","Voglibose","Tablets","Volibo","Abbott India",58,38.5,49.3,"Strip"
"Pantocid 200mg (Batch 25)","Pantoprazole","Tablets","Pantocid","Sun Pharmaceutical Industries",106,70.3,90.1,"Strip"
"Pan 10mg (Batch 25)","Pantoprazole","Tablets","Pan","Cipla Ltd",139,92.2,118.2,"Strip"
"Pantodac SR (Batch 25)","Pantoprazole","Tablets","Pantodac","Lupin Ltd",57,37.8,48.4,"Strip"
"Pan-D 250mg (Batch 25)","Pantoprazole + Domperidone","Capsules","Pan-D","Mankind Pharma",205,136,174.3,"Strip"
"Pantocid-DSR 20mg (Batch 25)","Pantoprazole + Domperidone","Capsules","Pantocid","Torrent Pharmaceuticals",198,131.3,168.3,"Strip"
"Pantosec-DSR DSR (Batch 25)","Pantoprazole + Domperidone","Capsules","Pantosec","Dr. Reddy s Laboratories",106,70.3,90.1,"Strip"
"Omez 300mg (Batch 25)","Omeprazole","Capsules","Omez","Alkem Laboratories",34,22.5,28.9,"Strip"
"Omecip 40mg (Batch 25)","Omeprazole","Capsules","Omecip","Glenmark Pharmaceuticals",67,44.5,57,"Strip"
"Omez-D XL (Batch 25)","Omeprazole + Domperidone","Capsules","Omez","Cadila Pharmaceuticals",75,49.8,63.8,"Strip"
"Rabicip 400mg (Batch 25)","Rabeprazole","Tablets","Rabicip","Zydus Lifesciences",58,38.5,49.3,"Strip"
"Rabeloc 50mg (Batch 25)","Rabeprazole","Tablets","Rabeloc","Sanofi India",81,53.7,68.9,"Strip"
"Rabicip-DSR Duo (Batch 25)","Rabeprazole + Domperidone","Capsules","Rabicip","USV Private Ltd",174,115.4,147.9,"Strip"
"Razo-DSR 500mg (Batch 25)","Rabeprazole + Domperidone","Capsules","Razo","Pfizer India",162,107.4,137.7,"Strip"
"Sompraz 75mg (Batch 25)","Esomeprazole","Tablets","Sompraz","Micro Labs Ltd",170,112.7,144.5,"Strip"
"Nexpro Kid (Batch 25)","Esomeprazole","Tablets","Nexpro","Blue Cross Laboratories",88,58.3,74.8,"Strip"
"Sompraz-DSR 600mg (Batch 25)","Esomeprazole + Domperidone","Capsules","Sompraz","Aristo Pharmaceuticals",206,136.6,175.1,"Strip"
"Nexpro-RD 80mg (Batch 25)","Esomeprazole + Domperidone","Capsules","Nexpro","FDC Ltd",219,145.2,186.2,"Strip"
"Aciloc Plus (Batch 25)","Ranitidine","Tablets","Aciloc","J.B. Chemicals & Pharmaceuticals",19,12.6,16.2,"Strip"
"Rantac 625mg (Batch 25)","Ranitidine","Tablets","Rantac","Wockhardt Ltd",33,21.9,28.1,"Strip"
"Zinetac 100mg (Batch 25)","Ranitidine","Tablets","Zinetac","Apex Laboratories",37,24.6,31.5,"Strip"
"Okacet Forte (Batch 25)","Cetirizine","Tablets","Okacet","Intas Pharmaceuticals",26,17.2,22.1,"Strip"
"Cetcip 650mg (Batch 25)","Cetirizine","Tablets","Cetcip","Macleods Pharmaceuticals",29,19.3,24.7,"Strip"
"Alerid 150mg (Batch 25)","Cetirizine","Tablets","Alerid","Hetero Healthcare",16,10.6,13.6,"Strip"
"Teczine 5mg (Batch 25)","Levocetirizine","Tablets","Teczine","Biocon Ltd",60,39.8,51,"Strip"
"Lecope 1g (Batch 25)","Levocetirizine","Tablets","Lecope","AstraZeneca India",36,23.9,30.6,"Strip"
"Sizloc 200mg (Batch 25)","Levocetirizine","Tablets","Sizloc","Bayer India",33,21.9,28.1,"Strip"
"Montair-LC 10mg (Batch 25)","Montelukast + Levocetirizine","Tablets","Montair","IPCA Laboratories",234,155.1,198.9,"Strip"
"Telekast-L SR (Batch 25)","Montelukast + Levocetirizine","Tablets","Telekast","Alembic Pharmaceuticals",187,124,159,"Strip"
"Montemac-L 250mg (Batch 25)","Montelukast + Levocetirizine","Tablets","Montemac","GSK Pharma",150,99.5,127.5,"Strip"
"Montek-LC 20mg (Batch 25)","Montelukast + Levocetirizine","Tablets","Montek","Abbott India",173,114.7,147,"Strip"
"Allegra DSR (Batch 25)","Fexofenadine Hydrochloride","Tablets","Allegra","Sun Pharmaceutical Industries",196,129.9,166.6,"Strip"
"Fexo 300mg (Batch 25)","Fexofenadine Hydrochloride","Tablets","Fexo","Cipla Ltd",109,72.2,92.6,"Strip"
"Fexigra 40mg (Batch 25)","Fexofenadine Hydrochloride","Tablets","Fexigra","Lupin Ltd",152,100.8,129.2,"Strip"
"Avil XL (Batch 25)","Pheniramine Maleate","Tablets","Avil","Mankind Pharma",13,8.6,11,"Strip"
"Atarax 400mg (Batch 25)","Hydroxyzine Hydrochloride","Tablets","Atarax","Torrent Pharmaceuticals",68,45.1,57.8,"Strip"
"Becosules 50mg (Batch 25)","Vitamin B Complex + Vitamin C","Capsules","Becosules","Dr. Reddy s Laboratories",31,20.6,26.4,"Strip"
"Cobadex Forte Duo (Batch 25)","Vitamin B Complex + Zinc","Capsules","Cobadex","Alkem Laboratories",26,17.2,22.1,"Strip"
"Zincovit 500mg (Batch 25)","Multivitamin + Multimineral","Tablets","Zincovit","Glenmark Pharmaceuticals",132,87.5,112.2,"Strip"
"Revital H 75mg (Batch 25)","Multivitamins + Minerals + Ginseng","Capsules","Revital","Cadila Pharmaceuticals",250,165.8,212.5,"Strip"
"Limcee Orange Kid (Batch 25)","Vitamin C (Ascorbic Acid)","Tablets","Limcee","Zydus Lifesciences",23,15.3,19.6,"Strip"
"Celin chewable 600mg (Batch 25)","Vitamin C (Ascorbic Acid)","Tablets","Celin","Sanofi India",24,15.9,20.4,"Strip"
"Shelcal 80mg (Batch 25)","Calcium + Vitamin D3","Tablets","Shelcal","USV Private Ltd",109,72.2,92.6,"Strip"
"Cipcal Plus (Batch 25)","Calcium + Vitamin D3","Tablets","Cipcal","Pfizer India",72,47.7,61.2,"Strip"
"Calcirol Sachet 625mg (Batch 25)","Cholecalciferol (Vitamin D3)","Others","Calcirol","Micro Labs Ltd",40,26.5,34,"Sachet"
"D3-Must 100mg (Batch 25)","Cholecalciferol (Vitamin D3)","Capsules","D3-Must","Blue Cross Laboratories",47,31.1,39.9,"Strip"
"Evion Forte (Batch 25)","Vitamin E","Capsules","Evion","Aristo Pharmaceuticals",26,17.2,22.1,"Strip"
"Neurobion Forte 650mg (Batch 25)","Vitamin B Complex + Methylcobalamin","Tablets","Neurobion","FDC Ltd",39,25.9,33.2,"Strip"
"Mecobon 150mg (Batch 25)","Methylcobalamin","Tablets","Mecobon","J.B. Chemicals & Pharmaceuticals",117,77.6,99.5,"Strip"
"Asthalin Respules (Batch 25)","Salbutamol","Inhalers","Asthalin","Wockhardt Ltd",100,66.3,85,"Piece"
"Duolin Respules (Batch 25)","Levosalbutamol + Ipratropium Bromide","Inhalers","Duolin","Apex Laboratories",213,141.2,181,"Piece"
"Budecort Respules (Batch 25)","Budesonide","Inhalers","Budecort","Intas Pharmaceuticals",286,189.6,243.1,"Piece"
"Foracort Respules (Batch 25)","Budesonide + Formoterol Fumarate","Inhalers","Foracort","Macleods Pharmaceuticals",309,204.9,262.7,"Piece"
"Benadryl Syrup 100ml Syrup (Batch 25)","Diphenhydramine + Ammonium Chloride + Sodium Citrate","Syrups","Benadryl","Hetero Healthcare",97,64.4,82.5,"Bottle"
"Ascoril LS Syrup 60ml Syrup (Batch 25)","Ambroxol + Levosalbutamol + Guaiphenesin","Syrups","Ascoril","Biocon Ltd",105,69.7,89.3,"Bottle"
"Grilinctus Syrup 100ml Syrup (Batch 25)","Dextromethorphan + Chlorpheniramine","Syrups","Grilinctus","AstraZeneca India",108,71.6,91.8,"Bottle"
"Corex DX Syrup 60ml Syrup (Batch 25)","Chlorpheniramine + Dextromethorphan","Syrups","Corex","Bayer India",141,93.5,119.9,"Bottle"
"Solvin Cold Syrup 100ml Syrup (Batch 25)","Paracetamol + Phenylephrine + Chlorpheniramine","Syrups","Solvin","IPCA Laboratories",79,52.3,67.1,"Bottle"
"Volini Gel Respules (Batch 25)","Diclofenac + Methyl Salicylate + Menthol","Others","Volini","Alembic Pharmaceuticals",62,41.1,52.7,"Piece"
"Moov Gel Inhaler (Batch 25)","Oil of Wintergreen + Menthol + Turpentine Oil","Others","Moov","GSK Pharma",80,53,68,"Piece"
"Iodex Balm Respules (Batch 25)","Methyl Salicylate + Menthol + Camphor","Others","Iodex","Abbott India",58,38.5,49.3,"Piece"
"Betnovate-N Respules (Batch 25)","Betamethasone + Neomycin","Others","Betnovate","Sun Pharmaceutical Industries",41,27.2,34.9,"Piece"
"Betnovate-C Inhaler (Batch 25)","Betamethasone + Clioquinol","Others","Betnovate","Cipla Ltd",57,37.8,48.4,"Piece"
"Betnovate-GM Inhaler (Batch 25)","Betamethasone + Gentamicin + Miconazole","Others","Betnovate","Lupin Ltd",64,42.4,54.4,"Piece"
"Quadriderm RF Inhaler (Batch 25)","Beclomethasone + Clotrimazole + Neomycin","Others","Quadriderm","Mankind Pharma",100,66.3,85,"Piece"
"Panderm Super Respules (Batch 25)","Clobetasol + Neomycin + Miconazole","Others","Panderm","Torrent Pharmaceuticals",88,58.3,74.8,"Piece"
"Tenovate Cream Inhaler (Batch 25)","Clobetasol Propionate","Others","Tenovate","Dr. Reddy s Laboratories",71,47.1,60.4,"Piece"
"Ciplox Eye/Ear Drops Inhaler (Batch 25)","Ciprofloxacin Eye Drops","Drops","Ciplox","Alkem Laboratories",29,19.3,24.7,"Piece"
"Moxicip Eye Drops Respules (Batch 25)","Moxifloxacin Eye Drops","Drops","Moxicip","Glenmark Pharmaceuticals",62,41.1,52.7,"Piece"
"Otrivin Nasal Spray Inhaler (Batch 25)","Xylometazoline Hydrochloride","Drops","Otrivin","Cadila Pharmaceuticals",85,56.4,72.3,"Piece"
"Nasoclear Drops Respules (Batch 25)","Sodium Chloride Nasal Solution","Drops","Nasoclear","Zydus Lifesciences",48,31.8,40.8,"Piece"
"Calpol Forte (Batch 26)","Paracetamol","Tablets","Calpol","Sanofi India",21,13.9,17.8,"Strip"
"Crocin Advance 650mg (Batch 26)","Paracetamol","Tablets","Crocin","USV Private Ltd",16,10.6,13.6,"Strip"
"Dolo 150mg (Batch 26)","Paracetamol","Tablets","Dolo","Pfizer India",22,14.6,18.7,"Strip"
"Pacimol 5mg (Batch 26)","Paracetamol","Tablets","Pacimol","Micro Labs Ltd",15,10,12.8,"Strip"
"Sumo L 1g (Batch 26)","Paracetamol","Tablets","Sumo","Blue Cross Laboratories",25,16.6,21.3,"Strip"
"Combiflam 200mg (Batch 26)","Ibuprofen + Paracetamol","Tablets","Combiflam","Aristo Pharmaceuticals",26,17.2,22.1,"Strip"
"Flexon 10mg (Batch 26)","Ibuprofen + Paracetamol","Tablets","Flexon","FDC Ltd",29,19.3,24.7,"Strip"
"Ibugesic Plus SR (Batch 26)","Ibuprofen + Paracetamol","Tablets","Ibugesic","J.B. Chemicals & Pharmaceuticals",25,16.6,21.3,"Strip"
"Acecloc 250mg (Batch 26)","Aceclofenac + Paracetamol","Tablets","Acecloc","Wockhardt Ltd",75,49.8,63.8,"Strip"
"Zerodol-P 20mg (Batch 26)","Aceclofenac + Paracetamol","Tablets","Zerodol","Apex Laboratories",63,41.8,53.6,"Strip"
"Hifenac-P DSR (Batch 26)","Aceclofenac + Paracetamol","Tablets","Hifenac","Intas Pharmaceuticals",66,43.8,56.1,"Strip"
"Zerodol-SP 300mg (Batch 26)","Aceclofenac + Paracetamol + Serratiopeptidase","Tablets","Zerodol","Macleods Pharmaceuticals",119,78.9,101.1,"Strip"
"Meftal-Spas 40mg (Batch 26)","Mefenamic Acid + Dicyclomine","Tablets","Meftal","Hetero Healthcare",37,24.6,31.5,"Strip"
"Cyclopam XL (Batch 26)","Dicyclomine + Paracetamol","Tablets","Cyclopam","Biocon Ltd",43,28.5,36.6,"Strip"
"Ultracet 400mg (Batch 26)","Tramadol + Paracetamol","Tablets","Ultracet","AstraZeneca India",168,111.4,142.8,"Strip"
"Tramazac 50mg (Batch 26)","Tramadol","Capsules","Tramazac","Bayer India",101,67,85.9,"Strip"
"Nise Duo (Batch 26)","Nimesulide","Tablets","Nise","IPCA Laboratories",99,65.6,84.1,"Strip"
"Nimulid 500mg (Batch 26)","Nimesulide","Tablets","Nimulid","Alembic Pharmaceuticals",82,54.4,69.7,"Strip"
"Amox 75mg (Batch 26)","Amoxicillin","Capsules","Amox","GSK Pharma",35,23.2,29.8,"Strip"
"Amoxil Kid (Batch 26)","Amoxicillin","Capsules","Amoxil","Abbott India",73,48.4,62.1,"Strip"
"Mox 600mg (Batch 26)","Amoxicillin","Capsules","Mox","Sun Pharmaceutical Industries",79,52.3,67.1,"Strip"
"Novamox 80mg (Batch 26)","Amoxicillin","Capsules","Novamox","Cipla Ltd",81,53.7,68.9,"Strip"
"Clavam Plus (Batch 26)","Amoxicillin + Potassium Clavulanate","Tablets","Clavam","Lupin Ltd",192,127.3,163.2,"Strip"
"Augmentin 625mg (Batch 26)","Amoxicillin + Potassium Clavulanate","Tablets","Augmentin","Mankind Pharma",195,129.3,165.8,"Strip"
"Moxikind-CV 100mg (Batch 26)","Amoxicillin + Potassium Clavulanate","Tablets","Moxikind","Torrent Pharmaceuticals",158,104.8,134.3,"Strip"
"Advent Forte (Batch 26)","Amoxicillin + Potassium Clavulanate","Tablets","Advent","Dr. Reddy s Laboratories",156,103.4,132.6,"Strip"
"Azee 650mg (Batch 26)","Azithromycin","Tablets","Azee","Alkem Laboratories",134,88.8,113.9,"Strip"
"Azithral 150mg (Batch 26)","Azithromycin","Tablets","Azithral","Glenmark Pharmaceuticals",107,71,91,"Strip"
"Azax 5mg (Batch 26)","Azithromycin","Tablets","Azax","Cadila Pharmaceuticals",105,69.7,89.3,"Strip"
"Zifi 1g (Batch 26)","Cefixime","Tablets","Zifi","Zydus Lifesciences",113,75,96.1,"Strip"
"Taxim-O 200mg (Batch 26)","Cefixime","Tablets","Taxim-O","Sanofi India",156,103.4,132.6,"Strip"
"Cefolac 10mg (Batch 26)","Cefixime","Tablets","Cefolac","USV Private Ltd",109,72.2,92.6,"Strip"
"Milixim SR (Batch 26)","Cefixime","Tablets","Milixim","Pfizer India",74,49.1,62.9,"Strip"
"Gepod 250mg (Batch 26)","Cefpodoxime Proxetil","Tablets","Gepod","Micro Labs Ltd",125,82.9,106.3,"Strip"
"Monocef-O 20mg (Batch 26)","Cefpodoxime Proxetil","Tablets","Monocef-O","Blue Cross Laboratories",208,137.9,176.8,"Strip"
"Macpod DSR (Batch 26)","Cefpodoxime Proxetil","Tablets","Macpod","Aristo Pharmaceuticals",171,113.4,145.4,"Strip"
"Oflomac 300mg (Batch 26)","Ofloxacin","Tablets","Oflomac","FDC Ltd",74,49.1,62.9,"Strip"
"Oframax 40mg (Batch 26)","Ofloxacin","Tablets","Oframax","J.B. Chemicals & Pharmaceuticals",82,54.4,69.7,"Strip"
"Oflotas XL (Batch 26)","Ofloxacin","Tablets","Oflotas","Wockhardt Ltd",63,41.8,53.6,"Strip"
"Oflomac-OZ 400mg (Batch 26)","Ofloxacin + Ornidazole","Tablets","Oflomac","Apex Laboratories",108,71.6,91.8,"Strip"
"Zenflox-OZ 50mg (Batch 26)","Ofloxacin + Ornidazole","Tablets","Zenflox","Intas Pharmaceuticals",111,73.6,94.4,"Strip"
"Norflox Duo (Batch 26)","Norfloxacin","Tablets","Norflox","Macleods Pharmaceuticals",79,52.3,67.1,"Strip"
"Norflox-TZ 500mg (Batch 26)","Norfloxacin + Tinidazole","Tablets","Norflox","Hetero Healthcare",82,54.4,69.7,"Strip"
"Ciplox 75mg (Batch 26)","Ciprofloxacin","Tablets","Ciplox","Biocon Ltd",50,33.2,42.5,"Strip"
"Ciprobid Kid (Batch 26)","Ciprofloxacin","Tablets","Ciprobid","AstraZeneca India",46,30.5,39.1,"Strip"
"Atorva 600mg (Batch 26)","Atorvastatin","Tablets","Atorva","Bayer India",156,103.4,132.6,"Strip"
"Lipitor 80mg (Batch 26)","Atorvastatin","Tablets","Lipitor","IPCA Laboratories",184,122,156.4,"Strip"
"Lipikind Plus (Batch 26)","Atorvastatin","Tablets","Lipikind","Alembic Pharmaceuticals",92,61,78.2,"Strip"
"Tonact 625mg (Batch 26)","Atorvastatin","Tablets","Tonact","GSK Pharma",90,59.7,76.5,"Strip"
"Rosuvas 100mg (Batch 26)","Rosuvastatin","Tablets","Rosuvas","Abbott India",183,121.3,155.5,"Strip"
"Rosyn Forte (Batch 26)","Rosuvastatin","Tablets","Rosyn","Sun Pharmaceutical Industries",156,103.4,132.6,"Strip"
"Roseday 650mg (Batch 26)","Rosuvastatin","Tablets","Roseday","Cipla Ltd",279,185,237.2,"Strip"
"Crevast 150mg (Batch 26)","Rosuvastatin","Tablets","Crevast","Lupin Ltd",197,130.7,167.5,"Strip"
"Telma 5mg (Batch 26)","Telmisartan","Tablets","Telma","Mankind Pharma",150,99.5,127.5,"Strip"
"Telvas 1g (Batch 26)","Telmisartan","Tablets","Telvas","Torrent Pharmaceuticals",116,76.9,98.6,"Strip"
"Telsar 200mg (Batch 26)","Telmisartan","Tablets","Telsar","Dr. Reddy s Laboratories",91,60.4,77.4,"Strip"
"Telma-H 10mg (Batch 26)","Telmisartan + Hydrochlorothiazide","Tablets","Telma","Alkem Laboratories",79,52.3,67.1,"Strip"
"Telvas-H SR (Batch 26)","Telmisartan + Hydrochlorothiazide","Tablets","Telvas","Glenmark Pharmaceuticals",82,54.4,69.7,"Strip"
"Amlokind 250mg (Batch 26)","Amlodipine","Tablets","Amlokind","Cadila Pharmaceuticals",27,17.9,23,"Strip"
"Amlosafe 20mg (Batch 26)","Amlodipine","Tablets","Amlosafe","Zydus Lifesciences",38,25.2,32.3,"Strip"
"Amlovas DSR (Batch 26)","Amlodipine","Tablets","Amlovas","Sanofi India",24,15.9,20.4,"Strip"
"Cilacar 300mg (Batch 26)","Cilnidipine","Tablets","Cilacar","USV Private Ltd",139,92.2,118.2,"Strip"
"Cilnidac 40mg (Batch 26)","Cilnidipine","Tablets","Cilnidac","Pfizer India",62,41.1,52.7,"Strip"
"Concor XL (Batch 26)","Bisoprolol Fumarate","Tablets","Concor","Micro Labs Ltd",165,109.4,140.3,"Strip"
"Starpress 400mg (Batch 26)","Metoprolol Succinate","Tablets","Starpress","Blue Cross Laboratories",73,48.4,62.1,"Strip"
"Metolar 50mg (Batch 26)","Metoprolol Tartrate","Tablets","Metolar","Aristo Pharmaceuticals",86,57,73.1,"Strip"
"Glycomet Duo (Batch 26)","Metformin Hydrochloride","Tablets","Glycomet","FDC Ltd",19,12.6,16.2,"Strip"
"Metformin SR 500mg (Batch 26)","Metformin Hydrochloride","Tablets","Metformin","J.B. Chemicals & Pharmaceuticals",19,12.6,16.2,"Strip"
"Glycomet GP 75mg (Batch 26)","Glimepiride + Metformin","Tablets","Glycomet GP","Wockhardt Ltd",120,79.6,102,"Strip"
"Amaryl M Kid (Batch 26)","Glimepiride + Metformin","Tablets","Amaryl","Apex Laboratories",113,75,96.1,"Strip"
"Glimisave M 600mg (Batch 26)","Glimepiride + Metformin","Tablets","Glimisave","Intas Pharmaceuticals",51,33.9,43.4,"Strip"
"Jalra-M 80mg (Batch 26)","Vildagliptin + Metformin","Tablets","Jalra-M","Macleods Pharmaceuticals",189,125.3,160.7,"Strip"
"Galvus Met Plus (Batch 26)","Vildagliptin + Metformin","Tablets","Galvus","Hetero Healthcare",342,226.7,290.7,"Strip"
"Ziten M 625mg (Batch 26)","Teneligliptin + Metformin","Tablets","Ziten","Biocon Ltd",125,82.9,106.3,"Strip"
"Dynaglipt M 100mg (Batch 26)","Teneligliptin + Metformin","Tablets","Dynaglipt","AstraZeneca India",133,88.2,113.1,"Strip"
"Voglistar Forte (Batch 26)","Voglibose","Tablets","Voglistar","Bayer India",61,40.5,51.9,"Strip"
"Volibo 650mg (Batch 26)","Voglibose","Tablets","Volibo","IPCA Laboratories",84,55.7,71.4,"Strip"
"Pantocid 150mg (Batch 26)","Pantoprazole","Tablets","Pantocid","Alembic Pharmaceuticals",147,97.5,125,"Strip"
"Pan 5mg (Batch 26)","Pantoprazole","Tablets","Pan","GSK Pharma",130,86.2,110.5,"Strip"
"Pantodac 1g (Batch 26)","Pantoprazole","Tablets","Pantodac","Abbott India",68,45.1,57.8,"Strip"
"Pan-D 200mg (Batch 26)","Pantoprazole + Domperidone","Capsules","Pan-D","Sun Pharmaceutical Industries",196,129.9,166.6,"Strip"
"Pantocid-DSR 10mg (Batch 26)","Pantoprazole + Domperidone","Capsules","Pantocid","Cipla Ltd",159,105.5,135.2,"Strip"
"Pantosec-DSR SR (Batch 26)","Pantoprazole + Domperidone","Capsules","Pantosec","Lupin Ltd",147,97.5,125,"Strip"
"Omez 250mg (Batch 26)","Omeprazole","Capsules","Omez","Mankind Pharma",45,29.9,38.3,"Strip"
"Omecip 20mg (Batch 26)","Omeprazole","Capsules","Omecip","Torrent Pharmaceuticals",43,28.5,36.6,"Strip"
"Omez-D DSR (Batch 26)","Omeprazole + Domperidone","Capsules","Omez","Dr. Reddy s Laboratories",96,63.6,81.6,"Strip"
"Rabicip 300mg (Batch 26)","Rabeprazole","Tablets","Rabicip","Alkem Laboratories",49,32.5,41.7,"Strip"
"Rabeloc 40mg (Batch 26)","Rabeprazole","Tablets","Rabeloc","Glenmark Pharmaceuticals",122,80.9,103.7,"Strip"
"Rabicip-DSR XL (Batch 26)","Rabeprazole + Domperidone","Capsules","Rabicip","Cadila Pharmaceuticals",105,69.7,89.3,"Strip"
"Razo-DSR 400mg (Batch 26)","Rabeprazole + Domperidone","Capsules","Razo","Zydus Lifesciences",123,81.6,104.6,"Strip"
"Sompraz 50mg (Batch 26)","Esomeprazole","Tablets","Sompraz","Sanofi India",101,67,85.9,"Strip"
"Nexpro Duo (Batch 26)","Esomeprazole","Tablets","Nexpro","USV Private Ltd",109,72.2,92.6,"Strip"
"Sompraz-DSR 500mg (Batch 26)","Esomeprazole + Domperidone","Capsules","Sompraz","Pfizer India",167,110.8,142,"Strip"
"Nexpro-RD 75mg (Batch 26)","Esomeprazole + Domperidone","Capsules","Nexpro","Micro Labs Ltd",130,86.2,110.5,"Strip"
"Aciloc Kid (Batch 26)","Ranitidine","Tablets","Aciloc","Blue Cross Laboratories",40,26.5,34,"Strip"
"Rantac 600mg (Batch 26)","Ranitidine","Tablets","Rantac","Aristo Pharmaceuticals",24,15.9,20.4,"Strip"
"Zinetac 80mg (Batch 26)","Ranitidine","Tablets","Zinetac","FDC Ltd",16,10.6,13.6,"Strip"
"Okacet Plus (Batch 26)","Cetirizine","Tablets","Okacet","J.B. Chemicals & Pharmaceuticals",17,11.3,14.5,"Strip"
"Cetcip 625mg (Batch 26)","Cetirizine","Tablets","Cetcip","Wockhardt Ltd",14,9.3,11.9,"Strip"
"Alerid 100mg (Batch 26)","Cetirizine","Tablets","Alerid","Apex Laboratories",35,23.2,29.8,"Strip"
"Teczine Forte (Batch 26)","Levocetirizine","Tablets","Teczine","Intas Pharmaceuticals",36,23.9,30.6,"Strip"
"Lecope 650mg (Batch 26)","Levocetirizine","Tablets","Lecope","Macleods Pharmaceuticals",67,44.5,57,"Strip"
"Sizloc 150mg (Batch 26)","Levocetirizine","Tablets","Sizloc","Hetero Healthcare",54,35.8,45.9,"Strip"
"Montair-LC 5mg (Batch 26)","Montelukast + Levocetirizine","Tablets","Montair","Biocon Ltd",195,129.3,165.8,"Strip"
"Telekast-L 1g (Batch 26)","Montelukast + Levocetirizine","Tablets","Telekast","AstraZeneca India",228,151.2,193.8,"Strip"
"Montemac-L 200mg (Batch 26)","Montelukast + Levocetirizine","Tablets","Montemac","Bayer India",161,106.8,136.9,"Strip"
"Montek-LC 10mg (Batch 26)","Montelukast + Levocetirizine","Tablets","Montek","IPCA Laboratories",129,85.6,109.7,"Strip"
"Allegra SR (Batch 26)","Fexofenadine Hydrochloride","Tablets","Allegra","Alembic Pharmaceuticals",187,124,159,"Strip"
"Fexo 250mg (Batch 26)","Fexofenadine Hydrochloride","Tablets","Fexo","GSK Pharma",130,86.2,110.5,"Strip"
"Fexigra 20mg (Batch 26)","Fexofenadine Hydrochloride","Tablets","Fexigra","Abbott India",163,108,138.5,"Strip"
"Avil DSR (Batch 26)","Pheniramine Maleate","Tablets","Avil","Sun Pharmaceutical Industries",14,9.3,11.9,"Strip"
"Atarax 300mg (Batch 26)","Hydroxyzine Hydrochloride","Tablets","Atarax","Cipla Ltd",59,39.2,50.2,"Strip"
"Becosules 40mg (Batch 26)","Vitamin B Complex + Vitamin C","Capsules","Becosules","Lupin Ltd",42,27.8,35.7,"Strip"
"Cobadex Forte XL (Batch 26)","Vitamin B Complex + Zinc","Capsules","Cobadex","Mankind Pharma",37,24.6,31.5,"Strip"
"Zincovit 400mg (Batch 26)","Multivitamin + Multimineral","Tablets","Zincovit","Torrent Pharmaceuticals",123,81.6,104.6,"Strip"
"Revital H 50mg (Batch 26)","Multivitamins + Minerals + Ginseng","Capsules","Revital","Dr. Reddy s Laboratories",211,139.9,179.4,"Strip"
"Limcee Orange Duo (Batch 26)","Vitamin C (Ascorbic Acid)","Tablets","Limcee","Alkem Laboratories",29,19.3,24.7,"Strip"
"Celin chewable 500mg (Batch 26)","Vitamin C (Ascorbic Acid)","Tablets","Celin","Glenmark Pharmaceuticals",30,19.9,25.5,"Strip"
"Shelcal 75mg (Batch 26)","Calcium + Vitamin D3","Tablets","Shelcal","Cadila Pharmaceuticals",130,86.2,110.5,"Strip"
"Cipcal Kid (Batch 26)","Calcium + Vitamin D3","Tablets","Cipcal","Zydus Lifesciences",123,81.6,104.6,"Strip"
"Calcirol Sachet 600mg (Batch 26)","Cholecalciferol (Vitamin D3)","Others","Calcirol","Sanofi India",31,20.6,26.4,"Sachet"
"D3-Must 80mg (Batch 26)","Cholecalciferol (Vitamin D3)","Capsules","D3-Must","USV Private Ltd",33,21.9,28.1,"Strip"
"Evion Plus (Batch 26)","Vitamin E","Capsules","Evion","Pfizer India",57,37.8,48.4,"Strip"
"Neurobion Forte 625mg (Batch 26)","Vitamin B Complex + Methylcobalamin","Tablets","Neurobion","Micro Labs Ltd",30,19.9,25.5,"Strip"
"Mecobon 100mg (Batch 26)","Methylcobalamin","Tablets","Mecobon","Blue Cross Laboratories",108,71.6,91.8,"Strip"
"Asthalin Inhaler (Batch 26)","Salbutamol","Inhalers","Asthalin","Aristo Pharmaceuticals",111,73.6,94.4,"Piece"
"Duolin Inhaler (Batch 26)","Levosalbutamol + Ipratropium Bromide","Inhalers","Duolin","FDC Ltd",234,155.1,198.9,"Piece"
"Budecort Respules (Batch 26)","Budesonide","Inhalers","Budecort","J.B. Chemicals & Pharmaceuticals",277,183.7,235.5,"Piece"
"Foracort Inhaler (Batch 26)","Budesonide + Formoterol Fumarate","Inhalers","Foracort","Wockhardt Ltd",270,179,229.5,"Piece"
"Benadryl Syrup 60ml Syrup (Batch 26)","Diphenhydramine + Ammonium Chloride + Sodium Citrate","Syrups","Benadryl","Apex Laboratories",88,58.3,74.8,"Bottle"
"Ascoril LS Syrup 100ml Syrup (Batch 26)","Ambroxol + Levosalbutamol + Guaiphenesin","Syrups","Ascoril","Intas Pharmaceuticals",116,76.9,98.6,"Bottle"
"Grilinctus Syrup 60ml Syrup (Batch 26)","Dextromethorphan + Chlorpheniramine","Syrups","Grilinctus","Macleods Pharmaceuticals",129,85.6,109.7,"Bottle"
"Corex DX Syrup 100ml Syrup (Batch 26)","Chlorpheniramine + Dextromethorphan","Syrups","Corex","Hetero Healthcare",127,84.2,108,"Bottle"
"Solvin Cold Syrup 60ml Syrup (Batch 26)","Paracetamol + Phenylephrine + Chlorpheniramine","Syrups","Solvin","Biocon Ltd",65,43.1,55.3,"Bottle"
"Volini Gel Respules (Batch 26)","Diclofenac + Methyl Salicylate + Menthol","Others","Volini","AstraZeneca India",103,68.3,87.6,"Piece"
"Moov Gel Inhaler (Batch 26)","Oil of Wintergreen + Menthol + Turpentine Oil","Others","Moov","Bayer India",91,60.4,77.4,"Piece"
"Iodex Balm Respules (Batch 26)","Methyl Salicylate + Menthol + Camphor","Others","Iodex","IPCA Laboratories",49,32.5,41.7,"Piece"
"Betnovate-N Respules (Batch 26)","Betamethasone + Neomycin","Others","Betnovate","Alembic Pharmaceuticals",52,34.5,44.2,"Piece"
"Betnovate-C Respules (Batch 26)","Betamethasone + Clioquinol","Others","Betnovate","GSK Pharma",43,28.5,36.6,"Piece"
"Betnovate-GM Respules (Batch 26)","Betamethasone + Gentamicin + Miconazole","Others","Betnovate","Abbott India",55,36.5,46.8,"Piece"
"Quadriderm RF Respules (Batch 26)","Beclomethasone + Clotrimazole + Neomycin","Others","Quadriderm","Sun Pharmaceutical Industries",91,60.4,77.4,"Piece"
"Panderm Super Inhaler (Batch 26)","Clobetasol + Neomycin + Miconazole","Others","Panderm","Cipla Ltd",109,72.2,92.6,"Piece"
"Tenovate Cream Respules (Batch 26)","Clobetasol Propionate","Others","Tenovate","Lupin Ltd",57,37.8,48.4,"Piece"
"Ciplox Eye/Ear Drops Respules (Batch 26)","Ciprofloxacin Eye Drops","Drops","Ciplox","Mankind Pharma",20,13.3,17,"Piece"
"Moxicip Eye Drops Respules (Batch 26)","Moxifloxacin Eye Drops","Drops","Moxicip","Torrent Pharmaceuticals",48,31.8,40.8,"Piece"
"Otrivin Nasal Spray Inhaler (Batch 26)","Xylometazoline Hydrochloride","Drops","Otrivin","Dr. Reddy s Laboratories",76,50.4,64.6,"Piece"
"Nasoclear Drops Respules (Batch 26)","Sodium Chloride Nasal Solution","Drops","Nasoclear","Alkem Laboratories",39,25.9,33.2,"Piece"
"Calpol Plus (Batch 27)","Paracetamol","Tablets","Calpol","Glenmark Pharmaceuticals",32,21.2,27.2,"Strip"
"Crocin Advance 625mg (Batch 27)","Paracetamol","Tablets","Crocin","Cadila Pharmaceuticals",22,14.6,18.7,"Strip"
"Dolo 100mg (Batch 27)","Paracetamol","Tablets","Dolo","Zydus Lifesciences",28,18.6,23.8,"Strip"
"Pacimol Forte (Batch 27)","Paracetamol","Tablets","Pacimol","Sanofi India",16,10.6,13.6,"Strip"
"Sumo L 650mg (Batch 27)","Paracetamol","Tablets","Sumo","USV Private Ltd",16,10.6,13.6,"Strip"
"Combiflam 150mg (Batch 27)","Ibuprofen + Paracetamol","Tablets","Combiflam","Pfizer India",37,24.6,31.5,"Strip"
"Flexon 5mg (Batch 27)","Ibuprofen + Paracetamol","Tablets","Flexon","Micro Labs Ltd",20,13.3,17,"Strip"
"Ibugesic Plus 1g (Batch 27)","Ibuprofen + Paracetamol","Tablets","Ibugesic","Blue Cross Laboratories",31,20.6,26.4,"Strip"
"Acecloc 200mg (Batch 27)","Aceclofenac + Paracetamol","Tablets","Acecloc","Aristo Pharmaceuticals",66,43.8,56.1,"Strip"
"Zerodol-P 10mg (Batch 27)","Aceclofenac + Paracetamol","Tablets","Zerodol","FDC Ltd",94,62.3,79.9,"Strip"
"Hifenac-P SR (Batch 27)","Aceclofenac + Paracetamol","Tablets","Hifenac","J.B. Chemicals & Pharmaceuticals",87,57.7,74,"Strip"
"Zerodol-SP 250mg (Batch 27)","Aceclofenac + Paracetamol + Serratiopeptidase","Tablets","Zerodol","Wockhardt Ltd",130,86.2,110.5,"Strip"
"Meftal-Spas 20mg (Batch 27)","Mefenamic Acid + Dicyclomine","Tablets","Meftal","Apex Laboratories",48,31.8,40.8,"Strip"
"Cyclopam DSR (Batch 27)","Dicyclomine + Paracetamol","Tablets","Cyclopam","Intas Pharmaceuticals",54,35.8,45.9,"Strip"
"Ultracet 300mg (Batch 27)","Tramadol + Paracetamol","Tablets","Ultracet","Macleods Pharmaceuticals",189,125.3,160.7,"Strip"
"Tramazac 40mg (Batch 27)","Tramadol","Capsules","Tramazac","Hetero Healthcare",112,74.3,95.2,"Strip"
"Nise XL (Batch 27)","Nimesulide","Tablets","Nise","Biocon Ltd",75,49.8,63.8,"Strip"
"Nimulid 400mg (Batch 27)","Nimesulide","Tablets","Nimulid","AstraZeneca India",73,48.4,62.1,"Strip"
"Amox 50mg (Batch 27)","Amoxicillin","Capsules","Amox","Bayer India",66,43.8,56.1,"Strip"
"Amoxil Duo (Batch 27)","Amoxicillin","Capsules","Amoxil","IPCA Laboratories",84,55.7,71.4,"Strip"
"Mox 500mg (Batch 27)","Amoxicillin","Capsules","Mox","Alembic Pharmaceuticals",55,36.5,46.8,"Strip"
"Novamox 75mg (Batch 27)","Amoxicillin","Capsules","Novamox","GSK Pharma",72,47.7,61.2,"Strip"
"Clavam Kid (Batch 27)","Amoxicillin + Potassium Clavulanate","Tablets","Clavam","Abbott India",203,134.6,172.5,"Strip"
"Augmentin 600mg (Batch 27)","Amoxicillin + Potassium Clavulanate","Tablets","Augmentin","Sun Pharmaceutical Industries",186,123.3,158.1,"Strip"
"Moxikind-CV 80mg (Batch 27)","Amoxicillin + Potassium Clavulanate","Tablets","Moxikind","Cipla Ltd",179,118.7,152.2,"Strip"
"Advent Plus (Batch 27)","Amoxicillin + Potassium Clavulanate","Tablets","Advent","Lupin Ltd",167,110.8,142,"Strip"
"Azee 625mg (Batch 27)","Azithromycin","Tablets","Azee","Mankind Pharma",65,43.1,55.3,"Strip"
"Azithral 100mg (Batch 27)","Azithromycin","Tablets","Azithral","Torrent Pharmaceuticals",118,78.2,100.3,"Strip"
"Azax Forte (Batch 27)","Azithromycin","Tablets","Azax","Dr. Reddy s Laboratories",96,63.6,81.6,"Strip"
"Zifi 650mg (Batch 27)","Cefixime","Tablets","Zifi","Alkem Laboratories",149,98.8,126.7,"Strip"
"Taxim-O 150mg (Batch 27)","Cefixime","Tablets","Taxim-O","Glenmark Pharmaceuticals",147,97.5,125,"Strip"
"Cefolac 5mg (Batch 27)","Cefixime","Tablets","Cefolac","Cadila Pharmaceuticals",130,86.2,110.5,"Strip"
"Milixim 1g (Batch 27)","Cefixime","Tablets","Milixim","Zydus Lifesciences",110,72.9,93.5,"Strip"
"Gepod 200mg (Batch 27)","Cefpodoxime Proxetil","Tablets","Gepod","Sanofi India",116,76.9,98.6,"Strip"
"Monocef-O 10mg (Batch 27)","Cefpodoxime Proxetil","Tablets","Monocef-O","USV Private Ltd",139,92.2,118.2,"Strip"
"Macpod SR (Batch 27)","Cefpodoxime Proxetil","Tablets","Macpod","Pfizer India",162,107.4,137.7,"Strip"
"Oflomac 250mg (Batch 27)","Ofloxacin","Tablets","Oflomac","Micro Labs Ltd",65,43.1,55.3,"Strip"
"Oframax 20mg (Batch 27)","Ofloxacin","Tablets","Oframax","Blue Cross Laboratories",58,38.5,49.3,"Strip"
"Oflotas DSR (Batch 27)","Ofloxacin","Tablets","Oflotas","Aristo Pharmaceuticals",49,32.5,41.7,"Strip"
"Oflomac-OZ 300mg (Batch 27)","Ofloxacin + Ornidazole","Tablets","Oflomac","FDC Ltd",99,65.6,84.1,"Strip"
"Zenflox-OZ 40mg (Batch 27)","Ofloxacin + Ornidazole","Tablets","Zenflox","J.B. Chemicals & Pharmaceuticals",137,90.9,116.5,"Strip"
"Norflox XL (Batch 27)","Norfloxacin","Tablets","Norflox","Wockhardt Ltd",65,43.1,55.3,"Strip"
"Norflox-TZ 400mg (Batch 27)","Norfloxacin + Tinidazole","Tablets","Norflox","Apex Laboratories",103,68.3,87.6,"Strip"
"Ciplox 50mg (Batch 27)","Ciprofloxacin","Tablets","Ciplox","Intas Pharmaceuticals",41,27.2,34.9,"Strip"
"Ciprobid Duo (Batch 27)","Ciprofloxacin","Tablets","Ciprobid","Macleods Pharmaceuticals",37,24.6,31.5,"Strip"
"Atorva 500mg (Batch 27)","Atorvastatin","Tablets","Atorva","Hetero Healthcare",147,97.5,125,"Strip"
"Lipitor 75mg (Batch 27)","Atorvastatin","Tablets","Lipitor","Biocon Ltd",345,228.8,293.3,"Strip"
"Lipikind Kid (Batch 27)","Atorvastatin","Tablets","Lipikind","AstraZeneca India",83,55.1,70.6,"Strip"
"Tonact 600mg (Batch 27)","Atorvastatin","Tablets","Tonact","Bayer India",131,86.9,111.4,"Strip"
"Rosuvas 80mg (Batch 27)","Rosuvastatin","Tablets","Rosuvas","IPCA Laboratories",114,75.6,96.9,"Strip"
"Rosyn Plus (Batch 27)","Rosuvastatin","Tablets","Rosyn","Alembic Pharmaceuticals",117,77.6,99.5,"Strip"
"Roseday 625mg (Batch 27)","Rosuvastatin","Tablets","Roseday","GSK Pharma",100,66.3,85,"Strip"
"Crevast 100mg (Batch 27)","Rosuvastatin","Tablets","Crevast","Abbott India",188,124.6,159.8,"Strip"
"Telma Forte (Batch 27)","Telmisartan","Tablets","Telma","Sun Pharmaceutical Industries",81,53.7,68.9,"Strip"
"Telvas 650mg (Batch 27)","Telmisartan","Tablets","Telvas","Cipla Ltd",47,31.1,39.9,"Strip"
"Telsar 150mg (Batch 27)","Telmisartan","Tablets","Telsar","Lupin Ltd",102,67.6,86.7,"Strip"
"Telma-H 5mg (Batch 27)","Telmisartan + Hydrochlorothiazide","Tablets","Telma","Mankind Pharma",70,46.4,59.5,"Strip"
"Telvas-H 1g (Batch 27)","Telmisartan + Hydrochlorothiazide","Tablets","Telvas","Torrent Pharmaceuticals",93,61.7,79.1,"Strip"
"Amlokind 200mg (Batch 27)","Amlodipine","Tablets","Amlokind","Dr. Reddy s Laboratories",13,8.6,11,"Strip"
"Amlosafe 10mg (Batch 27)","Amlodipine","Tablets","Amlosafe","Alkem Laboratories",29,19.3,24.7,"Strip"
"Amlovas SR (Batch 27)","Amlodipine","Tablets","Amlovas","Glenmark Pharmaceuticals",31,20.6,26.4,"Strip"
"Cilacar 250mg (Batch 27)","Cilnidipine","Tablets","Cilacar","Cadila Pharmaceuticals",70,46.4,59.5,"Strip"
"Cilnidac 20mg (Batch 27)","Cilnidipine","Tablets","Cilnidac","Zydus Lifesciences",53,35.2,45.1,"Strip"
"Concor DSR (Batch 27)","Bisoprolol Fumarate","Tablets","Concor","Sanofi India",156,103.4,132.6,"Strip"
"Starpress 300mg (Batch 27)","Metoprolol Succinate","Tablets","Starpress","USV Private Ltd",94,62.3,79.9,"Strip"
"Metolar 40mg (Batch 27)","Metoprolol Tartrate","Tablets","Metolar","Pfizer India",77,51.1,65.5,"Strip"
"Glycomet XL (Batch 27)","Metformin Hydrochloride","Tablets","Glycomet","Micro Labs Ltd",40,26.5,34,"Strip"
"Metformin SR 400mg (Batch 27)","Metformin Hydrochloride","Tablets","Metformin","Blue Cross Laboratories",30,19.9,25.5,"Strip"
"Glycomet GP 50mg (Batch 27)","Glimepiride + Metformin","Tablets","Glycomet GP","Aristo Pharmaceuticals",51,33.9,43.4,"Strip"
"Amaryl M Duo (Batch 27)","Glimepiride + Metformin","Tablets","Amaryl","FDC Ltd",224,148.5,190.4,"Strip"
"Glimisave M 500mg (Batch 27)","Glimepiride + Metformin","Tablets","Glimisave","J.B. Chemicals & Pharmaceuticals",72,47.7,61.2,"Strip"
"Jalra-M 75mg (Batch 27)","Vildagliptin + Metformin","Tablets","Jalra-M","Wockhardt Ltd",300,198.9,255,"Strip"
"Galvus Met Kid (Batch 27)","Vildagliptin + Metformin","Tablets","Galvus","Apex Laboratories",253,167.8,215.1,"Strip"
"Ziten M 600mg (Batch 27)","Teneligliptin + Metformin","Tablets","Ziten","Intas Pharmaceuticals",166,110.1,141.1,"Strip"
"Dynaglipt M 80mg (Batch 27)","Teneligliptin + Metformin","Tablets","Dynaglipt","Macleods Pharmaceuticals",144,95.5,122.4,"Strip"
"Voglistar Plus (Batch 27)","Voglibose","Tablets","Voglistar","Hetero Healthcare",52,34.5,44.2,"Strip"
"Volibo 625mg (Batch 27)","Voglibose","Tablets","Volibo","Biocon Ltd",45,29.9,38.3,"Strip"
"Pantocid 100mg (Batch 27)","Pantoprazole","Tablets","Pantocid","AstraZeneca India",78,51.7,66.3,"Strip"
"Pan Forte (Batch 27)","Pantoprazole","Tablets","Pan","Bayer India",121,80.3,102.9,"Strip"
"Pantodac 650mg (Batch 27)","Pantoprazole","Tablets","Pantodac","IPCA Laboratories",79,52.3,67.1,"Strip"
"Pan-D 150mg (Batch 27)","Pantoprazole + Domperidone","Capsules","Pan-D","Alembic Pharmaceuticals",187,124,159,"Strip"
"Pantocid-DSR 5mg (Batch 27)","Pantoprazole + Domperidone","Capsules","Pantocid","GSK Pharma",120,79.6,102,"Strip"
"Pantosec-DSR 1g (Batch 27)","Pantoprazole + Domperidone","Capsules","Pantosec","Abbott India",188,124.6,159.8,"Strip"
"Omez 200mg (Batch 27)","Omeprazole","Capsules","Omez","Sun Pharmaceutical Industries",56,37.1,47.6,"Strip"
"Omecip 10mg (Batch 27)","Omeprazole","Capsules","Omecip","Cipla Ltd",64,42.4,54.4,"Strip"
"Omez-D SR (Batch 27)","Omeprazole + Domperidone","Capsules","Omez","Lupin Ltd",117,77.6,99.5,"Strip"
"Rabicip 250mg (Batch 27)","Rabeprazole","Tablets","Rabicip","Mankind Pharma",120,79.6,102,"Strip"
"Rabeloc 20mg (Batch 27)","Rabeprazole","Tablets","Rabeloc","Torrent Pharmaceuticals",78,51.7,66.3,"Strip"
"Rabicip-DSR DSR (Batch 27)","Rabeprazole + Domperidone","Capsules","Rabicip","Dr. Reddy s Laboratories",146,96.8,124.1,"Strip"
"Razo-DSR 300mg (Batch 27)","Rabeprazole + Domperidone","Capsules","Razo","Alkem Laboratories",214,141.9,181.9,"Strip"
"Sompraz 40mg (Batch 27)","Esomeprazole","Tablets","Sompraz","Glenmark Pharmaceuticals",142,94.1,120.7,"Strip"
"Nexpro XL (Batch 27)","Esomeprazole","Tablets","Nexpro","Cadila Pharmaceuticals",130,86.2,110.5,"Strip"
"Sompraz-DSR 400mg (Batch 27)","Esomeprazole + Domperidone","Capsules","Sompraz","Zydus Lifesciences",128,84.9,108.8,"Strip"
"Nexpro-RD 50mg (Batch 27)","Esomeprazole + Domperidone","Capsules","Nexpro","Sanofi India",166,110.1,141.1,"Strip"
"Aciloc Duo (Batch 27)","Ranitidine","Tablets","Aciloc","USV Private Ltd",31,20.6,26.4,"Strip"
"Rantac 500mg (Batch 27)","Ranitidine","Tablets","Rantac","Pfizer India",15,10,12.8,"Strip"
"Zinetac 75mg (Batch 27)","Ranitidine","Tablets","Zinetac","Micro Labs Ltd",23,15.3,19.6,"Strip"
"Okacet Kid (Batch 27)","Cetirizine","Tablets","Okacet","Blue Cross Laboratories",28,18.6,23.8,"Strip"
"Cetcip 600mg (Batch 27)","Cetirizine","Tablets","Cetcip","Aristo Pharmaceuticals",17,11.3,14.5,"Strip"
"Alerid 80mg (Batch 27)","Cetirizine","Tablets","Alerid","FDC Ltd",32,21.2,27.2,"Strip"
"Teczine Plus (Batch 27)","Levocetirizine","Tablets","Teczine","J.B. Chemicals & Pharmaceuticals",57,37.8,48.4,"Strip"
"Lecope 625mg (Batch 27)","Levocetirizine","Tablets","Lecope","Wockhardt Ltd",58,38.5,49.3,"Strip"
"Sizloc 100mg (Batch 27)","Levocetirizine","Tablets","Sizloc","Apex Laboratories",33,21.9,28.1,"Strip"
"Montair-LC Forte (Batch 27)","Montelukast + Levocetirizine","Tablets","Montair","Intas Pharmaceuticals",156,103.4,132.6,"Strip"
"Telekast-L 650mg (Batch 27)","Montelukast + Levocetirizine","Tablets","Telekast","Macleods Pharmaceuticals",159,105.5,135.2,"Strip"
"Montemac-L 150mg (Batch 27)","Montelukast + Levocetirizine","Tablets","Montemac","Hetero Healthcare",172,114,146.2,"Strip"
"Montek-LC 5mg (Batch 27)","Montelukast + Levocetirizine","Tablets","Montek","Biocon Ltd",200,132.6,170,"Strip"
"Allegra 1g (Batch 27)","Fexofenadine Hydrochloride","Tablets","Allegra","AstraZeneca India",178,118,151.3,"Strip"
"Fexo 200mg (Batch 27)","Fexofenadine Hydrochloride","Tablets","Fexo","Bayer India",151,100.2,128.4,"Strip"
"Fexigra 10mg (Batch 27)","Fexofenadine Hydrochloride","Tablets","Fexigra","IPCA Laboratories",79,52.3,67.1,"Strip"
"Avil SR (Batch 27)","Pheniramine Maleate","Tablets","Avil","Alembic Pharmaceuticals",15,10,12.8,"Strip"
"Atarax 250mg (Batch 27)","Hydroxyzine Hydrochloride","Tablets","Atarax","GSK Pharma",50,33.2,42.5,"Strip"
"Becosules 20mg (Batch 27)","Vitamin B Complex + Vitamin C","Capsules","Becosules","Abbott India",28,18.6,23.8,"Strip"
"Cobadex Forte DSR (Batch 27)","Vitamin B Complex + Zinc","Capsules","Cobadex","Sun Pharmaceutical Industries",28,18.6,23.8,"Strip"
"Zincovit 300mg (Batch 27)","Multivitamin + Multimineral","Tablets","Zincovit","Cipla Ltd",114,75.6,96.9,"Strip"
"Revital H 40mg (Batch 27)","Multivitamins + Minerals + Ginseng","Capsules","Revital","Lupin Ltd",322,213.5,273.7,"Strip"
"Limcee Orange XL (Batch 27)","Vitamin C (Ascorbic Acid)","Tablets","Limcee","Mankind Pharma",20,13.3,17,"Strip"
"Celin chewable 400mg (Batch 27)","Vitamin C (Ascorbic Acid)","Tablets","Celin","Torrent Pharmaceuticals",21,13.9,17.8,"Strip"
"Shelcal 50mg (Batch 27)","Calcium + Vitamin D3","Tablets","Shelcal","Dr. Reddy s Laboratories",81,53.7,68.9,"Strip"
"Cipcal Duo (Batch 27)","Calcium + Vitamin D3","Tablets","Cipcal","Alkem Laboratories",114,75.6,96.9,"Strip"
"Calcirol Sachet 500mg (Batch 27)","Cholecalciferol (Vitamin D3)","Others","Calcirol","Glenmark Pharmaceuticals",42,27.8,35.7,"Sachet"
"D3-Must 75mg (Batch 27)","Cholecalciferol (Vitamin D3)","Capsules","D3-Must","Cadila Pharmaceuticals",44,29.2,37.4,"Strip"
"Evion Kid (Batch 27)","Vitamin E","Capsules","Evion","Zydus Lifesciences",48,31.8,40.8,"Strip"
"Neurobion Forte 600mg (Batch 27)","Vitamin B Complex + Methylcobalamin","Tablets","Neurobion","Sanofi India",41,27.2,34.9,"Strip"
"Mecobon 80mg (Batch 27)","Methylcobalamin","Tablets","Mecobon","USV Private Ltd",99,65.6,84.1,"Strip"
"Asthalin Respules (Batch 27)","Salbutamol","Inhalers","Asthalin","Pfizer India",122,80.9,103.7,"Piece"
"Duolin Respules (Batch 27)","Levosalbutamol + Ipratropium Bromide","Inhalers","Duolin","Micro Labs Ltd",255,169.1,216.8,"Piece"
"Budecort Respules (Batch 27)","Budesonide","Inhalers","Budecort","Blue Cross Laboratories",268,177.7,227.8,"Piece"
"Foracort Respules (Batch 27)","Budesonide + Formoterol Fumarate","Inhalers","Foracort","Aristo Pharmaceuticals",231,153.2,196.4,"Piece"
"Benadryl Syrup 100ml Syrup (Batch 27)","Diphenhydramine + Ammonium Chloride + Sodium Citrate","Syrups","Benadryl","FDC Ltd",139,92.2,118.2,"Bottle"
"Ascoril LS Syrup 60ml Syrup (Batch 27)","Ambroxol + Levosalbutamol + Guaiphenesin","Syrups","Ascoril","J.B. Chemicals & Pharmaceuticals",127,84.2,108,"Bottle"
"Grilinctus Syrup 100ml Syrup (Batch 27)","Dextromethorphan + Chlorpheniramine","Syrups","Grilinctus","Wockhardt Ltd",105,69.7,89.3,"Bottle"
"Corex DX Syrup 60ml Syrup (Batch 27)","Chlorpheniramine + Dextromethorphan","Syrups","Corex","Apex Laboratories",113,75,96.1,"Bottle"
"Solvin Cold Syrup 100ml Syrup (Batch 27)","Paracetamol + Phenylephrine + Chlorpheniramine","Syrups","Solvin","Intas Pharmaceuticals",86,57,73.1,"Bottle"
"Volini Gel Inhaler (Batch 27)","Diclofenac + Methyl Salicylate + Menthol","Others","Volini","Macleods Pharmaceuticals",144,95.5,122.4,"Piece"
"Moov Gel Respules (Batch 27)","Oil of Wintergreen + Menthol + Turpentine Oil","Others","Moov","Hetero Healthcare",102,67.6,86.7,"Piece"
"Iodex Balm Inhaler (Batch 27)","Methyl Salicylate + Menthol + Camphor","Others","Iodex","Biocon Ltd",40,26.5,34,"Piece"
"Betnovate-N Inhaler (Batch 27)","Betamethasone + Neomycin","Others","Betnovate","AstraZeneca India",38,25.2,32.3,"Piece"
"Betnovate-C Respules (Batch 27)","Betamethasone + Clioquinol","Others","Betnovate","Bayer India",54,35.8,45.9,"Piece"
"Betnovate-GM Respules (Batch 27)","Betamethasone + Gentamicin + Miconazole","Others","Betnovate","IPCA Laboratories",46,30.5,39.1,"Piece"
"Quadriderm RF Inhaler (Batch 27)","Beclomethasone + Clotrimazole + Neomycin","Others","Quadriderm","Alembic Pharmaceuticals",82,54.4,69.7,"Piece"
"Panderm Super Respules (Batch 27)","Clobetasol + Neomycin + Miconazole","Others","Panderm","GSK Pharma",85,56.4,72.3,"Piece"
"Tenovate Cream Inhaler (Batch 27)","Clobetasol Propionate","Others","Tenovate","Abbott India",78,51.7,66.3,"Piece"
"Ciplox Eye/Ear Drops Inhaler (Batch 27)","Ciprofloxacin Eye Drops","Drops","Ciplox","Sun Pharmaceutical Industries",26,17.2,22.1,"Piece"
"Moxicip Eye Drops Respules (Batch 27)","Moxifloxacin Eye Drops","Drops","Moxicip","Cipla Ltd",69,45.8,58.7,"Piece"
"Otrivin Nasal Spray Respules (Batch 27)","Xylometazoline Hydrochloride","Drops","Otrivin","Lupin Ltd",67,44.5,57,"Piece"
"Nasoclear Drops Inhaler (Batch 27)","Sodium Chloride Nasal Solution","Drops","Nasoclear","Mankind Pharma",50,33.2,42.5,"Piece"
"Calpol Kid (Batch 28)","Paracetamol","Tablets","Calpol","Torrent Pharmaceuticals",23,15.3,19.6,"Strip"
"Crocin Advance 600mg (Batch 28)","Paracetamol","Tablets","Crocin","Dr. Reddy s Laboratories",13,8.6,11,"Strip"
"Dolo 80mg (Batch 28)","Paracetamol","Tablets","Dolo","Alkem Laboratories",34,22.5,28.9,"Strip"
"Pacimol Plus (Batch 28)","Paracetamol","Tablets","Pacimol","Glenmark Pharmaceuticals",17,11.3,14.5,"Strip"
"Sumo L 625mg (Batch 28)","Paracetamol","Tablets","Sumo","Cadila Pharmaceuticals",19,12.6,16.2,"Strip"
"Combiflam 100mg (Batch 28)","Ibuprofen + Paracetamol","Tablets","Combiflam","Zydus Lifesciences",48,31.8,40.8,"Strip"
"Flexon Forte (Batch 28)","Ibuprofen + Paracetamol","Tablets","Flexon","Sanofi India",26,17.2,22.1,"Strip"
"Ibugesic Plus 650mg (Batch 28)","Ibuprofen + Paracetamol","Tablets","Ibugesic","USV Private Ltd",22,14.6,18.7,"Strip"
"Acecloc 150mg (Batch 28)","Aceclofenac + Paracetamol","Tablets","Acecloc","Pfizer India",57,37.8,48.4,"Strip"
"Zerodol-P 5mg (Batch 28)","Aceclofenac + Paracetamol","Tablets","Zerodol","Micro Labs Ltd",85,56.4,72.3,"Strip"
"Hifenac-P 1g (Batch 28)","Aceclofenac + Paracetamol","Tablets","Hifenac","Blue Cross Laboratories",73,48.4,62.1,"Strip"
"Zerodol-SP 200mg (Batch 28)","Aceclofenac + Paracetamol + Serratiopeptidase","Tablets","Zerodol","Aristo Pharmaceuticals",91,60.4,77.4,"Strip"
"Meftal-Spas 10mg (Batch 28)","Mefenamic Acid + Dicyclomine","Tablets","Meftal","FDC Ltd",39,25.9,33.2,"Strip"
"Cyclopam SR (Batch 28)","Dicyclomine + Paracetamol","Tablets","Cyclopam","J.B. Chemicals & Pharmaceuticals",40,26.5,34,"Strip"
"Ultracet 250mg (Batch 28)","Tramadol + Paracetamol","Tablets","Ultracet","Wockhardt Ltd",210,139.2,178.5,"Strip"
"Tramazac 20mg (Batch 28)","Tramadol","Capsules","Tramazac","Apex Laboratories",73,48.4,62.1,"Strip"
"Nise DSR (Batch 28)","Nimesulide","Tablets","Nise","Intas Pharmaceuticals",96,63.6,81.6,"Strip"
"Nimulid 300mg (Batch 28)","Nimesulide","Tablets","Nimulid","Macleods Pharmaceuticals",64,42.4,54.4,"Strip"
"Amox 40mg (Batch 28)","Amoxicillin","Capsules","Amox","Hetero Healthcare",57,37.8,48.4,"Strip"
"Amoxil XL (Batch 28)","Amoxicillin","Capsules","Amoxil","Biocon Ltd",45,29.9,38.3,"Strip"
"Mox 400mg (Batch 28)","Amoxicillin","Capsules","Mox","AstraZeneca India",76,50.4,64.6,"Strip"
"Novamox 50mg (Batch 28)","Amoxicillin","Capsules","Novamox","Bayer India",63,41.8,53.6,"Strip"
"Clavam Duo (Batch 28)","Amoxicillin + Potassium Clavulanate","Tablets","Clavam","IPCA Laboratories",214,141.9,181.9,"Strip"
"Augmentin 500mg (Batch 28)","Amoxicillin + Potassium Clavulanate","Tablets","Augmentin","Alembic Pharmaceuticals",177,117.4,150.5,"Strip"
"Moxikind-CV 75mg (Batch 28)","Amoxicillin + Potassium Clavulanate","Tablets","Moxikind","GSK Pharma",110,72.9,93.5,"Strip"
"Advent Kid (Batch 28)","Amoxicillin + Potassium Clavulanate","Tablets","Advent","Abbott India",178,118,151.3,"Strip"
"Azee 600mg (Batch 28)","Azithromycin","Tablets","Azee","Sun Pharmaceutical Industries",86,57,73.1,"Strip"
"Azithral 80mg (Batch 28)","Azithromycin","Tablets","Azithral","Cipla Ltd",129,85.6,109.7,"Strip"
"Azax Plus (Batch 28)","Azithromycin","Tablets","Azax","Lupin Ltd",87,57.7,74,"Strip"
"Zifi 625mg (Batch 28)","Cefixime","Tablets","Zifi","Mankind Pharma",110,72.9,93.5,"Strip"
"Taxim-O 100mg (Batch 28)","Cefixime","Tablets","Taxim-O","Torrent Pharmaceuticals",138,91.5,117.3,"Strip"
"Cefolac Forte (Batch 28)","Cefixime","Tablets","Cefolac","Dr. Reddy s Laboratories",81,53.7,68.9,"Strip"
"Milixim 650mg (Batch 28)","Cefixime","Tablets","Milixim","Alkem Laboratories",146,96.8,124.1,"Strip"
"Gepod 150mg (Batch 28)","Cefpodoxime Proxetil","Tablets","Gepod","Glenmark Pharmaceuticals",107,71,91,"Strip"
"Monocef-O 5mg (Batch 28)","Cefpodoxime Proxetil","Tablets","Monocef-O","Cadila Pharmaceuticals",160,106.1,136,"Strip"
"Macpod 1g (Batch 28)","Cefpodoxime Proxetil","Tablets","Macpod","Zydus Lifesciences",153,101.4,130,"Strip"
"Oflomac 200mg (Batch 28)","Ofloxacin","Tablets","Oflomac","Sanofi India",56,37.1,47.6,"Strip"
"Oframax 10mg (Batch 28)","Ofloxacin","Tablets","Oframax","USV Private Ltd",79,52.3,67.1,"Strip"
"Oflotas SR (Batch 28)","Ofloxacin","Tablets","Oflotas","Pfizer India",70,46.4,59.5,"Strip"
"Oflomac-OZ 250mg (Batch 28)","Ofloxacin + Ornidazole","Tablets","Oflomac","Micro Labs Ltd",90,59.7,76.5,"Strip"
"Zenflox-OZ 20mg (Batch 28)","Ofloxacin + Ornidazole","Tablets","Zenflox","Blue Cross Laboratories",98,65,83.3,"Strip"
"Norflox DSR (Batch 28)","Norfloxacin","Tablets","Norflox","Aristo Pharmaceuticals",51,33.9,43.4,"Strip"
"Norflox-TZ 300mg (Batch 28)","Norfloxacin + Tinidazole","Tablets","Norflox","FDC Ltd",79,52.3,67.1,"Strip"
"Ciplox 40mg (Batch 28)","Ciprofloxacin","Tablets","Ciplox","J.B. Chemicals & Pharmaceuticals",32,21.2,27.2,"Strip"
"Ciprobid XL (Batch 28)","Ciprofloxacin","Tablets","Ciprobid","Wockhardt Ltd",28,18.6,23.8,"Strip"
"Atorva 400mg (Batch 28)","Atorvastatin","Tablets","Atorva","Apex Laboratories",138,91.5,117.3,"Strip"
"Lipitor 50mg (Batch 28)","Atorvastatin","Tablets","Lipitor","Intas Pharmaceuticals",256,169.7,217.6,"Strip"
"Lipikind Duo (Batch 28)","Atorvastatin","Tablets","Lipikind","Macleods Pharmaceuticals",74,49.1,62.9,"Strip"
"Tonact 500mg (Batch 28)","Atorvastatin","Tablets","Tonact","Hetero Healthcare",62,41.1,52.7,"Strip"
"Rosuvas 75mg (Batch 28)","Rosuvastatin","Tablets","Rosuvas","Biocon Ltd",225,149.2,191.3,"Strip"
"Rosyn Kid (Batch 28)","Rosuvastatin","Tablets","Rosyn","AstraZeneca India",78,51.7,66.3,"Strip"
"Roseday 600mg (Batch 28)","Rosuvastatin","Tablets","Roseday","Bayer India",111,73.6,94.4,"Strip"
"Crevast 80mg (Batch 28)","Rosuvastatin","Tablets","Crevast","IPCA Laboratories",179,118.7,152.2,"Strip"
"Telma Plus (Batch 28)","Telmisartan","Tablets","Telma","Alembic Pharmaceuticals",122,80.9,103.7,"Strip"
"Telvas 625mg (Batch 28)","Telmisartan","Tablets","Telvas","GSK Pharma",68,45.1,57.8,"Strip"
"Telsar 100mg (Batch 28)","Telmisartan","Tablets","Telsar","Abbott India",113,75,96.1,"Strip"
"Telma-H Forte (Batch 28)","Telmisartan + Hydrochlorothiazide","Tablets","Telma","Sun Pharmaceutical Industries",181,120,153.9,"Strip"
"Telvas-H 650mg (Batch 28)","Telmisartan + Hydrochlorothiazide","Tablets","Telvas","Cipla Ltd",104,69,88.4,"Strip"
"Amlokind 150mg (Batch 28)","Amlodipine","Tablets","Amlokind","Lupin Ltd",24,15.9,20.4,"Strip"
"Amlosafe 5mg (Batch 28)","Amlodipine","Tablets","Amlosafe","Mankind Pharma",20,13.3,17,"Strip"
"Amlovas 1g (Batch 28)","Amlodipine","Tablets","Amlovas","Torrent Pharmaceuticals",38,25.2,32.3,"Strip"
"Cilacar 200mg (Batch 28)","Cilnidipine","Tablets","Cilacar","Dr. Reddy s Laboratories",91,60.4,77.4,"Strip"
"Cilnidac 10mg (Batch 28)","Cilnidipine","Tablets","Cilnidac","Alkem Laboratories",124,82.2,105.4,"Strip"
"Concor SR (Batch 28)","Bisoprolol Fumarate","Tablets","Concor","Glenmark Pharmaceuticals",147,97.5,125,"Strip"
"Starpress 250mg (Batch 28)","Metoprolol Succinate","Tablets","Starpress","Cadila Pharmaceuticals",115,76.3,97.8,"Strip"
"Metolar 20mg (Batch 28)","Metoprolol Tartrate","Tablets","Metolar","Zydus Lifesciences",68,45.1,57.8,"Strip"
"Glycomet DSR (Batch 28)","Metformin Hydrochloride","Tablets","Glycomet","Sanofi India",26,17.2,22.1,"Strip"
"Metformin SR 300mg (Batch 28)","Metformin Hydrochloride","Tablets","Metformin","USV Private Ltd",16,10.6,13.6,"Strip"
"Glycomet GP 40mg (Batch 28)","Glimepiride + Metformin","Tablets","Glycomet GP","Pfizer India",92,61,78.2,"Strip"
"Amaryl M XL (Batch 28)","Glimepiride + Metformin","Tablets","Amaryl","Micro Labs Ltd",185,122.7,157.3,"Strip"
"Glimisave M 400mg (Batch 28)","Glimepiride + Metformin","Tablets","Glimisave","Blue Cross Laboratories",93,61.7,79.1,"Strip"
"Jalra-M 50mg (Batch 28)","Vildagliptin + Metformin","Tablets","Jalra-M","Aristo Pharmaceuticals",231,153.2,196.4,"Strip"
"Galvus Met Duo (Batch 28)","Vildagliptin + Metformin","Tablets","Galvus","FDC Ltd",414,274.5,351.9,"Strip"
"Ziten M 500mg (Batch 28)","Teneligliptin + Metformin","Tablets","Ziten","J.B. Chemicals & Pharmaceuticals",97,64.4,82.5,"Strip"
"Dynaglipt M 75mg (Batch 28)","Teneligliptin + Metformin","Tablets","Dynaglipt","Wockhardt Ltd",155,102.8,131.8,"Strip"
"Voglistar Kid (Batch 28)","Voglibose","Tablets","Voglistar","Apex Laboratories",43,28.5,36.6,"Strip"
"Volibo 600mg (Batch 28)","Voglibose","Tablets","Volibo","Intas Pharmaceuticals",71,47.1,60.4,"Strip"
"Pantocid 80mg (Batch 28)","Pantoprazole","Tablets","Pantocid","Macleods Pharmaceuticals",119,78.9,101.1,"Strip"
"Pan Plus (Batch 28)","Pantoprazole","Tablets","Pan","Hetero Healthcare",112,74.3,95.2,"Strip"
"Pantodac 625mg (Batch 28)","Pantoprazole","Tablets","Pantodac","Biocon Ltd",90,59.7,76.5,"Strip"
"Pan-D 100mg (Batch 28)","Pantoprazole + Domperidone","Capsules","Pan-D","AstraZeneca India",178,118,151.3,"Strip"
"Pantocid-DSR Forte (Batch 28)","Pantoprazole + Domperidone","Capsules","Pantocid","Bayer India",211,139.9,179.4,"Strip"
"Pantosec-DSR 650mg (Batch 28)","Pantoprazole + Domperidone","Capsules","Pantosec","IPCA Laboratories",119,78.9,101.1,"Strip"
"Omez 150mg (Batch 28)","Omeprazole","Capsules","Omez","Alembic Pharmaceuticals",67,44.5,57,"Strip"
"Omecip 5mg (Batch 28)","Omeprazole","Capsules","Omecip","GSK Pharma",40,26.5,34,"Strip"
"Omez-D 1g (Batch 28)","Omeprazole + Domperidone","Capsules","Omez","Abbott India",68,45.1,57.8,"Strip"
"Rabicip 200mg (Batch 28)","Rabeprazole","Tablets","Rabicip","Sun Pharmaceutical Industries",111,73.6,94.4,"Strip"
"Rabeloc 10mg (Batch 28)","Rabeprazole","Tablets","Rabeloc","Cipla Ltd",119,78.9,101.1,"Strip"
"Rabicip-DSR SR (Batch 28)","Rabeprazole + Domperidone","Capsules","Rabicip","Lupin Ltd",187,124,159,"Strip"
"Razo-DSR 250mg (Batch 28)","Rabeprazole + Domperidone","Capsules","Razo","Mankind Pharma",175,116.1,148.8,"Strip"
"Sompraz 20mg (Batch 28)","Esomeprazole","Tablets","Sompraz","Torrent Pharmaceuticals",73,48.4,62.1,"Strip"
"Nexpro DSR (Batch 28)","Esomeprazole","Tablets","Nexpro","Dr. Reddy s Laboratories",151,100.2,128.4,"Strip"
"Sompraz-DSR 300mg (Batch 28)","Esomeprazole + Domperidone","Capsules","Sompraz","Alkem Laboratories",219,145.2,186.2,"Strip"
"Nexpro-RD 40mg (Batch 28)","Esomeprazole + Domperidone","Capsules","Nexpro","Glenmark Pharmaceuticals",202,133.9,171.7,"Strip"
"Aciloc XL (Batch 28)","Ranitidine","Tablets","Aciloc","Cadila Pharmaceuticals",22,14.6,18.7,"Strip"
"Rantac 400mg (Batch 28)","Ranitidine","Tablets","Rantac","Zydus Lifesciences",38,25.2,32.3,"Strip"
"Zinetac 50mg (Batch 28)","Ranitidine","Tablets","Zinetac","Sanofi India",30,19.9,25.5,"Strip"
"Okacet Duo (Batch 28)","Cetirizine","Tablets","Okacet","USV Private Ltd",19,12.6,16.2,"Strip"
"Cetcip 500mg (Batch 28)","Cetirizine","Tablets","Cetcip","Pfizer India",20,13.3,17,"Strip"
"Alerid 75mg (Batch 28)","Cetirizine","Tablets","Alerid","Micro Labs Ltd",29,19.3,24.7,"Strip"
"Teczine Kid (Batch 28)","Levocetirizine","Tablets","Teczine","Blue Cross Laboratories",78,51.7,66.3,"Strip"
"Lecope 600mg (Batch 28)","Levocetirizine","Tablets","Lecope","Aristo Pharmaceuticals",49,32.5,41.7,"Strip"
"Sizloc 80mg (Batch 28)","Levocetirizine","Tablets","Sizloc","FDC Ltd",54,35.8,45.9,"Strip"
"Montair-LC Plus (Batch 28)","Montelukast + Levocetirizine","Tablets","Montair","J.B. Chemicals & Pharmaceuticals",247,163.8,210,"Strip"
"Telekast-L 625mg (Batch 28)","Montelukast + Levocetirizine","Tablets","Telekast","Wockhardt Ltd",200,132.6,170,"Strip"
"Montemac-L 100mg (Batch 28)","Montelukast + Levocetirizine","Tablets","Montemac","Apex Laboratories",183,121.3,155.5,"Strip"
"Montek-LC Forte (Batch 28)","Montelukast + Levocetirizine","Tablets","Montek","Intas Pharmaceuticals",156,103.4,132.6,"Strip"
"Allegra 650mg (Batch 28)","Fexofenadine Hydrochloride","Tablets","Allegra","Macleods Pharmaceuticals",169,112.1,143.7,"Strip"
"Fexo 150mg (Batch 28)","Fexofenadine Hydrochloride","Tablets","Fexo","Hetero Healthcare",82,54.4,69.7,"Strip"
"Fexigra 5mg (Batch 28)","Fexofenadine Hydrochloride","Tablets","Fexigra","Biocon Ltd",90,59.7,76.5,"Strip"
"Avil 1g (Batch 28)","Pheniramine Maleate","Tablets","Avil","AstraZeneca India",16,10.6,13.6,"Strip"
"Atarax 200mg (Batch 28)","Hydroxyzine Hydrochloride","Tablets","Atarax","Bayer India",101,67,85.9,"Strip"
"Becosules 10mg (Batch 28)","Vitamin B Complex + Vitamin C","Capsules","Becosules","IPCA Laboratories",39,25.9,33.2,"Strip"
"Cobadex Forte SR (Batch 28)","Vitamin B Complex + Zinc","Capsules","Cobadex","Alembic Pharmaceuticals",39,25.9,33.2,"Strip"
"Zincovit 250mg (Batch 28)","Multivitamin + Multimineral","Tablets","Zincovit","GSK Pharma",105,69.7,89.3,"Strip"
"Revital H 20mg (Batch 28)","Multivitamins + Minerals + Ginseng","Capsules","Revital","Abbott India",283,187.7,240.6,"Strip"
"Limcee Orange DSR (Batch 28)","Vitamin C (Ascorbic Acid)","Tablets","Limcee","Sun Pharmaceutical Industries",26,17.2,22.1,"Strip"
"Celin chewable 300mg (Batch 28)","Vitamin C (Ascorbic Acid)","Tablets","Celin","Cipla Ltd",27,17.9,23,"Strip"
"Shelcal 40mg (Batch 28)","Calcium + Vitamin D3","Tablets","Shelcal","Lupin Ltd",102,67.6,86.7,"Strip"
"Cipcal XL (Batch 28)","Calcium + Vitamin D3","Tablets","Cipcal","Mankind Pharma",105,69.7,89.3,"Strip"
"Calcirol Sachet 400mg (Batch 28)","Cholecalciferol (Vitamin D3)","Others","Calcirol","Torrent Pharmaceuticals",33,21.9,28.1,"Sachet"
"D3-Must 50mg (Batch 28)","Cholecalciferol (Vitamin D3)","Capsules","D3-Must","Dr. Reddy s Laboratories",30,19.9,25.5,"Strip"
"Evion Duo (Batch 28)","Vitamin E","Capsules","Evion","Alkem Laboratories",39,25.9,33.2,"Strip"
"Neurobion Forte 500mg (Batch 28)","Vitamin B Complex + Methylcobalamin","Tablets","Neurobion","Glenmark Pharmaceuticals",32,21.2,27.2,"Strip"
"Mecobon 75mg (Batch 28)","Methylcobalamin","Tablets","Mecobon","Cadila Pharmaceuticals",90,59.7,76.5,"Strip"
"Asthalin Respules (Batch 28)","Salbutamol","Inhalers","Asthalin","Zydus Lifesciences",133,88.2,113.1,"Piece"
"Duolin Inhaler (Batch 28)","Levosalbutamol + Ipratropium Bromide","Inhalers","Duolin","Sanofi India",276,183,234.6,"Piece"
"Budecort Respules (Batch 28)","Budesonide","Inhalers","Budecort","USV Private Ltd",259,171.8,220.2,"Piece"
"Foracort Respules (Batch 28)","Budesonide + Formoterol Fumarate","Inhalers","Foracort","Pfizer India",342,226.7,290.7,"Piece"
"Benadryl Syrup 60ml Syrup (Batch 28)","Diphenhydramine + Ammonium Chloride + Sodium Citrate","Syrups","Benadryl","Micro Labs Ltd",130,86.2,110.5,"Bottle"
"Ascoril LS Syrup 100ml Syrup (Batch 28)","Ambroxol + Levosalbutamol + Guaiphenesin","Syrups","Ascoril","Blue Cross Laboratories",138,91.5,117.3,"Bottle"
"Grilinctus Syrup 60ml Syrup (Batch 28)","Dextromethorphan + Chlorpheniramine","Syrups","Grilinctus","Aristo Pharmaceuticals",126,83.5,107.1,"Bottle"
"Corex DX Syrup 100ml Syrup (Batch 28)","Chlorpheniramine + Dextromethorphan","Syrups","Corex","FDC Ltd",99,65.6,84.1,"Bottle"
"Solvin Cold Syrup 60ml Syrup (Batch 28)","Paracetamol + Phenylephrine + Chlorpheniramine","Syrups","Solvin","J.B. Chemicals & Pharmaceuticals",72,47.7,61.2,"Bottle"
"Volini Gel Inhaler (Batch 28)","Diclofenac + Methyl Salicylate + Menthol","Others","Volini","Wockhardt Ltd",75,49.8,63.8,"Piece"
"Moov Gel Inhaler (Batch 28)","Oil of Wintergreen + Menthol + Turpentine Oil","Others","Moov","Apex Laboratories",113,75,96.1,"Piece"
"Iodex Balm Inhaler (Batch 28)","Methyl Salicylate + Menthol + Camphor","Others","Iodex","Intas Pharmaceuticals",111,73.6,94.4,"Piece"
"Betnovate-N Inhaler (Batch 28)","Betamethasone + Neomycin","Others","Betnovate","Macleods Pharmaceuticals",49,32.5,41.7,"Piece"
"Betnovate-C Respules (Batch 28)","Betamethasone + Clioquinol","Others","Betnovate","Hetero Healthcare",40,26.5,34,"Piece"
"Betnovate-GM Respules (Batch 28)","Betamethasone + Gentamicin + Miconazole","Others","Betnovate","Biocon Ltd",67,44.5,57,"Piece"
"Quadriderm RF Respules (Batch 28)","Beclomethasone + Clotrimazole + Neomycin","Others","Quadriderm","AstraZeneca India",73,48.4,62.1,"Piece"
"Panderm Super Respules (Batch 28)","Clobetasol + Neomycin + Miconazole","Others","Panderm","Bayer India",106,70.3,90.1,"Piece"
"Tenovate Cream Inhaler (Batch 28)","Clobetasol Propionate","Others","Tenovate","IPCA Laboratories",64,42.4,54.4,"Piece"
"Ciplox Eye/Ear Drops Respules (Batch 28)","Ciprofloxacin Eye Drops","Drops","Ciplox","Alembic Pharmaceuticals",17,11.3,14.5,"Piece"
"Moxicip Eye Drops Respules (Batch 28)","Moxifloxacin Eye Drops","Drops","Moxicip","GSK Pharma",55,36.5,46.8,"Piece"
"Otrivin Nasal Spray Respules (Batch 28)","Xylometazoline Hydrochloride","Drops","Otrivin","Abbott India",98,65,83.3,"Piece"
"Nasoclear Drops Respules (Batch 28)","Sodium Chloride Nasal Solution","Drops","Nasoclear","Sun Pharmaceutical Industries",41,27.2,34.9,"Piece"
"Calpol Duo (Batch 29)","Paracetamol","Tablets","Calpol","Cipla Ltd",34,22.5,28.9,"Strip"
"Crocin Advance 500mg (Batch 29)","Paracetamol","Tablets","Crocin","Lupin Ltd",19,12.6,16.2,"Strip"
"Dolo 75mg (Batch 29)","Paracetamol","Tablets","Dolo","Mankind Pharma",25,16.6,21.3,"Strip"
"Pacimol Kid (Batch 29)","Paracetamol","Tablets","Pacimol","Torrent Pharmaceuticals",18,11.9,15.3,"Strip"
"Sumo L 600mg (Batch 29)","Paracetamol","Tablets","Sumo","Dr. Reddy s Laboratories",22,14.6,18.7,"Strip"
"Combiflam 80mg (Batch 29)","Ibuprofen + Paracetamol","Tablets","Combiflam","Alkem Laboratories",34,22.5,28.9,"Strip"
"Flexon Plus (Batch 29)","Ibuprofen + Paracetamol","Tablets","Flexon","Glenmark Pharmaceuticals",32,21.2,27.2,"Strip"
"Ibugesic Plus 625mg (Batch 29)","Ibuprofen + Paracetamol","Tablets","Ibugesic","Cadila Pharmaceuticals",28,18.6,23.8,"Strip"
"Acecloc 100mg (Batch 29)","Aceclofenac + Paracetamol","Tablets","Acecloc","Zydus Lifesciences",48,31.8,40.8,"Strip"
"Zerodol-P Forte (Batch 29)","Aceclofenac + Paracetamol","Tablets","Zerodol","Sanofi India",76,50.4,64.6,"Strip"
"Hifenac-P 650mg (Batch 29)","Aceclofenac + Paracetamol","Tablets","Hifenac","USV Private Ltd",59,39.2,50.2,"Strip"
"Zerodol-SP 150mg (Batch 29)","Aceclofenac + Paracetamol + Serratiopeptidase","Tablets","Zerodol","Pfizer India",102,67.6,86.7,"Strip"
"Meftal-Spas 5mg (Batch 29)","Mefenamic Acid + Dicyclomine","Tablets","Meftal","Micro Labs Ltd",50,33.2,42.5,"Strip"
"Cyclopam 1g (Batch 29)","Dicyclomine + Paracetamol","Tablets","Cyclopam","Blue Cross Laboratories",51,33.9,43.4,"Strip"
"Ultracet 200mg (Batch 29)","Tramadol + Paracetamol","Tablets","Ultracet","Aristo Pharmaceuticals",231,153.2,196.4,"Strip"
"Tramazac 10mg (Batch 29)","Tramadol","Capsules","Tramazac","FDC Ltd",84,55.7,71.4,"Strip"
"Nise SR (Batch 29)","Nimesulide","Tablets","Nise","J.B. Chemicals & Pharmaceuticals",72,47.7,61.2,"Strip"
"Nimulid 250mg (Batch 29)","Nimesulide","Tablets","Nimulid","Wockhardt Ltd",55,36.5,46.8,"Strip"
"Amox 20mg (Batch 29)","Amoxicillin","Capsules","Amox","Apex Laboratories",48,31.8,40.8,"Strip"
"Amoxil DSR (Batch 29)","Amoxicillin","Capsules","Amoxil","Intas Pharmaceuticals",56,37.1,47.6,"Strip"
"Mox 300mg (Batch 29)","Amoxicillin","Capsules","Mox","Macleods Pharmaceuticals",52,34.5,44.2,"Strip"
"Novamox 40mg (Batch 29)","Amoxicillin","Capsules","Novamox","Hetero Healthcare",54,35.8,45.9,"Strip"
"Clavam XL (Batch 29)","Amoxicillin + Potassium Clavulanate","Tablets","Clavam","Biocon Ltd",125,82.9,106.3,"Strip"
"Augmentin 400mg (Batch 29)","Amoxicillin + Potassium Clavulanate","Tablets","Augmentin","AstraZeneca India",168,111.4,142.8,"Strip"
"Moxikind-CV 50mg (Batch 29)","Amoxicillin + Potassium Clavulanate","Tablets","Moxikind","Bayer India",131,86.9,111.4,"Strip"
"Advent Duo (Batch 29)","Amoxicillin + Potassium Clavulanate","Tablets","Advent","IPCA Laboratories",189,125.3,160.7,"Strip"
"Azee 500mg (Batch 29)","Azithromycin","Tablets","Azee","Alembic Pharmaceuticals",107,71,91,"Strip"
"Azithral 75mg (Batch 29)","Azithromycin","Tablets","Azithral","GSK Pharma",140,92.8,119,"Strip"
"Azax Kid (Batch 29)","Azithromycin","Tablets","Azax","Abbott India",78,51.7,66.3,"Strip"
"Zifi 600mg (Batch 29)","Cefixime","Tablets","Zifi","Sun Pharmaceutical Industries",146,96.8,124.1,"Strip"
"Taxim-O 80mg (Batch 29)","Cefixime","Tablets","Taxim-O","Cipla Ltd",129,85.6,109.7,"Strip"
"Cefolac Plus (Batch 29)","Cefixime","Tablets","Cefolac","Lupin Ltd",102,67.6,86.7,"Strip"
"Milixim 625mg (Batch 29)","Cefixime","Tablets","Milixim","Mankind Pharma",107,71,91,"Strip"
"Gepod 100mg (Batch 29)","Cefpodoxime Proxetil","Tablets","Gepod","Torrent Pharmaceuticals",98,65,83.3,"Strip"
"Monocef-O Forte (Batch 29)","Cefpodoxime Proxetil","Tablets","Monocef-O","Dr. Reddy s Laboratories",181,120,153.9,"Strip"
"Macpod 650mg (Batch 29)","Cefpodoxime Proxetil","Tablets","Macpod","Alkem Laboratories",144,95.5,122.4,"Strip"
"Oflomac 150mg (Batch 29)","Ofloxacin","Tablets","Oflomac","Glenmark Pharmaceuticals",47,31.1,39.9,"Strip"
"Oframax 5mg (Batch 29)","Ofloxacin","Tablets","Oframax","Cadila Pharmaceuticals",55,36.5,46.8,"Strip"
"Oflotas 1g (Batch 29)","Ofloxacin","Tablets","Oflotas","Zydus Lifesciences",56,37.1,47.6,"Strip"
"Oflomac-OZ 200mg (Batch 29)","Ofloxacin + Ornidazole","Tablets","Oflomac","Sanofi India",81,53.7,68.9,"Strip"
"Zenflox-OZ 10mg (Batch 29)","Ofloxacin + Ornidazole","Tablets","Zenflox","USV Private Ltd",124,82.2,105.4,"Strip"
"Norflox SR (Batch 29)","Norfloxacin","Tablets","Norflox","Pfizer India",72,47.7,61.2,"Strip"
"Norflox-TZ 250mg (Batch 29)","Norfloxacin + Tinidazole","Tablets","Norflox","Micro Labs Ltd",100,66.3,85,"Strip"
"Ciplox 20mg (Batch 29)","Ciprofloxacin","Tablets","Ciplox","Blue Cross Laboratories",53,35.2,45.1,"Strip"
"Ciprobid DSR (Batch 29)","Ciprofloxacin","Tablets","Ciprobid","Aristo Pharmaceuticals",51,33.9,43.4,"Strip"
"Atorva 300mg (Batch 29)","Atorvastatin","Tablets","Atorva","FDC Ltd",129,85.6,109.7,"Strip"
"Lipitor 40mg (Batch 29)","Atorvastatin","Tablets","Lipitor","J.B. Chemicals & Pharmaceuticals",167,110.8,142,"Strip"
"Lipikind XL (Batch 29)","Atorvastatin","Tablets","Lipikind","Wockhardt Ltd",65,43.1,55.3,"Strip"
"Tonact 400mg (Batch 29)","Atorvastatin","Tablets","Tonact","Apex Laboratories",103,68.3,87.6,"Strip"
"Rosuvas 50mg (Batch 29)","Rosuvastatin","Tablets","Rosuvas","Intas Pharmaceuticals",156,103.4,132.6,"Strip"
"Rosyn Duo (Batch 29)","Rosuvastatin","Tablets","Rosyn","Macleods Pharmaceuticals",189,125.3,160.7,"Strip"
"Roseday 500mg (Batch 29)","Rosuvastatin","Tablets","Roseday","Hetero Healthcare",122,80.9,103.7,"Strip"
"Crevast 75mg (Batch 29)","Rosuvastatin","Tablets","Crevast","Biocon Ltd",170,112.7,144.5,"Strip"
"Telma Kid (Batch 29)","Telmisartan","Tablets","Telma","AstraZeneca India",53,35.2,45.1,"Strip"
"Telvas 600mg (Batch 29)","Telmisartan","Tablets","Telvas","Bayer India",89,59,75.6,"Strip"
"Telsar 80mg (Batch 29)","Telmisartan","Tablets","Telsar","IPCA Laboratories",124,82.2,105.4,"Strip"
"Telma-H Plus (Batch 29)","Telmisartan + Hydrochlorothiazide","Tablets","Telma","Alembic Pharmaceuticals",172,114,146.2,"Strip"
"Telvas-H 625mg (Batch 29)","Telmisartan + Hydrochlorothiazide","Tablets","Telvas","GSK Pharma",115,76.3,97.8,"Strip"
"Amlokind 100mg (Batch 29)","Amlodipine","Tablets","Amlokind","Abbott India",35,23.2,29.8,"Strip"
"Amlosafe Forte (Batch 29)","Amlodipine","Tablets","Amlosafe","Sun Pharmaceutical Industries",41,27.2,34.9,"Strip"
"Amlovas 650mg (Batch 29)","Amlodipine","Tablets","Amlovas","Cipla Ltd",17,11.3,14.5,"Strip"
"Cilacar 150mg (Batch 29)","Cilnidipine","Tablets","Cilacar","Lupin Ltd",112,74.3,95.2,"Strip"
"Cilnidac 5mg (Batch 29)","Cilnidipine","Tablets","Cilnidac","Mankind Pharma",115,76.3,97.8,"Strip"
"Concor 1g (Batch 29)","Bisoprolol Fumarate","Tablets","Concor","Torrent Pharmaceuticals",138,91.5,117.3,"Strip"
"Starpress 200mg (Batch 29)","Metoprolol Succinate","Tablets","Starpress","Dr. Reddy s Laboratories",46,30.5,39.1,"Strip"
"Metolar 10mg (Batch 29)","Metoprolol Tartrate","Tablets","Metolar","Alkem Laboratories",59,39.2,50.2,"Strip"
"Glycomet SR (Batch 29)","Metformin Hydrochloride","Tablets","Glycomet","Glenmark Pharmaceuticals",47,31.1,39.9,"Strip"
"Metformin SR 250mg (Batch 29)","Metformin Hydrochloride","Tablets","Metformin","Cadila Pharmaceuticals",27,17.9,23,"Strip"
"Glycomet GP 20mg (Batch 29)","Glimepiride + Metformin","Tablets","Glycomet GP","Zydus Lifesciences",133,88.2,113.1,"Strip"
"Amaryl M DSR (Batch 29)","Glimepiride + Metformin","Tablets","Amaryl","Sanofi India",146,96.8,124.1,"Strip"
"Glimisave M 300mg (Batch 29)","Glimepiride + Metformin","Tablets","Glimisave","USV Private Ltd",114,75.6,96.9,"Strip"
"Jalra-M 40mg (Batch 29)","Vildagliptin + Metformin","Tablets","Jalra-M","Pfizer India",162,107.4,137.7,"Strip"
"Galvus Met XL (Batch 29)","Vildagliptin + Metformin","Tablets","Galvus","Micro Labs Ltd",325,215.5,276.3,"Strip"
"Ziten M 400mg (Batch 29)","Teneligliptin + Metformin","Tablets","Ziten","Blue Cross Laboratories",138,91.5,117.3,"Strip"
"Dynaglipt M 50mg (Batch 29)","Teneligliptin + Metformin","Tablets","Dynaglipt","Aristo Pharmaceuticals",166,110.1,141.1,"Strip"
"Voglistar Duo (Batch 29)","Voglibose","Tablets","Voglistar","FDC Ltd",94,62.3,79.9,"Strip"
"Volibo 500mg (Batch 29)","Voglibose","Tablets","Volibo","J.B. Chemicals & Pharmaceuticals",97,64.4,82.5,"Strip"
"Pantocid 75mg (Batch 29)","Pantoprazole","Tablets","Pantocid","Wockhardt Ltd",160,106.1,136,"Strip"
"Pan Kid (Batch 29)","Pantoprazole","Tablets","Pan","Apex Laboratories",103,68.3,87.6,"Strip"
"Pantodac 600mg (Batch 29)","Pantoprazole","Tablets","Pantodac","Intas Pharmaceuticals",101,67,85.9,"Strip"
"Pan-D 80mg (Batch 29)","Pantoprazole + Domperidone","Capsules","Pan-D","Macleods Pharmaceuticals",169,112.1,143.7,"Strip"
"Pantocid-DSR Plus (Batch 29)","Pantoprazole + Domperidone","Capsules","Pantocid","Hetero Healthcare",172,114,146.2,"Strip"
"Pantosec-DSR 625mg (Batch 29)","Pantoprazole + Domperidone","Capsules","Pantosec","Biocon Ltd",160,106.1,136,"Strip"
"Omez 100mg (Batch 29)","Omeprazole","Capsules","Omez","AstraZeneca India",78,51.7,66.3,"Strip"
"Omecip Forte (Batch 29)","Omeprazole","Capsules","Omecip","Bayer India",61,40.5,51.9,"Strip"
"Omez-D 650mg (Batch 29)","Omeprazole + Domperidone","Capsules","Omez","IPCA Laboratories",89,59,75.6,"Strip"
"Rabicip 150mg (Batch 29)","Rabeprazole","Tablets","Rabicip","Alembic Pharmaceuticals",102,67.6,86.7,"Strip"
"Rabeloc 5mg (Batch 29)","Rabeprazole","Tablets","Rabeloc","GSK Pharma",75,49.8,63.8,"Strip"
"Rabicip-DSR 1g (Batch 29)","Rabeprazole + Domperidone","Capsules","Rabicip","Abbott India",118,78.2,100.3,"Strip"
"Razo-DSR 200mg (Batch 29)","Rabeprazole + Domperidone","Capsules","Razo","Sun Pharmaceutical Industries",136,90.2,115.6,"Strip"
"Sompraz 10mg (Batch 29)","Esomeprazole","Tablets","Sompraz","Cipla Ltd",114,75.6,96.9,"Strip"
"Nexpro SR (Batch 29)","Esomeprazole","Tablets","Nexpro","Lupin Ltd",67,44.5,57,"Strip"
"Sompraz-DSR 250mg (Batch 29)","Esomeprazole + Domperidone","Capsules","Sompraz","Mankind Pharma",180,119.3,153,"Strip"
"Nexpro-RD 20mg (Batch 29)","Esomeprazole + Domperidone","Capsules","Nexpro","Torrent Pharmaceuticals",113,75,96.1,"Strip"
"Aciloc DSR (Batch 29)","Ranitidine","Tablets","Aciloc","Dr. Reddy s Laboratories",13,8.6,11,"Strip"
"Rantac 300mg (Batch 29)","Ranitidine","Tablets","Rantac","Alkem Laboratories",29,19.3,24.7,"Strip"
"Zinetac 40mg (Batch 29)","Ranitidine","Tablets","Zinetac","Glenmark Pharmaceuticals",37,24.6,31.5,"Strip"
"Okacet XL (Batch 29)","Cetirizine","Tablets","Okacet","Cadila Pharmaceuticals",10,6.6,8.5,"Strip"
"Cetcip 400mg (Batch 29)","Cetirizine","Tablets","Cetcip","Zydus Lifesciences",23,15.3,19.6,"Strip"
"Alerid 50mg (Batch 29)","Cetirizine","Tablets","Alerid","Sanofi India",26,17.2,22.1,"Strip"
"Teczine Duo (Batch 29)","Levocetirizine","Tablets","Teczine","USV Private Ltd",54,35.8,45.9,"Strip"
"Lecope 500mg (Batch 29)","Levocetirizine","Tablets","Lecope","Pfizer India",40,26.5,34,"Strip"
"Sizloc 75mg (Batch 29)","Levocetirizine","Tablets","Sizloc","Micro Labs Ltd",33,21.9,28.1,"Strip"
"Montair-LC Kid (Batch 29)","Montelukast + Levocetirizine","Tablets","Montair","Blue Cross Laboratories",208,137.9,176.8,"Strip"
"Telekast-L 600mg (Batch 29)","Montelukast + Levocetirizine","Tablets","Telekast","Aristo Pharmaceuticals",131,86.9,111.4,"Strip"
"Montemac-L 80mg (Batch 29)","Montelukast + Levocetirizine","Tablets","Montemac","FDC Ltd",194,128.6,164.9,"Strip"
"Montek-LC Plus (Batch 29)","Montelukast + Levocetirizine","Tablets","Montek","J.B. Chemicals & Pharmaceuticals",227,150.5,193,"Strip"
"Allegra 625mg (Batch 29)","Fexofenadine Hydrochloride","Tablets","Allegra","Wockhardt Ltd",160,106.1,136,"Strip"
"Fexo 100mg (Batch 29)","Fexofenadine Hydrochloride","Tablets","Fexo","Apex Laboratories",103,68.3,87.6,"Strip"
"Fexigra Forte (Batch 29)","Fexofenadine Hydrochloride","Tablets","Fexigra","Intas Pharmaceuticals",101,67,85.9,"Strip"
"Avil 650mg (Batch 29)","Pheniramine Maleate","Tablets","Avil","Macleods Pharmaceuticals",17,11.3,14.5,"Strip"
"Atarax 150mg (Batch 29)","Hydroxyzine Hydrochloride","Tablets","Atarax","Hetero Healthcare",92,61,78.2,"Strip"
"Becosules 5mg (Batch 29)","Vitamin B Complex + Vitamin C","Capsules","Becosules","Biocon Ltd",25,16.6,21.3,"Strip"
"Cobadex Forte 1g (Batch 29)","Vitamin B Complex + Zinc","Capsules","Cobadex","AstraZeneca India",30,19.9,25.5,"Strip"
"Zincovit 200mg (Batch 29)","Multivitamin + Multimineral","Tablets","Zincovit","Bayer India",96,63.6,81.6,"Strip"
"Revital H 10mg (Batch 29)","Multivitamins + Minerals + Ginseng","Capsules","Revital","IPCA Laboratories",244,161.8,207.4,"Strip"
"Limcee Orange SR (Batch 29)","Vitamin C (Ascorbic Acid)","Tablets","Limcee","Alembic Pharmaceuticals",17,11.3,14.5,"Strip"
"Celin chewable 250mg (Batch 29)","Vitamin C (Ascorbic Acid)","Tablets","Celin","GSK Pharma",18,11.9,15.3,"Strip"
"Shelcal 20mg (Batch 29)","Calcium + Vitamin D3","Tablets","Shelcal","Abbott India",123,81.6,104.6,"Strip"
"Cipcal DSR (Batch 29)","Calcium + Vitamin D3","Tablets","Cipcal","Sun Pharmaceutical Industries",96,63.6,81.6,"Strip"
"Calcirol Sachet 300mg (Batch 29)","Cholecalciferol (Vitamin D3)","Others","Calcirol","Cipla Ltd",44,29.2,37.4,"Sachet"
"D3-Must 40mg (Batch 29)","Cholecalciferol (Vitamin D3)","Capsules","D3-Must","Lupin Ltd",41,27.2,34.9,"Strip"
"Evion XL (Batch 29)","Vitamin E","Capsules","Evion","Mankind Pharma",30,19.9,25.5,"Strip"
"Neurobion Forte 400mg (Batch 29)","Vitamin B Complex + Methylcobalamin","Tablets","Neurobion","Torrent Pharmaceuticals",43,28.5,36.6,"Strip"
"Mecobon 50mg (Batch 29)","Methylcobalamin","Tablets","Mecobon","Dr. Reddy s Laboratories",161,106.8,136.9,"Strip"
"Asthalin Respules (Batch 29)","Salbutamol","Inhalers","Asthalin","Alkem Laboratories",144,95.5,122.4,"Piece"
"Duolin Respules (Batch 29)","Levosalbutamol + Ipratropium Bromide","Inhalers","Duolin","Glenmark Pharmaceuticals",297,197,252.5,"Piece"
"Budecort Respules (Batch 29)","Budesonide","Inhalers","Budecort","Cadila Pharmaceuticals",250,165.8,212.5,"Piece"
"Foracort Respules (Batch 29)","Budesonide + Formoterol Fumarate","Inhalers","Foracort","Zydus Lifesciences",303,200.9,257.6,"Piece"
"Benadryl Syrup 100ml Syrup (Batch 29)","Diphenhydramine + Ammonium Chloride + Sodium Citrate","Syrups","Benadryl","Sanofi India",121,80.3,102.9,"Bottle"
"Ascoril LS Syrup 60ml Syrup (Batch 29)","Ambroxol + Levosalbutamol + Guaiphenesin","Syrups","Ascoril","USV Private Ltd",99,65.6,84.1,"Bottle"
"Grilinctus Syrup 100ml Syrup (Batch 29)","Dextromethorphan + Chlorpheniramine","Syrups","Grilinctus","Pfizer India",102,67.6,86.7,"Bottle"
"Corex DX Syrup 60ml Syrup (Batch 29)","Chlorpheniramine + Dextromethorphan","Syrups","Corex","Micro Labs Ltd",140,92.8,119,"Bottle"
"Solvin Cold Syrup 100ml Syrup (Batch 29)","Paracetamol + Phenylephrine + Chlorpheniramine","Syrups","Solvin","Blue Cross Laboratories",93,61.7,79.1,"Bottle"
"Volini Gel Respules (Batch 29)","Diclofenac + Methyl Salicylate + Menthol","Others","Volini","Aristo Pharmaceuticals",116,76.9,98.6,"Piece"
"Moov Gel Respules (Batch 29)","Oil of Wintergreen + Menthol + Turpentine Oil","Others","Moov","FDC Ltd",124,82.2,105.4,"Piece"
"Iodex Balm Inhaler (Batch 29)","Methyl Salicylate + Menthol + Camphor","Others","Iodex","J.B. Chemicals & Pharmaceuticals",102,67.6,86.7,"Piece"
"Betnovate-N Respules (Batch 29)","Betamethasone + Neomycin","Others","Betnovate","Wockhardt Ltd",35,23.2,29.8,"Piece"
"Betnovate-C Respules (Batch 29)","Betamethasone + Clioquinol","Others","Betnovate","Apex Laboratories",51,33.9,43.4,"Piece"
"Betnovate-GM Respules (Batch 29)","Betamethasone + Gentamicin + Miconazole","Others","Betnovate","Intas Pharmaceuticals",58,38.5,49.3,"Piece"
"Quadriderm RF Respules (Batch 29)","Beclomethasone + Clotrimazole + Neomycin","Others","Quadriderm","Macleods Pharmaceuticals",104,69,88.4,"Piece"
"Panderm Super Inhaler (Batch 29)","Clobetasol + Neomycin + Miconazole","Others","Panderm","Hetero Healthcare",82,54.4,69.7,"Piece"
"Tenovate Cream Inhaler (Batch 29)","Clobetasol Propionate","Others","Tenovate","Biocon Ltd",50,33.2,42.5,"Piece"
"Ciplox Eye/Ear Drops Respules (Batch 29)","Ciprofloxacin Eye Drops","Drops","Ciplox","AstraZeneca India",23,15.3,19.6,"Piece"
"Moxicip Eye Drops Inhaler (Batch 29)","Moxifloxacin Eye Drops","Drops","Moxicip","Bayer India",76,50.4,64.6,"Piece"
"Otrivin Nasal Spray Inhaler (Batch 29)","Xylometazoline Hydrochloride","Drops","Otrivin","IPCA Laboratories",89,59,75.6,"Piece"
"Nasoclear Drops Inhaler (Batch 29)","Sodium Chloride Nasal Solution","Drops","Nasoclear","Alembic Pharmaceuticals",52,34.5,44.2,"Piece"
"Calpol XL (Batch 30)","Paracetamol","Tablets","Calpol","GSK Pharma",25,16.6,21.3,"Strip"
"Crocin Advance 400mg (Batch 30)","Paracetamol","Tablets","Crocin","Abbott India",25,16.6,21.3,"Strip"
"Dolo 50mg (Batch 30)","Paracetamol","Tablets","Dolo","Sun Pharmaceutical Industries",31,20.6,26.4,"Strip"
"Pacimol Duo (Batch 30)","Paracetamol","Tablets","Pacimol","Cipla Ltd",19,12.6,16.2,"Strip"
"Sumo L 500mg (Batch 30)","Paracetamol","Tablets","Sumo","Lupin Ltd",25,16.6,21.3,"Strip"
"Combiflam 75mg (Batch 30)","Ibuprofen + Paracetamol","Tablets","Combiflam","Mankind Pharma",45,29.9,38.3,"Strip"
"Flexon Kid (Batch 30)","Ibuprofen + Paracetamol","Tablets","Flexon","Torrent Pharmaceuticals",23,15.3,19.6,"Strip"
"Ibugesic Plus 600mg (Batch 30)","Ibuprofen + Paracetamol","Tablets","Ibugesic","Dr. Reddy s Laboratories",19,12.6,16.2,"Strip"
"Acecloc 80mg (Batch 30)","Aceclofenac + Paracetamol","Tablets","Acecloc","Alkem Laboratories",79,52.3,67.1,"Strip"
"Zerodol-P Plus (Batch 30)","Aceclofenac + Paracetamol","Tablets","Zerodol","Glenmark Pharmaceuticals",67,44.5,57,"Strip"
"Hifenac-P 625mg (Batch 30)","Aceclofenac + Paracetamol","Tablets","Hifenac","Cadila Pharmaceuticals",80,53,68,"Strip"
"Zerodol-SP 100mg (Batch 30)","Aceclofenac + Paracetamol + Serratiopeptidase","Tablets","Zerodol","Zydus Lifesciences",113,75,96.1,"Strip"
"Meftal-Spas Forte (Batch 30)","Mefenamic Acid + Dicyclomine","Tablets","Meftal","Sanofi India",41,27.2,34.9,"Strip"
"Cyclopam 650mg (Batch 30)","Dicyclomine + Paracetamol","Tablets","Cyclopam","USV Private Ltd",62,41.1,52.7,"Strip"
"Ultracet 150mg (Batch 30)","Tramadol + Paracetamol","Tablets","Ultracet","Pfizer India",162,107.4,137.7,"Strip"
"Tramazac 5mg (Batch 30)","Tramadol","Capsules","Tramazac","Micro Labs Ltd",95,63,80.8,"Strip"
"Nise 1g (Batch 30)","Nimesulide","Tablets","Nise","Blue Cross Laboratories",93,61.7,79.1,"Strip"
"Nimulid 200mg (Batch 30)","Nimesulide","Tablets","Nimulid","Aristo Pharmaceuticals",86,57,73.1,"Strip"
"Amox 10mg (Batch 30)","Amoxicillin","Capsules","Amox","FDC Ltd",39,25.9,33.2,"Strip"
"Amoxil SR (Batch 30)","Amoxicillin","Capsules","Amoxil","J.B. Chemicals & Pharmaceuticals",67,44.5,57,"Strip"
"Mox 250mg (Batch 30)","Amoxicillin","Capsules","Mox","Wockhardt Ltd",73,48.4,62.1,"Strip"
"Novamox 20mg (Batch 30)","Amoxicillin","Capsules","Novamox","Apex Laboratories",45,29.9,38.3,"Strip"
"Clavam DSR (Batch 30)","Amoxicillin + Potassium Clavulanate","Tablets","Clavam","Intas Pharmaceuticals",136,90.2,115.6,"Strip"
"Augmentin 300mg (Batch 30)","Amoxicillin + Potassium Clavulanate","Tablets","Augmentin","Macleods Pharmaceuticals",159,105.5,135.2,"Strip"
"Moxikind-CV 40mg (Batch 30)","Amoxicillin + Potassium Clavulanate","Tablets","Moxikind","Hetero Healthcare",152,100.8,129.2,"Strip"
"Advent XL (Batch 30)","Amoxicillin + Potassium Clavulanate","Tablets","Advent","Biocon Ltd",200,132.6,170,"Strip"
"Azee 400mg (Batch 30)","Azithromycin","Tablets","Azee","AstraZeneca India",128,84.9,108.8,"Strip"
"Azithral 50mg (Batch 30)","Azithromycin","Tablets","Azithral","Bayer India",151,100.2,128.4,"Strip"
"Azax Duo (Batch 30)","Azithromycin","Tablets","Azax","IPCA Laboratories",69,45.8,58.7,"Strip"
"Zifi 500mg (Batch 30)","Cefixime","Tablets","Zifi","Alembic Pharmaceuticals",107,71,91,"Strip"
"Taxim-O 75mg (Batch 30)","Cefixime","Tablets","Taxim-O","GSK Pharma",120,79.6,102,"Strip"
"Cefolac Kid (Batch 30)","Cefixime","Tablets","Cefolac","Abbott India",123,81.6,104.6,"Strip"
"Milixim 600mg (Batch 30)","Cefixime","Tablets","Milixim","Sun Pharmaceutical Industries",143,94.8,121.6,"Strip"
"Gepod 80mg (Batch 30)","Cefpodoxime Proxetil","Tablets","Gepod","Cipla Ltd",169,112.1,143.7,"Strip"
"Monocef-O Plus (Batch 30)","Cefpodoxime Proxetil","Tablets","Monocef-O","Lupin Ltd",202,133.9,171.7,"Strip"
"Macpod 625mg (Batch 30)","Cefpodoxime Proxetil","Tablets","Macpod","Mankind Pharma",135,89.5,114.8,"Strip"
"Oflomac 100mg (Batch 30)","Ofloxacin","Tablets","Oflomac","Torrent Pharmaceuticals",78,51.7,66.3,"Strip"
"Oframax Forte (Batch 30)","Ofloxacin","Tablets","Oframax","Dr. Reddy s Laboratories",76,50.4,64.6,"Strip"
"Oflotas 650mg (Batch 30)","Ofloxacin","Tablets","Oflotas","Alkem Laboratories",42,27.8,35.7,"Strip"
"Oflomac-OZ 150mg (Batch 30)","Ofloxacin + Ornidazole","Tablets","Oflomac","Glenmark Pharmaceuticals",132,87.5,112.2,"Strip"
"Zenflox-OZ 5mg (Batch 30)","Ofloxacin + Ornidazole","Tablets","Zenflox","Cadila Pharmaceuticals",85,56.4,72.3,"Strip"
"Norflox 1g (Batch 30)","Norfloxacin","Tablets","Norflox","Zydus Lifesciences",58,38.5,49.3,"Strip"
"Norflox-TZ 200mg (Batch 30)","Norfloxacin + Tinidazole","Tablets","Norflox","Sanofi India",76,50.4,64.6,"Strip"
"Ciplox 10mg (Batch 30)","Ciprofloxacin","Tablets","Ciplox","USV Private Ltd",44,29.2,37.4,"Strip"
"Ciprobid SR (Batch 30)","Ciprofloxacin","Tablets","Ciprobid","Pfizer India",42,27.8,35.7,"Strip"
"Atorva 250mg (Batch 30)","Atorvastatin","Tablets","Atorva","Micro Labs Ltd",120,79.6,102,"Strip"
"Lipitor 20mg (Batch 30)","Atorvastatin","Tablets","Lipitor","Blue Cross Laboratories",328,217.5,278.8,"Strip"
"Lipikind DSR (Batch 30)","Atorvastatin","Tablets","Lipikind","Aristo Pharmaceuticals",56,37.1,47.6,"Strip"
"Tonact 300mg (Batch 30)","Atorvastatin","Tablets","Tonact","FDC Ltd",144,95.5,122.4,"Strip"
"Rosuvas 40mg (Batch 30)","Rosuvastatin","Tablets","Rosuvas","J.B. Chemicals & Pharmaceuticals",87,57.7,74,"Strip"
"Rosyn XL (Batch 30)","Rosuvastatin","Tablets","Rosyn","Wockhardt Ltd",150,99.5,127.5,"Strip"
"Roseday 400mg (Batch 30)","Rosuvastatin","Tablets","Roseday","Apex Laboratories",133,88.2,113.1,"Strip"
"Crevast 50mg (Batch 30)","Rosuvastatin","Tablets","Crevast","Intas Pharmaceuticals",161,106.8,136.9,"Strip"
"Telma Duo (Batch 30)","Telmisartan","Tablets","Telma","Macleods Pharmaceuticals",94,62.3,79.9,"Strip"
"Telvas 500mg (Batch 30)","Telmisartan","Tablets","Telvas","Hetero Healthcare",110,72.9,93.5,"Strip"
"Telsar 75mg (Batch 30)","Telmisartan","Tablets","Telsar","Biocon Ltd",40,26.5,34,"Strip"
"Telma-H Kid (Batch 30)","Telmisartan + Hydrochlorothiazide","Tablets","Telma","AstraZeneca India",163,108,138.5,"Strip"
"Telvas-H 600mg (Batch 30)","Telmisartan + Hydrochlorothiazide","Tablets","Telvas","Bayer India",126,83.5,107.1,"Strip"
"Amlokind 80mg (Batch 30)","Amlodipine","Tablets","Amlokind","IPCA Laboratories",21,13.9,17.8,"Strip"
"Amlosafe Plus (Batch 30)","Amlodipine","Tablets","Amlosafe","Alembic Pharmaceuticals",32,21.2,27.2,"Strip"
"Amlovas 625mg (Batch 30)","Amlodipine","Tablets","Amlovas","GSK Pharma",24,15.9,20.4,"Strip"
"Cilacar 100mg (Batch 30)","Cilnidipine","Tablets","Cilacar","Abbott India",133,88.2,113.1,"Strip"
"Cilnidac Forte (Batch 30)","Cilnidipine","Tablets","Cilnidac","Sun Pharmaceutical Industries",106,70.3,90.1,"Strip"
"Concor 650mg (Batch 30)","Bisoprolol Fumarate","Tablets","Concor","Cipla Ltd",129,85.6,109.7,"Strip"
"Starpress 150mg (Batch 30)","Metoprolol Succinate","Tablets","Starpress","Lupin Ltd",67,44.5,57,"Strip"
"Metolar 5mg (Batch 30)","Metoprolol Tartrate","Tablets","Metolar","Mankind Pharma",50,33.2,42.5,"Strip"
"Glycomet 1g (Batch 30)","Metformin Hydrochloride","Tablets","Glycomet","Torrent Pharmaceuticals",33,21.9,28.1,"Strip"
"Metformin SR 200mg (Batch 30)","Metformin Hydrochloride","Tablets","Metformin","Dr. Reddy s Laboratories",13,8.6,11,"Strip"
"Glycomet GP 10mg (Batch 30)","Glimepiride + Metformin","Tablets","Glycomet GP","Alkem Laboratories",64,42.4,54.4,"Strip"
"Amaryl M SR (Batch 30)","Glimepiride + Metformin","Tablets","Amaryl","Glenmark Pharmaceuticals",107,71,91,"Strip"
"Glimisave M 250mg (Batch 30)","Glimepiride + Metformin","Tablets","Glimisave","Cadila Pharmaceuticals",45,29.9,38.3,"Strip"
"Jalra-M 20mg (Batch 30)","Vildagliptin + Metformin","Tablets","Jalra-M","Zydus Lifesciences",273,181,232.1,"Strip"
"Galvus Met DSR (Batch 30)","Vildagliptin + Metformin","Tablets","Galvus","Sanofi India",236,156.5,200.6,"Strip"
"Ziten M 300mg (Batch 30)","Teneligliptin + Metformin","Tablets","Ziten","USV Private Ltd",179,118.7,152.2,"Strip"
"Dynaglipt M 40mg (Batch 30)","Teneligliptin + Metformin","Tablets","Dynaglipt","Pfizer India",177,117.4,150.5,"Strip"
"Voglistar XL (Batch 30)","Voglibose","Tablets","Voglistar","Micro Labs Ltd",85,56.4,72.3,"Strip"
"Volibo 400mg (Batch 30)","Voglibose","Tablets","Volibo","Blue Cross Laboratories",58,38.5,49.3,"Strip"
"Pantocid 50mg (Batch 30)","Pantoprazole","Tablets","Pantocid","Aristo Pharmaceuticals",91,60.4,77.4,"Strip"
"Pan Duo (Batch 30)","Pantoprazole","Tablets","Pan","FDC Ltd",94,62.3,79.9,"Strip"
"Pantodac 500mg (Batch 30)","Pantoprazole","Tablets","Pantodac","J.B. Chemicals & Pharmaceuticals",112,74.3,95.2,"Strip"
"Pan-D 75mg (Batch 30)","Pantoprazole + Domperidone","Capsules","Pan-D","Wockhardt Ltd",160,106.1,136,"Strip"
"Pantocid-DSR Kid (Batch 30)","Pantoprazole + Domperidone","Capsules","Pantocid","Apex Laboratories",133,88.2,113.1,"Strip"
"Pantosec-DSR 600mg (Batch 30)","Pantoprazole + Domperidone","Capsules","Pantosec","Intas Pharmaceuticals",201,133.3,170.9,"Strip"
"Omez 80mg (Batch 30)","Omeprazole","Capsules","Omez","Macleods Pharmaceuticals",39,25.9,33.2,"Strip"
"Omecip Plus (Batch 30)","Omeprazole","Capsules","Omecip","Hetero Healthcare",37,24.6,31.5,"Strip"
"Omez-D 625mg (Batch 30)","Omeprazole + Domperidone","Capsules","Omez","Biocon Ltd",110,72.9,93.5,"Strip"
"Rabicip 100mg (Batch 30)","Rabeprazole","Tablets","Rabicip","AstraZeneca India",93,61.7,79.1,"Strip"
"Rabeloc Forte (Batch 30)","Rabeprazole","Tablets","Rabeloc","Bayer India",116,76.9,98.6,"Strip"
"Rabicip-DSR 650mg (Batch 30)","Rabeprazole + Domperidone","Capsules","Rabicip","IPCA Laboratories",159,105.5,135.2,"Strip"
"Razo-DSR 150mg (Batch 30)","Rabeprazole + Domperidone","Capsules","Razo","Alembic Pharmaceuticals",227,150.5,193,"Strip"
"Sompraz 5mg (Batch 30)","Esomeprazole","Tablets","Sompraz","GSK Pharma",155,102.8,131.8,"Strip"
"Nexpro 1g (Batch 30)","Esomeprazole","Tablets","Nexpro","Abbott India",88,58.3,74.8,"Strip"
"Sompraz-DSR 200mg (Batch 30)","Esomeprazole + Domperidone","Capsules","Sompraz","Sun Pharmaceutical Industries",141,93.5,119.9,"Strip"
"Nexpro-RD 10mg (Batch 30)","Esomeprazole + Domperidone","Capsules","Nexpro","Cipla Ltd",149,98.8,126.7,"Strip"
"Aciloc SR (Batch 30)","Ranitidine","Tablets","Aciloc","Lupin Ltd",34,22.5,28.9,"Strip"
"Rantac 250mg (Batch 30)","Ranitidine","Tablets","Rantac","Mankind Pharma",20,13.3,17,"Strip"
"Zinetac 20mg (Batch 30)","Ranitidine","Tablets","Zinetac","Torrent Pharmaceuticals",16,10.6,13.6,"Strip"
"Okacet DSR (Batch 30)","Cetirizine","Tablets","Okacet","Dr. Reddy s Laboratories",21,13.9,17.8,"Strip"
"Cetcip 300mg (Batch 30)","Cetirizine","Tablets","Cetcip","Alkem Laboratories",26,17.2,22.1,"Strip"
"Alerid 40mg (Batch 30)","Cetirizine","Tablets","Alerid","Glenmark Pharmaceuticals",23,15.3,19.6,"Strip"
"Teczine XL (Batch 30)","Levocetirizine","Tablets","Teczine","Cadila Pharmaceuticals",75,49.8,63.8,"Strip"
"Lecope 400mg (Batch 30)","Levocetirizine","Tablets","Lecope","Zydus Lifesciences",31,20.6,26.4,"Strip"
"Sizloc 50mg (Batch 30)","Levocetirizine","Tablets","Sizloc","Sanofi India",54,35.8,45.9,"Strip"
"Montair-LC Duo (Batch 30)","Montelukast + Levocetirizine","Tablets","Montair","USV Private Ltd",169,112.1,143.7,"Strip"
"Telekast-L 500mg (Batch 30)","Montelukast + Levocetirizine","Tablets","Telekast","Pfizer India",172,114,146.2,"Strip"
"Montemac-L 75mg (Batch 30)","Montelukast + Levocetirizine","Tablets","Montemac","Micro Labs Ltd",205,136,174.3,"Strip"
"Montek-LC Kid (Batch 30)","Montelukast + Levocetirizine","Tablets","Montek","Blue Cross Laboratories",183,121.3,155.5,"Strip"
"Allegra 600mg (Batch 30)","Fexofenadine Hydrochloride","Tablets","Allegra","Aristo Pharmaceuticals",151,100.2,128.4,"Strip"
"Fexo 80mg (Batch 30)","Fexofenadine Hydrochloride","Tablets","Fexo","FDC Ltd",124,82.2,105.4,"Strip"
"Fexigra Plus (Batch 30)","Fexofenadine Hydrochloride","Tablets","Fexigra","J.B. Chemicals & Pharmaceuticals",112,74.3,95.2,"Strip"
"Avil 625mg (Batch 30)","Pheniramine Maleate","Tablets","Avil","Wockhardt Ltd",8,5.3,6.8,"Strip"
"Atarax 100mg (Batch 30)","Hydroxyzine Hydrochloride","Tablets","Atarax","Apex Laboratories",83,55.1,70.6,"Strip"
"Becosules Forte (Batch 30)","Vitamin B Complex + Vitamin C","Capsules","Becosules","Intas Pharmaceuticals",36,23.9,30.6,"Strip"
"Cobadex Forte 650mg (Batch 30)","Vitamin B Complex + Zinc","Capsules","Cobadex","Macleods Pharmaceuticals",41,27.2,34.9,"Strip"
"Zincovit 150mg (Batch 30)","Multivitamin + Multimineral","Tablets","Zincovit","Hetero Healthcare",87,57.7,74,"Strip"
"Revital H 5mg (Batch 30)","Multivitamins + Minerals + Ginseng","Capsules","Revital","Biocon Ltd",205,136,174.3,"Strip"
"Limcee Orange 1g (Batch 30)","Vitamin C (Ascorbic Acid)","Tablets","Limcee","AstraZeneca India",23,15.3,19.6,"Strip"
"Celin chewable 200mg (Batch 30)","Vitamin C (Ascorbic Acid)","Tablets","Celin","Bayer India",24,15.9,20.4,"Strip"
"Shelcal 10mg (Batch 30)","Calcium + Vitamin D3","Tablets","Shelcal","IPCA Laboratories",144,95.5,122.4,"Strip"
"Cipcal SR (Batch 30)","Calcium + Vitamin D3","Tablets","Cipcal","Alembic Pharmaceuticals",87,57.7,74,"Strip"
"Calcirol Sachet 250mg (Batch 30)","Cholecalciferol (Vitamin D3)","Others","Calcirol","GSK Pharma",35,23.2,29.8,"Sachet"
"D3-Must 20mg (Batch 30)","Cholecalciferol (Vitamin D3)","Capsules","D3-Must","Abbott India",27,17.9,23,"Strip"
"Evion DSR (Batch 30)","Vitamin E","Capsules","Evion","Sun Pharmaceutical Industries",61,40.5,51.9,"Strip"
"Neurobion Forte 300mg (Batch 30)","Vitamin B Complex + Methylcobalamin","Tablets","Neurobion","Cipla Ltd",34,22.5,28.9,"Strip"
"Mecobon 40mg (Batch 30)","Methylcobalamin","Tablets","Mecobon","Lupin Ltd",152,100.8,129.2,"Strip"
"Asthalin Respules (Batch 30)","Salbutamol","Inhalers","Asthalin","Mankind Pharma",105,69.7,89.3,"Piece"
"Duolin Respules (Batch 30)","Levosalbutamol + Ipratropium Bromide","Inhalers","Duolin","Torrent Pharmaceuticals",228,151.2,193.8,"Piece"
"Budecort Inhaler (Batch 30)","Budesonide","Inhalers","Budecort","Dr. Reddy s Laboratories",241,159.8,204.9,"Piece"
"Foracort Inhaler (Batch 30)","Budesonide + Formoterol Fumarate","Inhalers","Foracort","Alkem Laboratories",264,175,224.4,"Piece"
"Benadryl Syrup 60ml Syrup (Batch 30)","Diphenhydramine + Ammonium Chloride + Sodium Citrate","Syrups","Benadryl","Glenmark Pharmaceuticals",112,74.3,95.2,"Bottle"
"Ascoril LS Syrup 100ml Syrup (Batch 30)","Ambroxol + Levosalbutamol + Guaiphenesin","Syrups","Ascoril","Cadila Pharmaceuticals",110,72.9,93.5,"Bottle"
"Grilinctus Syrup 60ml Syrup (Batch 30)","Dextromethorphan + Chlorpheniramine","Syrups","Grilinctus","Zydus Lifesciences",123,81.6,104.6,"Bottle"
"Corex DX Syrup 100ml Syrup (Batch 30)","Chlorpheniramine + Dextromethorphan","Syrups","Corex","Sanofi India",126,83.5,107.1,"Bottle"
"Solvin Cold Syrup 60ml Syrup (Batch 30)","Paracetamol + Phenylephrine + Chlorpheniramine","Syrups","Solvin","USV Private Ltd",79,52.3,67.1,"Bottle"
"Volini Gel Inhaler (Batch 30)","Diclofenac + Methyl Salicylate + Menthol","Others","Volini","Pfizer India",47,31.1,39.9,"Piece"
"Moov Gel Respules (Batch 30)","Oil of Wintergreen + Menthol + Turpentine Oil","Others","Moov","Micro Labs Ltd",135,89.5,114.8,"Piece"
"Iodex Balm Respules (Batch 30)","Methyl Salicylate + Menthol + Camphor","Others","Iodex","Blue Cross Laboratories",93,61.7,79.1,"Piece"
"Betnovate-N Respules (Batch 30)","Betamethasone + Neomycin","Others","Betnovate","Aristo Pharmaceuticals",46,30.5,39.1,"Piece"
"Betnovate-C Inhaler (Batch 30)","Betamethasone + Clioquinol","Others","Betnovate","FDC Ltd",62,41.1,52.7,"Piece"
"Betnovate-GM Respules (Batch 30)","Betamethasone + Gentamicin + Miconazole","Others","Betnovate","J.B. Chemicals & Pharmaceuticals",49,32.5,41.7,"Piece"
"Quadriderm RF Respules (Batch 30)","Beclomethasone + Clotrimazole + Neomycin","Others","Quadriderm","Wockhardt Ltd",95,63,80.8,"Piece"
"Panderm Super Respules (Batch 30)","Clobetasol + Neomycin + Miconazole","Others","Panderm","Apex Laboratories",103,68.3,87.6,"Piece"
"Tenovate Cream Respules (Batch 30)","Clobetasol Propionate","Others","Tenovate","Intas Pharmaceuticals",71,47.1,60.4,"Piece"
"Ciplox Eye/Ear Drops Inhaler (Batch 30)","Ciprofloxacin Eye Drops","Drops","Ciplox","Macleods Pharmaceuticals",29,19.3,24.7,"Piece"
"Moxicip Eye Drops Inhaler (Batch 30)","Moxifloxacin Eye Drops","Drops","Moxicip","Hetero Healthcare",62,41.1,52.7,"Piece"
"Otrivin Nasal Spray Inhaler (Batch 30)","Xylometazoline Hydrochloride","Drops","Otrivin","Biocon Ltd",80,53,68,"Piece"
"Nasoclear Drops Respules (Batch 30)","Sodium Chloride Nasal Solution","Drops","Nasoclear","AstraZeneca India",43,28.5,36.6,"Piece"
"Calpol DSR (Batch 31)","Paracetamol","Tablets","Calpol","Bayer India",16,10.6,13.6,"Strip"
"Crocin Advance 300mg (Batch 31)","Paracetamol","Tablets","Crocin","IPCA Laboratories",16,10.6,13.6,"Strip"
"Dolo 40mg (Batch 31)","Paracetamol","Tablets","Dolo","Alembic Pharmaceuticals",22,14.6,18.7,"Strip"
"Pacimol XL (Batch 31)","Paracetamol","Tablets","Pacimol","GSK Pharma",10,6.6,8.5,"Strip"
"Sumo L 400mg (Batch 31)","Paracetamol","Tablets","Sumo","Abbott India",16,10.6,13.6,"Strip"
"Combiflam 50mg (Batch 31)","Ibuprofen + Paracetamol","Tablets","Combiflam","Sun Pharmaceutical Industries",31,20.6,26.4,"Strip"
"Flexon Duo (Batch 31)","Ibuprofen + Paracetamol","Tablets","Flexon","Cipla Ltd",29,19.3,24.7,"Strip"
"Ibugesic Plus 500mg (Batch 31)","Ibuprofen + Paracetamol","Tablets","Ibugesic","Lupin Ltd",25,16.6,21.3,"Strip"
"Acecloc 75mg (Batch 31)","Aceclofenac + Paracetamol","Tablets","Acecloc","Mankind Pharma",70,46.4,59.5,"Strip"
"Zerodol-P Kid (Batch 31)","Aceclofenac + Paracetamol","Tablets","Zerodol","Torrent Pharmaceuticals",98,65,83.3,"Strip"
"Hifenac-P 600mg (Batch 31)","Aceclofenac + Paracetamol","Tablets","Hifenac","Dr. Reddy s Laboratories",66,43.8,56.1,"Strip"
"Zerodol-SP 80mg (Batch 31)","Aceclofenac + Paracetamol + Serratiopeptidase","Tablets","Zerodol","Alkem Laboratories",124,82.2,105.4,"Strip"
"Meftal-Spas Plus (Batch 31)","Mefenamic Acid + Dicyclomine","Tablets","Meftal","Glenmark Pharmaceuticals",52,34.5,44.2,"Strip"
"Cyclopam 625mg (Batch 31)","Dicyclomine + Paracetamol","Tablets","Cyclopam","Cadila Pharmaceuticals",48,31.8,40.8,"Strip"
"Ultracet 100mg (Batch 31)","Tramadol + Paracetamol","Tablets","Ultracet","Zydus Lifesciences",183,121.3,155.5,"Strip"
"Tramazac Forte (Batch 31)","Tramadol","Capsules","Tramazac","Sanofi India",106,70.3,90.1,"Strip"
"Nise 650mg (Batch 31)","Nimesulide","Tablets","Nise","USV Private Ltd",69,45.8,58.7,"Strip"
"Nimulid 150mg (Batch 31)","Nimesulide","Tablets","Nimulid","Pfizer India",77,51.1,65.5,"Strip"
"Amox 5mg (Batch 31)","Amoxicillin","Capsules","Amox","Micro Labs Ltd",70,46.4,59.5,"Strip"
"Amoxil 1g (Batch 31)","Amoxicillin","Capsules","Amoxil","Blue Cross Laboratories",78,51.7,66.3,"Strip"
"Mox 200mg (Batch 31)","Amoxicillin","Capsules","Mox","Aristo Pharmaceuticals",49,32.5,41.7,"Strip"
"Novamox 10mg (Batch 31)","Amoxicillin","Capsules","Novamox","FDC Ltd",84,55.7,71.4,"Strip"
"Clavam SR (Batch 31)","Amoxicillin + Potassium Clavulanate","Tablets","Clavam","J.B. Chemicals & Pharmaceuticals",147,97.5,125,"Strip"
"Augmentin 250mg (Batch 31)","Amoxicillin + Potassium Clavulanate","Tablets","Augmentin","Wockhardt Ltd",150,99.5,127.5,"Strip"
"Moxikind-CV 20mg (Batch 31)","Amoxicillin + Potassium Clavulanate","Tablets","Moxikind","Apex Laboratories",173,114.7,147,"Strip"
"Advent DSR (Batch 31)","Amoxicillin + Potassium Clavulanate","Tablets","Advent","Intas Pharmaceuticals",116,76.9,98.6,"Strip"
"Azee 300mg (Batch 31)","Azithromycin","Tablets","Azee","Macleods Pharmaceuticals",149,98.8,126.7,"Strip"
"Azithral 40mg (Batch 31)","Azithromycin","Tablets","Azithral","Hetero Healthcare",162,107.4,137.7,"Strip"
"Azax XL (Batch 31)","Azithromycin","Tablets","Azax","Biocon Ltd",60,39.8,51,"Strip"
"Zifi 400mg (Batch 31)","Cefixime","Tablets","Zifi","AstraZeneca India",143,94.8,121.6,"Strip"
"Taxim-O 50mg (Batch 31)","Cefixime","Tablets","Taxim-O","Bayer India",111,73.6,94.4,"Strip"
"Cefolac Duo (Batch 31)","Cefixime","Tablets","Cefolac","IPCA Laboratories",74,49.1,62.9,"Strip"
"Milixim 500mg (Batch 31)","Cefixime","Tablets","Milixim","Alembic Pharmaceuticals",104,69,88.4,"Strip"
"Gepod 75mg (Batch 31)","Cefpodoxime Proxetil","Tablets","Gepod","GSK Pharma",160,106.1,136,"Strip"
"Monocef-O Kid (Batch 31)","Cefpodoxime Proxetil","Tablets","Monocef-O","Abbott India",133,88.2,113.1,"Strip"
"Macpod 600mg (Batch 31)","Cefpodoxime Proxetil","Tablets","Macpod","Sun Pharmaceutical Industries",126,83.5,107.1,"Strip"
"Oflomac 80mg (Batch 31)","Ofloxacin","Tablets","Oflomac","Cipla Ltd",69,45.8,58.7,"Strip"
"Oframax Plus (Batch 31)","Ofloxacin","Tablets","Oframax","Lupin Ltd",52,34.5,44.2,"Strip"
"Oflotas 625mg (Batch 31)","Ofloxacin","Tablets","Oflotas","Mankind Pharma",63,41.8,53.6,"Strip"
"Oflomac-OZ 100mg (Batch 31)","Ofloxacin + Ornidazole","Tablets","Oflomac","Torrent Pharmaceuticals",123,81.6,104.6,"Strip"
"Zenflox-OZ Forte (Batch 31)","Ofloxacin + Ornidazole","Tablets","Zenflox","Dr. Reddy s Laboratories",111,73.6,94.4,"Strip"
"Norflox 650mg (Batch 31)","Norfloxacin","Tablets","Norflox","Alkem Laboratories",79,52.3,67.1,"Strip"
"Norflox-TZ 150mg (Batch 31)","Norfloxacin + Tinidazole","Tablets","Norflox","Glenmark Pharmaceuticals",97,64.4,82.5,"Strip"
"Ciplox 5mg (Batch 31)","Ciprofloxacin","Tablets","Ciplox","Cadila Pharmaceuticals",35,23.2,29.8,"Strip"
"Ciprobid 1g (Batch 31)","Ciprofloxacin","Tablets","Ciprobid","Zydus Lifesciences",33,21.9,28.1,"Strip"
"Atorva 200mg (Batch 31)","Atorvastatin","Tablets","Atorva","Sanofi India",111,73.6,94.4,"Strip"
"Lipitor 10mg (Batch 31)","Atorvastatin","Tablets","Lipitor","USV Private Ltd",239,158.5,203.2,"Strip"
"Lipikind SR (Batch 31)","Atorvastatin","Tablets","Lipikind","Pfizer India",47,31.1,39.9,"Strip"
"Tonact 250mg (Batch 31)","Atorvastatin","Tablets","Tonact","Micro Labs Ltd",75,49.8,63.8,"Strip"
"Rosuvas 20mg (Batch 31)","Rosuvastatin","Tablets","Rosuvas","Blue Cross Laboratories",198,131.3,168.3,"Strip"
"Rosyn DSR (Batch 31)","Rosuvastatin","Tablets","Rosyn","Aristo Pharmaceuticals",111,73.6,94.4,"Strip"
"Roseday 300mg (Batch 31)","Rosuvastatin","Tablets","Roseday","FDC Ltd",144,95.5,122.4,"Strip"
"Crevast 40mg (Batch 31)","Rosuvastatin","Tablets","Crevast","J.B. Chemicals & Pharmaceuticals",152,100.8,129.2,"Strip"
"Telma XL (Batch 31)","Telmisartan","Tablets","Telma","Wockhardt Ltd",135,89.5,114.8,"Strip"
"Telvas 400mg (Batch 31)","Telmisartan","Tablets","Telvas","Apex Laboratories",41,27.2,34.9,"Strip"
"Telsar 50mg (Batch 31)","Telmisartan","Tablets","Telsar","Intas Pharmaceuticals",51,33.9,43.4,"Strip"
"Telma-H Duo (Batch 31)","Telmisartan + Hydrochlorothiazide","Tablets","Telma","Macleods Pharmaceuticals",154,102.1,130.9,"Strip"
"Telvas-H 500mg (Batch 31)","Telmisartan + Hydrochlorothiazide","Tablets","Telvas","Hetero Healthcare",137,90.9,116.5,"Strip"
"Amlokind 75mg (Batch 31)","Amlodipine","Tablets","Amlokind","Biocon Ltd",32,21.2,27.2,"Strip"
"Amlosafe Kid (Batch 31)","Amlodipine","Tablets","Amlosafe","AstraZeneca India",23,15.3,19.6,"Strip"
"Amlovas 600mg (Batch 31)","Amlodipine","Tablets","Amlovas","Bayer India",31,20.6,26.4,"Strip"
"Cilacar 80mg (Batch 31)","Cilnidipine","Tablets","Cilacar","IPCA Laboratories",64,42.4,54.4,"Strip"
"Cilnidac Plus (Batch 31)","Cilnidipine","Tablets","Cilnidac","Alembic Pharmaceuticals",97,64.4,82.5,"Strip"
"Concor 625mg (Batch 31)","Bisoprolol Fumarate","Tablets","Concor","GSK Pharma",120,79.6,102,"Strip"
"Starpress 100mg (Batch 31)","Metoprolol Succinate","Tablets","Starpress","Abbott India",88,58.3,74.8,"Strip"
"Metolar Forte (Batch 31)","Metoprolol Tartrate","Tablets","Metolar","Sun Pharmaceutical Industries",41,27.2,34.9,"Strip"
"Glycomet 650mg (Batch 31)","Metformin Hydrochloride","Tablets","Glycomet","Cipla Ltd",19,12.6,16.2,"Strip"
"Metformin SR 150mg (Batch 31)","Metformin Hydrochloride","Tablets","Metformin","Lupin Ltd",24,15.9,20.4,"Strip"
"Glycomet GP 5mg (Batch 31)","Glimepiride + Metformin","Tablets","Glycomet GP","Mankind Pharma",105,69.7,89.3,"Strip"
"Amaryl M 1g (Batch 31)","Glimepiride + Metformin","Tablets","Amaryl","Torrent Pharmaceuticals",218,144.5,185.3,"Strip"
"Glimisave M 200mg (Batch 31)","Glimepiride + Metformin","Tablets","Glimisave","Dr. Reddy s Laboratories",66,43.8,56.1,"Strip"
"Jalra-M 10mg (Batch 31)","Vildagliptin + Metformin","Tablets","Jalra-M","Alkem Laboratories",204,135.3,173.4,"Strip"
"Galvus Met SR (Batch 31)","Vildagliptin + Metformin","Tablets","Galvus","Glenmark Pharmaceuticals",397,263.3,337.5,"Strip"
"Ziten M 250mg (Batch 31)","Teneligliptin + Metformin","Tablets","Ziten","Cadila Pharmaceuticals",110,72.9,93.5,"Strip"
"Dynaglipt M 20mg (Batch 31)","Teneligliptin + Metformin","Tablets","Dynaglipt","Zydus Lifesciences",88,58.3,74.8,"Strip"
"Voglistar DSR (Batch 31)","Voglibose","Tablets","Voglistar","Sanofi India",76,50.4,64.6,"Strip"
"Volibo 300mg (Batch 31)","Voglibose","Tablets","Volibo","USV Private Ltd",84,55.7,71.4,"Strip"
"Pantocid 40mg (Batch 31)","Pantoprazole","Tablets","Pantocid","Pfizer India",132,87.5,112.2,"Strip"
"Pan XL (Batch 31)","Pantoprazole","Tablets","Pan","Micro Labs Ltd",85,56.4,72.3,"Strip"
"Pantodac 400mg (Batch 31)","Pantoprazole","Tablets","Pantodac","Blue Cross Laboratories",123,81.6,104.6,"Strip"
"Pan-D 50mg (Batch 31)","Pantoprazole + Domperidone","Capsules","Pan-D","Aristo Pharmaceuticals",151,100.2,128.4,"Strip"
"Pantocid-DSR Duo (Batch 31)","Pantoprazole + Domperidone","Capsules","Pantocid","FDC Ltd",224,148.5,190.4,"Strip"
"Pantosec-DSR 500mg (Batch 31)","Pantoprazole + Domperidone","Capsules","Pantosec","J.B. Chemicals & Pharmaceuticals",132,87.5,112.2,"Strip"
"Omez 75mg (Batch 31)","Omeprazole","Capsules","Omez","Wockhardt Ltd",50,33.2,42.5,"Strip"
"Omecip Kid (Batch 31)","Omeprazole","Capsules","Omecip","Apex Laboratories",58,38.5,49.3,"Strip"
"Omez-D 600mg (Batch 31)","Omeprazole + Domperidone","Capsules","Omez","Intas Pharmaceuticals",61,40.5,51.9,"Strip"
"Rabicip 80mg (Batch 31)","Rabeprazole","Tablets","Rabicip","Macleods Pharmaceuticals",84,55.7,71.4,"Strip"
"Rabeloc Plus (Batch 31)","Rabeprazole","Tablets","Rabeloc","Hetero Healthcare",72,47.7,61.2,"Strip"
"Rabicip-DSR 625mg (Batch 31)","Rabeprazole + Domperidone","Capsules","Rabicip","Biocon Ltd",200,132.6,170,"Strip"
"Razo-DSR 100mg (Batch 31)","Rabeprazole + Domperidone","Capsules","Razo","AstraZeneca India",188,124.6,159.8,"Strip"
"Sompraz Forte (Batch 31)","Esomeprazole","Tablets","Sompraz","Bayer India",86,57,73.1,"Strip"
"Nexpro 650mg (Batch 31)","Esomeprazole","Tablets","Nexpro","IPCA Laboratories",109,72.2,92.6,"Strip"
"Sompraz-DSR 150mg (Batch 31)","Esomeprazole + Domperidone","Capsules","Sompraz","Alembic Pharmaceuticals",232,153.8,197.2,"Strip"
"Nexpro-RD 5mg (Batch 31)","Esomeprazole + Domperidone","Capsules","Nexpro","GSK Pharma",185,122.7,157.3,"Strip"
"Aciloc 1g (Batch 31)","Ranitidine","Tablets","Aciloc","Abbott India",25,16.6,21.3,"Strip"
"Rantac 200mg (Batch 31)","Ranitidine","Tablets","Rantac","Sun Pharmaceutical Industries",43,28.5,36.6,"Strip"
"Zinetac 10mg (Batch 31)","Ranitidine","Tablets","Zinetac","Cipla Ltd",23,15.3,19.6,"Strip"
"Okacet SR (Batch 31)","Cetirizine","Tablets","Okacet","Lupin Ltd",12,8,10.2,"Strip"
"Cetcip 250mg (Batch 31)","Cetirizine","Tablets","Cetcip","Mankind Pharma",29,19.3,24.7,"Strip"
"Alerid 20mg (Batch 31)","Cetirizine","Tablets","Alerid","Torrent Pharmaceuticals",20,13.3,17,"Strip"
"Teczine DSR (Batch 31)","Levocetirizine","Tablets","Teczine","Dr. Reddy s Laboratories",51,33.9,43.4,"Strip"
"Lecope 300mg (Batch 31)","Levocetirizine","Tablets","Lecope","Alkem Laboratories",62,41.1,52.7,"Strip"
"Sizloc 40mg (Batch 31)","Levocetirizine","Tablets","Sizloc","Glenmark Pharmaceuticals",33,21.9,28.1,"Strip"
"Montair-LC XL (Batch 31)","Montelukast + Levocetirizine","Tablets","Montair","Cadila Pharmaceuticals",130,86.2,110.5,"Strip"
"Telekast-L 400mg (Batch 31)","Montelukast + Levocetirizine","Tablets","Telekast","Zydus Lifesciences",213,141.2,181,"Strip"
"Montemac-L 50mg (Batch 31)","Montelukast + Levocetirizine","Tablets","Montemac","Sanofi India",116,76.9,98.6,"Strip"
"Montek-LC Duo (Batch 31)","Montelukast + Levocetirizine","Tablets","Montek","USV Private Ltd",139,92.2,118.2,"Strip"
"Allegra 500mg (Batch 31)","Fexofenadine Hydrochloride","Tablets","Allegra","Pfizer India",142,94.1,120.7,"Strip"
"Fexo 75mg (Batch 31)","Fexofenadine Hydrochloride","Tablets","Fexo","Micro Labs Ltd",145,96.2,123.3,"Strip"
"Fexigra Kid (Batch 31)","Fexofenadine Hydrochloride","Tablets","Fexigra","Blue Cross Laboratories",123,81.6,104.6,"Strip"
"Avil 600mg (Batch 31)","Pheniramine Maleate","Tablets","Avil","Aristo Pharmaceuticals",9,6,7.7,"Strip"
"Atarax 80mg (Batch 31)","Hydroxyzine Hydrochloride","Tablets","Atarax","FDC Ltd",74,49.1,62.9,"Strip"
"Becosules Plus (Batch 31)","Vitamin B Complex + Vitamin C","Capsules","Becosules","J.B. Chemicals & Pharmaceuticals",47,31.1,39.9,"Strip"
"Cobadex Forte 625mg (Batch 31)","Vitamin B Complex + Zinc","Capsules","Cobadex","Wockhardt Ltd",32,21.2,27.2,"Strip"
"Zincovit 100mg (Batch 31)","Multivitamin + Multimineral","Tablets","Zincovit","Apex Laboratories",78,51.7,66.3,"Strip"
"Revital H Forte (Batch 31)","Multivitamins + Minerals + Ginseng","Capsules","Revital","Intas Pharmaceuticals",316,209.5,268.6,"Strip"
"Limcee Orange 650mg (Batch 31)","Vitamin C (Ascorbic Acid)","Tablets","Limcee","Macleods Pharmaceuticals",29,19.3,24.7,"Strip"
"Celin chewable 150mg (Batch 31)","Vitamin C (Ascorbic Acid)","Tablets","Celin","Hetero Healthcare",30,19.9,25.5,"Strip"
"Shelcal 5mg (Batch 31)","Calcium + Vitamin D3","Tablets","Shelcal","Biocon Ltd",95,63,80.8,"Strip"
"Cipcal 1g (Batch 31)","Calcium + Vitamin D3","Tablets","Cipcal","AstraZeneca India",78,51.7,66.3,"Strip"
"Calcirol Sachet 200mg (Batch 31)","Cholecalciferol (Vitamin D3)","Others","Calcirol","Bayer India",26,17.2,22.1,"Sachet"
"D3-Must 10mg (Batch 31)","Cholecalciferol (Vitamin D3)","Capsules","D3-Must","IPCA Laboratories",38,25.2,32.3,"Strip"
"Evion SR (Batch 31)","Vitamin E","Capsules","Evion","Alembic Pharmaceuticals",52,34.5,44.2,"Strip"
"Neurobion Forte 250mg (Batch 31)","Vitamin B Complex + Methylcobalamin","Tablets","Neurobion","GSK Pharma",25,16.6,21.3,"Strip"
"Mecobon 20mg (Batch 31)","Methylcobalamin","Tablets","Mecobon","Abbott India",143,94.8,121.6,"Strip"
"Asthalin Inhaler (Batch 31)","Salbutamol","Inhalers","Asthalin","Sun Pharmaceutical Industries",116,76.9,98.6,"Piece"
"Duolin Inhaler (Batch 31)","Levosalbutamol + Ipratropium Bromide","Inhalers","Duolin","Cipla Ltd",249,165.1,211.7,"Piece"
"Budecort Respules (Batch 31)","Budesonide","Inhalers","Budecort","Lupin Ltd",232,153.8,197.2,"Piece"
"Foracort Inhaler (Batch 31)","Budesonide + Formoterol Fumarate","Inhalers","Foracort","Mankind Pharma",225,149.2,191.3,"Piece"
"Benadryl Syrup 100ml Syrup (Batch 31)","Diphenhydramine + Ammonium Chloride + Sodium Citrate","Syrups","Benadryl","Torrent Pharmaceuticals",103,68.3,87.6,"Bottle"
"Ascoril LS Syrup 60ml Syrup (Batch 31)","Ambroxol + Levosalbutamol + Guaiphenesin","Syrups","Ascoril","Dr. Reddy s Laboratories",121,80.3,102.9,"Bottle"
"Grilinctus Syrup 100ml Syrup (Batch 31)","Dextromethorphan + Chlorpheniramine","Syrups","Grilinctus","Alkem Laboratories",99,65.6,84.1,"Bottle"
"Corex DX Syrup 60ml Syrup (Batch 31)","Chlorpheniramine + Dextromethorphan","Syrups","Corex","Glenmark Pharmaceuticals",112,74.3,95.2,"Bottle"
"Solvin Cold Syrup 100ml Syrup (Batch 31)","Paracetamol + Phenylephrine + Chlorpheniramine","Syrups","Solvin","Cadila Pharmaceuticals",65,43.1,55.3,"Bottle"
"Volini Gel Inhaler (Batch 31)","Diclofenac + Methyl Salicylate + Menthol","Others","Volini","Zydus Lifesciences",88,58.3,74.8,"Piece"
"Moov Gel Respules (Batch 31)","Oil of Wintergreen + Menthol + Turpentine Oil","Others","Moov","Sanofi India",146,96.8,124.1,"Piece"
"Iodex Balm Inhaler (Batch 31)","Methyl Salicylate + Menthol + Camphor","Others","Iodex","USV Private Ltd",84,55.7,71.4,"Piece"
"Betnovate-N Respules (Batch 31)","Betamethasone + Neomycin","Others","Betnovate","Pfizer India",57,37.8,48.4,"Piece"
"Betnovate-C Inhaler (Batch 31)","Betamethasone + Clioquinol","Others","Betnovate","Micro Labs Ltd",48,31.8,40.8,"Piece"
"Betnovate-GM Respules (Batch 31)","Betamethasone + Gentamicin + Miconazole","Others","Betnovate","Blue Cross Laboratories",70,46.4,59.5,"Piece"
"Quadriderm RF Respules (Batch 31)","Beclomethasone + Clotrimazole + Neomycin","Others","Quadriderm","Aristo Pharmaceuticals",86,57,73.1,"Piece"
"Panderm Super Respules (Batch 31)","Clobetasol + Neomycin + Miconazole","Others","Panderm","FDC Ltd",79,52.3,67.1,"Piece"
"Tenovate Cream Inhaler (Batch 31)","Clobetasol Propionate","Others","Tenovate","J.B. Chemicals & Pharmaceuticals",57,37.8,48.4,"Piece"
"Ciplox Eye/Ear Drops Inhaler (Batch 31)","Ciprofloxacin Eye Drops","Drops","Ciplox","Wockhardt Ltd",20,13.3,17,"Piece"
"Moxicip Eye Drops Inhaler (Batch 31)","Moxifloxacin Eye Drops","Drops","Moxicip","Apex Laboratories",48,31.8,40.8,"Piece"
"Otrivin Nasal Spray Respules (Batch 31)","Xylometazoline Hydrochloride","Drops","Otrivin","Intas Pharmaceuticals",71,47.1,60.4,"Piece"
"Nasoclear Drops Respules (Batch 31)","Sodium Chloride Nasal Solution","Drops","Nasoclear","Macleods Pharmaceuticals",54,35.8,45.9,"Piece"
"Calpol SR (Batch 32)","Paracetamol","Tablets","Calpol","Hetero Healthcare",27,17.9,23,"Strip"
"Crocin Advance 250mg (Batch 32)","Paracetamol","Tablets","Crocin","Biocon Ltd",22,14.6,18.7,"Strip"
"Dolo 20mg (Batch 32)","Paracetamol","Tablets","Dolo","AstraZeneca India",28,18.6,23.8,"Strip"
"Pacimol DSR (Batch 32)","Paracetamol","Tablets","Pacimol","Bayer India",11,7.3,9.4,"Strip"
"Sumo L 300mg (Batch 32)","Paracetamol","Tablets","Sumo","IPCA Laboratories",19,12.6,16.2,"Strip"
"Combiflam 40mg (Batch 32)","Ibuprofen + Paracetamol","Tablets","Combiflam","Alembic Pharmaceuticals",42,27.8,35.7,"Strip"
"Flexon XL (Batch 32)","Ibuprofen + Paracetamol","Tablets","Flexon","GSK Pharma",20,13.3,17,"Strip"
"Ibugesic Plus 400mg (Batch 32)","Ibuprofen + Paracetamol","Tablets","Ibugesic","Abbott India",31,20.6,26.4,"Strip"
"Acecloc 50mg (Batch 32)","Aceclofenac + Paracetamol","Tablets","Acecloc","Sun Pharmaceutical Industries",61,40.5,51.9,"Strip"
"Zerodol-P Duo (Batch 32)","Aceclofenac + Paracetamol","Tablets","Zerodol","Cipla Ltd",89,59,75.6,"Strip"
"Hifenac-P 500mg (Batch 32)","Aceclofenac + Paracetamol","Tablets","Hifenac","Lupin Ltd",87,57.7,74,"Strip"
"Zerodol-SP 75mg (Batch 32)","Aceclofenac + Paracetamol + Serratiopeptidase","Tablets","Zerodol","Mankind Pharma",135,89.5,114.8,"Strip"
"Meftal-Spas Kid (Batch 32)","Mefenamic Acid + Dicyclomine","Tablets","Meftal","Torrent Pharmaceuticals",43,28.5,36.6,"Strip"
"Cyclopam 600mg (Batch 32)","Dicyclomine + Paracetamol","Tablets","Cyclopam","Dr. Reddy s Laboratories",59,39.2,50.2,"Strip"
"Ultracet 80mg (Batch 32)","Tramadol + Paracetamol","Tablets","Ultracet","Alkem Laboratories",204,135.3,173.4,"Strip"
"Tramazac Plus (Batch 32)","Tramadol","Capsules","Tramazac","Glenmark Pharmaceuticals",117,77.6,99.5,"Strip"
"Nise 625mg (Batch 32)","Nimesulide","Tablets","Nise","Cadila Pharmaceuticals",90,59.7,76.5,"Strip"
"Nimulid 100mg (Batch 32)","Nimesulide","Tablets","Nimulid","Zydus Lifesciences",68,45.1,57.8,"Strip"
"Amox Forte (Batch 32)","Amoxicillin","Capsules","Amox","Sanofi India",61,40.5,51.9,"Strip"
"Amoxil 650mg (Batch 32)","Amoxicillin","Capsules","Amoxil","USV Private Ltd",89,59,75.6,"Strip"
"Mox 150mg (Batch 32)","Amoxicillin","Capsules","Mox","Pfizer India",70,46.4,59.5,"Strip"
"Novamox 5mg (Batch 32)","Amoxicillin","Capsules","Novamox","Micro Labs Ltd",75,49.8,63.8,"Strip"
"Clavam 1g (Batch 32)","Amoxicillin + Potassium Clavulanate","Tablets","Clavam","Blue Cross Laboratories",158,104.8,134.3,"Strip"
"Augmentin 200mg (Batch 32)","Amoxicillin + Potassium Clavulanate","Tablets","Augmentin","Aristo Pharmaceuticals",141,93.5,119.9,"Strip"
"Moxikind-CV 10mg (Batch 32)","Amoxicillin + Potassium Clavulanate","Tablets","Moxikind","FDC Ltd",194,128.6,164.9,"Strip"
"Advent SR (Batch 32)","Amoxicillin + Potassium Clavulanate","Tablets","Advent","J.B. Chemicals & Pharmaceuticals",127,84.2,108,"Strip"
"Azee 250mg (Batch 32)","Azithromycin","Tablets","Azee","Wockhardt Ltd",80,53,68,"Strip"
"Azithral 20mg (Batch 32)","Azithromycin","Tablets","Azithral","Apex Laboratories",73,48.4,62.1,"Strip"
"Azax DSR (Batch 32)","Azithromycin","Tablets","Azax","Intas Pharmaceuticals",131,86.9,111.4,"Strip"
"Zifi 300mg (Batch 32)","Cefixime","Tablets","Zifi","Macleods Pharmaceuticals",104,69,88.4,"Strip"
"Taxim-O 40mg (Batch 32)","Cefixime","Tablets","Taxim-O","Hetero Healthcare",102,67.6,86.7,"Strip"
"Cefolac XL (Batch 32)","Cefixime","Tablets","Cefolac","Biocon Ltd",95,63,80.8,"Strip"
"Milixim 400mg (Batch 32)","Cefixime","Tablets","Milixim","AstraZeneca India",140,92.8,119,"Strip"
"Gepod 50mg (Batch 32)","Cefpodoxime Proxetil","Tablets","Gepod","Bayer India",151,100.2,128.4,"Strip"
"Monocef-O Duo (Batch 32)","Cefpodoxime Proxetil","Tablets","Monocef-O","IPCA Laboratories",154,102.1,130.9,"Strip"
"Macpod 500mg (Batch 32)","Cefpodoxime Proxetil","Tablets","Macpod","Alembic Pharmaceuticals",117,77.6,99.5,"Strip"
"Oflomac 75mg (Batch 32)","Ofloxacin","Tablets","Oflomac","GSK Pharma",60,39.8,51,"Strip"
"Oframax Kid (Batch 32)","Ofloxacin","Tablets","Oframax","Abbott India",73,48.4,62.1,"Strip"
"Oflotas 600mg (Batch 32)","Ofloxacin","Tablets","Oflotas","Sun Pharmaceutical Industries",49,32.5,41.7,"Strip"
"Oflomac-OZ 80mg (Batch 32)","Ofloxacin + Ornidazole","Tablets","Oflomac","Cipla Ltd",114,75.6,96.9,"Strip"
"Zenflox-OZ Plus (Batch 32)","Ofloxacin + Ornidazole","Tablets","Zenflox","Lupin Ltd",137,90.9,116.5,"Strip"
"Norflox 625mg (Batch 32)","Norfloxacin","Tablets","Norflox","Mankind Pharma",65,43.1,55.3,"Strip"
"Norflox-TZ 100mg (Batch 32)","Norfloxacin + Tinidazole","Tablets","Norflox","Torrent Pharmaceuticals",73,48.4,62.1,"Strip"
"Ciplox Forte (Batch 32)","Ciprofloxacin","Tablets","Ciplox","Dr. Reddy s Laboratories",26,17.2,22.1,"Strip"
"Ciprobid 650mg (Batch 32)","Ciprofloxacin","Tablets","Ciprobid","Alkem Laboratories",56,37.1,47.6,"Strip"
"Atorva 150mg (Batch 32)","Atorvastatin","Tablets","Atorva","Glenmark Pharmaceuticals",102,67.6,86.7,"Strip"
"Lipitor 5mg (Batch 32)","Atorvastatin","Tablets","Lipitor","Cadila Pharmaceuticals",150,99.5,127.5,"Strip"
"Lipikind 1g (Batch 32)","Atorvastatin","Tablets","Lipikind","Zydus Lifesciences",38,25.2,32.3,"Strip"
"Tonact 200mg (Batch 32)","Atorvastatin","Tablets","Tonact","Sanofi India",116,76.9,98.6,"Strip"
"Rosuvas 10mg (Batch 32)","Rosuvastatin","Tablets","Rosuvas","USV Private Ltd",129,85.6,109.7,"Strip"
"Rosyn SR (Batch 32)","Rosuvastatin","Tablets","Rosyn","Pfizer India",72,47.7,61.2,"Strip"
"Roseday 250mg (Batch 32)","Rosuvastatin","Tablets","Roseday","Micro Labs Ltd",155,102.8,131.8,"Strip"
"Crevast 20mg (Batch 32)","Rosuvastatin","Tablets","Crevast","Blue Cross Laboratories",143,94.8,121.6,"Strip"
"Telma DSR (Batch 32)","Telmisartan","Tablets","Telma","Aristo Pharmaceuticals",66,43.8,56.1,"Strip"
"Telvas 300mg (Batch 32)","Telmisartan","Tablets","Telvas","FDC Ltd",62,41.1,52.7,"Strip"
"Telsar 40mg (Batch 32)","Telmisartan","Tablets","Telsar","J.B. Chemicals & Pharmaceuticals",62,41.1,52.7,"Strip"
"Telma-H XL (Batch 32)","Telmisartan + Hydrochlorothiazide","Tablets","Telma","Wockhardt Ltd",145,96.2,123.3,"Strip"
"Telvas-H 400mg (Batch 32)","Telmisartan + Hydrochlorothiazide","Tablets","Telvas","Apex Laboratories",148,98.1,125.8,"Strip"
"Amlokind 50mg (Batch 32)","Amlodipine","Tablets","Amlokind","Intas Pharmaceuticals",18,11.9,15.3,"Strip"
"Amlosafe Duo (Batch 32)","Amlodipine","Tablets","Amlosafe","Macleods Pharmaceuticals",44,29.2,37.4,"Strip"
"Amlovas 500mg (Batch 32)","Amlodipine","Tablets","Amlovas","Hetero Healthcare",38,25.2,32.3,"Strip"
"Cilacar 75mg (Batch 32)","Cilnidipine","Tablets","Cilacar","Biocon Ltd",85,56.4,72.3,"Strip"
"Cilnidac Kid (Batch 32)","Cilnidipine","Tablets","Cilnidac","AstraZeneca India",88,58.3,74.8,"Strip"
"Concor 600mg (Batch 32)","Bisoprolol Fumarate","Tablets","Concor","Bayer India",111,73.6,94.4,"Strip"
"Starpress 80mg (Batch 32)","Metoprolol Succinate","Tablets","Starpress","IPCA Laboratories",109,72.2,92.6,"Strip"
"Metolar Plus (Batch 32)","Metoprolol Tartrate","Tablets","Metolar","Alembic Pharmaceuticals",112,74.3,95.2,"Strip"
"Glycomet 625mg (Batch 32)","Metformin Hydrochloride","Tablets","Glycomet","GSK Pharma",40,26.5,34,"Strip"
"Metformin SR 100mg (Batch 32)","Metformin Hydrochloride","Tablets","Metformin","Abbott India",35,23.2,29.8,"Strip"
"Glycomet GP Forte (Batch 32)","Glimepiride + Metformin","Tablets","Glycomet GP","Sun Pharmaceutical Industries",146,96.8,124.1,"Strip"
"Amaryl M 650mg (Batch 32)","Glimepiride + Metformin","Tablets","Amaryl","Cipla Ltd",179,118.7,152.2,"Strip"
"Glimisave M 150mg (Batch 32)","Glimepiride + Metformin","Tablets","Glimisave","Lupin Ltd",87,57.7,74,"Strip"
"Jalra-M 5mg (Batch 32)","Vildagliptin + Metformin","Tablets","Jalra-M","Mankind Pharma",315,208.9,267.8,"Strip"
"Galvus Met 1g (Batch 32)","Vildagliptin + Metformin","Tablets","Galvus","Torrent Pharmaceuticals",308,204.2,261.8,"Strip"
"Ziten M 200mg (Batch 32)","Teneligliptin + Metformin","Tablets","Ziten","Dr. Reddy s Laboratories",151,100.2,128.4,"Strip"
"Dynaglipt M 10mg (Batch 32)","Teneligliptin + Metformin","Tablets","Dynaglipt","Alkem Laboratories",99,65.6,84.1,"Strip"
"Voglistar SR (Batch 32)","Voglibose","Tablets","Voglistar","Glenmark Pharmaceuticals",67,44.5,57,"Strip"
"Volibo 250mg (Batch 32)","Voglibose","Tablets","Volibo","Cadila Pharmaceuticals",45,29.9,38.3,"Strip"
"Pantocid 20mg (Batch 32)","Pantoprazole","Tablets","Pantocid","Zydus Lifesciences",63,41.8,53.6,"Strip"
"Pan DSR (Batch 32)","Pantoprazole","Tablets","Pan","Sanofi India",76,50.4,64.6,"Strip"
"Pantodac 300mg (Batch 32)","Pantoprazole","Tablets","Pantodac","USV Private Ltd",134,88.8,113.9,"Strip"
"Pan-D 40mg (Batch 32)","Pantoprazole + Domperidone","Capsules","Pan-D","Pfizer India",142,94.1,120.7,"Strip"
"Pantocid-DSR XL (Batch 32)","Pantoprazole + Domperidone","Capsules","Pantocid","Micro Labs Ltd",185,122.7,157.3,"Strip"
"Pantosec-DSR 400mg (Batch 32)","Pantoprazole + Domperidone","Capsules","Pantosec","Blue Cross Laboratories",173,114.7,147,"Strip"
"Omez 50mg (Batch 32)","Omeprazole","Capsules","Omez","Aristo Pharmaceuticals",61,40.5,51.9,"Strip"
"Omecip Duo (Batch 32)","Omeprazole","Capsules","Omecip","FDC Ltd",34,22.5,28.9,"Strip"
"Omez-D 500mg (Batch 32)","Omeprazole + Domperidone","Capsules","Omez","J.B. Chemicals & Pharmaceuticals",82,54.4,69.7,"Strip"
"Rabicip 75mg (Batch 32)","Rabeprazole","Tablets","Rabicip","Wockhardt Ltd",75,49.8,63.8,"Strip"
"Rabeloc Kid (Batch 32)","Rabeprazole","Tablets","Rabeloc","Apex Laboratories",113,75,96.1,"Strip"
"Rabicip-DSR 600mg (Batch 32)","Rabeprazole + Domperidone","Capsules","Rabicip","Intas Pharmaceuticals",131,86.9,111.4,"Strip"
"Razo-DSR 80mg (Batch 32)","Rabeprazole + Domperidone","Capsules","Razo","Macleods Pharmaceuticals",149,98.8,126.7,"Strip"
"Sompraz Plus (Batch 32)","Esomeprazole","Tablets","Sompraz","Hetero Healthcare",127,84.2,108,"Strip"
"Nexpro 625mg (Batch 32)","Esomeprazole","Tablets","Nexpro","Biocon Ltd",130,86.2,110.5,"Strip"
"Sompraz-DSR 100mg (Batch 32)","Esomeprazole + Domperidone","Capsules","Sompraz","AstraZeneca India",193,127.9,164,"Strip"
"Nexpro-RD Forte (Batch 32)","Esomeprazole + Domperidone","Capsules","Nexpro","Bayer India",221,146.6,187.9,"Strip"
"Aciloc 650mg (Batch 32)","Ranitidine","Tablets","Aciloc","IPCA Laboratories",16,10.6,13.6,"Strip"
"Rantac 150mg (Batch 32)","Ranitidine","Tablets","Rantac","Alembic Pharmaceuticals",34,22.5,28.9,"Strip"
"Zinetac 5mg (Batch 32)","Ranitidine","Tablets","Zinetac","GSK Pharma",30,19.9,25.5,"Strip"
"Okacet 1g (Batch 32)","Cetirizine","Tablets","Okacet","Abbott India",23,15.3,19.6,"Strip"
"Cetcip 200mg (Batch 32)","Cetirizine","Tablets","Cetcip","Sun Pharmaceutical Industries",14,9.3,11.9,"Strip"
"Alerid 10mg (Batch 32)","Cetirizine","Tablets","Alerid","Cipla Ltd",17,11.3,14.5,"Strip"
"Teczine SR (Batch 32)","Levocetirizine","Tablets","Teczine","Lupin Ltd",72,47.7,61.2,"Strip"
"Lecope 250mg (Batch 32)","Levocetirizine","Tablets","Lecope","Mankind Pharma",53,35.2,45.1,"Strip"
"Sizloc 20mg (Batch 32)","Levocetirizine","Tablets","Sizloc","Torrent Pharmaceuticals",54,35.8,45.9,"Strip"
"Montair-LC DSR (Batch 32)","Montelukast + Levocetirizine","Tablets","Montair","Dr. Reddy s Laboratories",221,146.6,187.9,"Strip"
"Telekast-L 300mg (Batch 32)","Montelukast + Levocetirizine","Tablets","Telekast","Alkem Laboratories",144,95.5,122.4,"Strip"
"Montemac-L 40mg (Batch 32)","Montelukast + Levocetirizine","Tablets","Montemac","Glenmark Pharmaceuticals",127,84.2,108,"Strip"
"Montek-LC XL (Batch 32)","Montelukast + Levocetirizine","Tablets","Montek","Cadila Pharmaceuticals",210,139.2,178.5,"Strip"
"Allegra 400mg (Batch 32)","Fexofenadine Hydrochloride","Tablets","Allegra","Zydus Lifesciences",133,88.2,113.1,"Strip"
"Fexo 50mg (Batch 32)","Fexofenadine Hydrochloride","Tablets","Fexo","Sanofi India",76,50.4,64.6,"Strip"
"Fexigra Duo (Batch 32)","Fexofenadine Hydrochloride","Tablets","Fexigra","USV Private Ltd",134,88.8,113.9,"Strip"
"Avil 500mg (Batch 32)","Pheniramine Maleate","Tablets","Avil","Pfizer India",10,6.6,8.5,"Strip"
"Atarax 75mg (Batch 32)","Hydroxyzine Hydrochloride","Tablets","Atarax","Micro Labs Ltd",65,43.1,55.3,"Strip"
"Becosules Kid (Batch 32)","Vitamin B Complex + Vitamin C","Capsules","Becosules","Blue Cross Laboratories",33,21.9,28.1,"Strip"
"Cobadex Forte 600mg (Batch 32)","Vitamin B Complex + Zinc","Capsules","Cobadex","Aristo Pharmaceuticals",23,15.3,19.6,"Strip"
"Zincovit 80mg (Batch 32)","Multivitamin + Multimineral","Tablets","Zincovit","FDC Ltd",129,85.6,109.7,"Strip"
"Revital H Plus (Batch 32)","Multivitamins + Minerals + Ginseng","Capsules","Revital","J.B. Chemicals & Pharmaceuticals",277,183.7,235.5,"Strip"
"Limcee Orange 625mg (Batch 32)","Vitamin C (Ascorbic Acid)","Tablets","Limcee","Wockhardt Ltd",20,13.3,17,"Strip"
"Celin chewable 100mg (Batch 32)","Vitamin C (Ascorbic Acid)","Tablets","Celin","Apex Laboratories",21,13.9,17.8,"Strip"
"Shelcal Forte (Batch 32)","Calcium + Vitamin D3","Tablets","Shelcal","Intas Pharmaceuticals",116,76.9,98.6,"Strip"
"Cipcal 650mg (Batch 32)","Calcium + Vitamin D3","Tablets","Cipcal","Macleods Pharmaceuticals",129,85.6,109.7,"Strip"
"Calcirol Sachet 150mg (Batch 32)","Cholecalciferol (Vitamin D3)","Others","Calcirol","Hetero Healthcare",37,24.6,31.5,"Sachet"
"D3-Must 5mg (Batch 32)","Cholecalciferol (Vitamin D3)","Capsules","D3-Must","Biocon Ltd",24,15.9,20.4,"Strip"
"Evion 1g (Batch 32)","Vitamin E","Capsules","Evion","AstraZeneca India",43,28.5,36.6,"Strip"
"Neurobion Forte 200mg (Batch 32)","Vitamin B Complex + Methylcobalamin","Tablets","Neurobion","Bayer India",36,23.9,30.6,"Strip"
"Mecobon 10mg (Batch 32)","Methylcobalamin","Tablets","Mecobon","IPCA Laboratories",134,88.8,113.9,"Strip"
"Asthalin Inhaler (Batch 32)","Salbutamol","Inhalers","Asthalin","Alembic Pharmaceuticals",127,84.2,108,"Piece"
"Duolin Inhaler (Batch 32)","Levosalbutamol + Ipratropium Bromide","Inhalers","Duolin","GSK Pharma",270,179,229.5,"Piece"
"Budecort Respules (Batch 32)","Budesonide","Inhalers","Budecort","Abbott India",223,147.8,189.5,"Piece"
"Foracort Respules (Batch 32)","Budesonide + Formoterol Fumarate","Inhalers","Foracort","Sun Pharmaceutical Industries",336,222.8,285.6,"Piece"
"Benadryl Syrup 60ml Syrup (Batch 32)","Diphenhydramine + Ammonium Chloride + Sodium Citrate","Syrups","Benadryl","Cipla Ltd",94,62.3,79.9,"Bottle"
"Ascoril LS Syrup 100ml Syrup (Batch 32)","Ambroxol + Levosalbutamol + Guaiphenesin","Syrups","Ascoril","Lupin Ltd",132,87.5,112.2,"Bottle"
"Grilinctus Syrup 60ml Syrup (Batch 32)","Dextromethorphan + Chlorpheniramine","Syrups","Grilinctus","Mankind Pharma",120,79.6,102,"Bottle"
"Corex DX Syrup 100ml Syrup (Batch 32)","Chlorpheniramine + Dextromethorphan","Syrups","Corex","Torrent Pharmaceuticals",98,65,83.3,"Bottle"
"Solvin Cold Syrup 60ml Syrup (Batch 32)","Paracetamol + Phenylephrine + Chlorpheniramine","Syrups","Solvin","Dr. Reddy s Laboratories",86,57,73.1,"Bottle"
"Volini Gel Respules (Batch 32)","Diclofenac + Methyl Salicylate + Menthol","Others","Volini","Alkem Laboratories",129,85.6,109.7,"Piece"
"Moov Gel Respules (Batch 32)","Oil of Wintergreen + Menthol + Turpentine Oil","Others","Moov","Glenmark Pharmaceuticals",57,37.8,48.4,"Piece"
"Iodex Balm Inhaler (Batch 32)","Methyl Salicylate + Menthol + Camphor","Others","Iodex","Cadila Pharmaceuticals",75,49.8,63.8,"Piece"
"Betnovate-N Inhaler (Batch 32)","Betamethasone + Neomycin","Others","Betnovate","Zydus Lifesciences",43,28.5,36.6,"Piece"
"Betnovate-C Inhaler (Batch 32)","Betamethasone + Clioquinol","Others","Betnovate","Sanofi India",59,39.2,50.2,"Piece"
"Betnovate-GM Inhaler (Batch 32)","Betamethasone + Gentamicin + Miconazole","Others","Betnovate","USV Private Ltd",61,40.5,51.9,"Piece"
"Quadriderm RF Inhaler (Batch 32)","Beclomethasone + Clotrimazole + Neomycin","Others","Quadriderm","Pfizer India",77,51.1,65.5,"Piece"
"Panderm Super Inhaler (Batch 32)","Clobetasol + Neomycin + Miconazole","Others","Panderm","Micro Labs Ltd",100,66.3,85,"Piece"
"Tenovate Cream Respules (Batch 32)","Clobetasol Propionate","Others","Tenovate","Blue Cross Laboratories",78,51.7,66.3,"Piece"
"Ciplox Eye/Ear Drops Respules (Batch 32)","Ciprofloxacin Eye Drops","Drops","Ciplox","Aristo Pharmaceuticals",26,17.2,22.1,"Piece"
"Moxicip Eye Drops Inhaler (Batch 32)","Moxifloxacin Eye Drops","Drops","Moxicip","FDC Ltd",69,45.8,58.7,"Piece"
"Otrivin Nasal Spray Respules (Batch 32)","Xylometazoline Hydrochloride","Drops","Otrivin","J.B. Chemicals & Pharmaceuticals",102,67.6,86.7,"Piece"
"Nasoclear Drops Respules (Batch 32)","Sodium Chloride Nasal Solution","Drops","Nasoclear","Wockhardt Ltd",45,29.9,38.3,"Piece"
"Calpol 1g (Batch 33)","Paracetamol","Tablets","Calpol","Apex Laboratories",18,11.9,15.3,"Strip"
"Crocin Advance 200mg (Batch 33)","Paracetamol","Tablets","Crocin","Intas Pharmaceuticals",13,8.6,11,"Strip"
"Dolo 10mg (Batch 33)","Paracetamol","Tablets","Dolo","Macleods Pharmaceuticals",34,22.5,28.9,"Strip"
"Pacimol SR (Batch 33)","Paracetamol","Tablets","Pacimol","Hetero Healthcare",12,8,10.2,"Strip"
"Sumo L 250mg (Batch 33)","Paracetamol","Tablets","Sumo","Biocon Ltd",22,14.6,18.7,"Strip"
"Combiflam 20mg (Batch 33)","Ibuprofen + Paracetamol","Tablets","Combiflam","AstraZeneca India",28,18.6,23.8,"Strip"
"Flexon DSR (Batch 33)","Ibuprofen + Paracetamol","Tablets","Flexon","Bayer India",26,17.2,22.1,"Strip"
"Ibugesic Plus 300mg (Batch 33)","Ibuprofen + Paracetamol","Tablets","Ibugesic","IPCA Laboratories",22,14.6,18.7,"Strip"
"Acecloc 40mg (Batch 33)","Aceclofenac + Paracetamol","Tablets","Acecloc","Alembic Pharmaceuticals",52,34.5,44.2,"Strip"
"Zerodol-P XL (Batch 33)","Aceclofenac + Paracetamol","Tablets","Zerodol","GSK Pharma",80,53,68,"Strip"
"Hifenac-P 400mg (Batch 33)","Aceclofenac + Paracetamol","Tablets","Hifenac","Abbott India",73,48.4,62.1,"Strip"
"Zerodol-SP 50mg (Batch 33)","Aceclofenac + Paracetamol + Serratiopeptidase","Tablets","Zerodol","Sun Pharmaceutical Industries",96,63.6,81.6,"Strip"
"Meftal-Spas Duo (Batch 33)","Mefenamic Acid + Dicyclomine","Tablets","Meftal","Cipla Ltd",54,35.8,45.9,"Strip"
"Cyclopam 500mg (Batch 33)","Dicyclomine + Paracetamol","Tablets","Cyclopam","Lupin Ltd",45,29.9,38.3,"Strip"
"Ultracet 75mg (Batch 33)","Tramadol + Paracetamol","Tablets","Ultracet","Mankind Pharma",225,149.2,191.3,"Strip"
"Tramazac Kid (Batch 33)","Tramadol","Capsules","Tramazac","Torrent Pharmaceuticals",78,51.7,66.3,"Strip"
"Nise 600mg (Batch 33)","Nimesulide","Tablets","Nise","Dr. Reddy s Laboratories",66,43.8,56.1,"Strip"
"Nimulid 80mg (Batch 33)","Nimesulide","Tablets","Nimulid","Alkem Laboratories",59,39.2,50.2,"Strip"
"Amox Plus (Batch 33)","Amoxicillin","Capsules","Amox","Glenmark Pharmaceuticals",52,34.5,44.2,"Strip"
"Amoxil 625mg (Batch 33)","Amoxicillin","Capsules","Amoxil","Cadila Pharmaceuticals",50,33.2,42.5,"Strip"
"Mox 100mg (Batch 33)","Amoxicillin","Capsules","Mox","Zydus Lifesciences",46,30.5,39.1,"Strip"
"Novamox Forte (Batch 33)","Amoxicillin","Capsules","Novamox","Sanofi India",66,43.8,56.1,"Strip"
"Clavam 650mg (Batch 33)","Amoxicillin + Potassium Clavulanate","Tablets","Clavam","USV Private Ltd",169,112.1,143.7,"Strip"
"Augmentin 150mg (Batch 33)","Amoxicillin + Potassium Clavulanate","Tablets","Augmentin","Pfizer India",132,87.5,112.2,"Strip"
"Moxikind-CV 5mg (Batch 33)","Amoxicillin + Potassium Clavulanate","Tablets","Moxikind","Micro Labs Ltd",125,82.9,106.3,"Strip"
"Advent 1g (Batch 33)","Amoxicillin + Potassium Clavulanate","Tablets","Advent","Blue Cross Laboratories",138,91.5,117.3,"Strip"
"Azee 200mg (Batch 33)","Azithromycin","Tablets","Azee","Aristo Pharmaceuticals",101,67,85.9,"Strip"
"Azithral 10mg (Batch 33)","Azithromycin","Tablets","Azithral","FDC Ltd",84,55.7,71.4,"Strip"
"Azax SR (Batch 33)","Azithromycin","Tablets","Azax","J.B. Chemicals & Pharmaceuticals",122,80.9,103.7,"Strip"
"Zifi 250mg (Batch 33)","Cefixime","Tablets","Zifi","Wockhardt Ltd",140,92.8,119,"Strip"
"Taxim-O 20mg (Batch 33)","Cefixime","Tablets","Taxim-O","Apex Laboratories",93,61.7,79.1,"Strip"
"Cefolac DSR (Batch 33)","Cefixime","Tablets","Cefolac","Intas Pharmaceuticals",116,76.9,98.6,"Strip"
"Milixim 300mg (Batch 33)","Cefixime","Tablets","Milixim","Macleods Pharmaceuticals",101,67,85.9,"Strip"
"Gepod 40mg (Batch 33)","Cefpodoxime Proxetil","Tablets","Gepod","Hetero Healthcare",142,94.1,120.7,"Strip"
"Monocef-O XL (Batch 33)","Cefpodoxime Proxetil","Tablets","Monocef-O","Biocon Ltd",175,116.1,148.8,"Strip"
"Macpod 400mg (Batch 33)","Cefpodoxime Proxetil","Tablets","Macpod","AstraZeneca India",188,124.6,159.8,"Strip"
"Oflomac 50mg (Batch 33)","Ofloxacin","Tablets","Oflomac","Bayer India",51,33.9,43.4,"Strip"
"Oframax Duo (Batch 33)","Ofloxacin","Tablets","Oframax","IPCA Laboratories",49,32.5,41.7,"Strip"
"Oflotas 500mg (Batch 33)","Ofloxacin","Tablets","Oflotas","Alembic Pharmaceuticals",70,46.4,59.5,"Strip"
"Oflomac-OZ 75mg (Batch 33)","Ofloxacin + Ornidazole","Tablets","Oflomac","GSK Pharma",105,69.7,89.3,"Strip"
"Zenflox-OZ Kid (Batch 33)","Ofloxacin + Ornidazole","Tablets","Zenflox","Abbott India",98,65,83.3,"Strip"
"Norflox 600mg (Batch 33)","Norfloxacin","Tablets","Norflox","Sun Pharmaceutical Industries",51,33.9,43.4,"Strip"
"Norflox-TZ 80mg (Batch 33)","Norfloxacin + Tinidazole","Tablets","Norflox","Cipla Ltd",94,62.3,79.9,"Strip"
"Ciplox Plus (Batch 33)","Ciprofloxacin","Tablets","Ciplox","Lupin Ltd",47,31.1,39.9,"Strip"
"Ciprobid 625mg (Batch 33)","Ciprofloxacin","Tablets","Ciprobid","Mankind Pharma",47,31.1,39.9,"Strip"
"Atorva 100mg (Batch 33)","Atorvastatin","Tablets","Atorva","Torrent Pharmaceuticals",93,61.7,79.1,"Strip"
"Lipitor Forte (Batch 33)","Atorvastatin","Tablets","Lipitor","Dr. Reddy s Laboratories",311,206.2,264.3,"Strip"
"Lipikind 650mg (Batch 33)","Atorvastatin","Tablets","Lipikind","Alkem Laboratories",109,72.2,92.6,"Strip"
"Tonact 150mg (Batch 33)","Atorvastatin","Tablets","Tonact","Glenmark Pharmaceuticals",157,104.1,133.5,"Strip"
"Rosuvas 5mg (Batch 33)","Rosuvastatin","Tablets","Rosuvas","Cadila Pharmaceuticals",240,159.1,204,"Strip"
"Rosyn 1g (Batch 33)","Rosuvastatin","Tablets","Rosyn","Zydus Lifesciences",183,121.3,155.5,"Strip"
"Roseday 200mg (Batch 33)","Rosuvastatin","Tablets","Roseday","Sanofi India",166,110.1,141.1,"Strip"
"Crevast 10mg (Batch 33)","Rosuvastatin","Tablets","Crevast","USV Private Ltd",134,88.8,113.9,"Strip"
"Telma SR (Batch 33)","Telmisartan","Tablets","Telma","Pfizer India",107,71,91,"Strip"
"Telvas 250mg (Batch 33)","Telmisartan","Tablets","Telvas","Micro Labs Ltd",83,55.1,70.6,"Strip"
"Telsar 20mg (Batch 33)","Telmisartan","Tablets","Telsar","Blue Cross Laboratories",73,48.4,62.1,"Strip"
"Telma-H DSR (Batch 33)","Telmisartan + Hydrochlorothiazide","Tablets","Telma","Aristo Pharmaceuticals",136,90.2,115.6,"Strip"
"Telvas-H 300mg (Batch 33)","Telmisartan + Hydrochlorothiazide","Tablets","Telvas","FDC Ltd",59,39.2,50.2,"Strip"
"Amlokind 40mg (Batch 33)","Amlodipine","Tablets","Amlokind","J.B. Chemicals & Pharmaceuticals",29,19.3,24.7,"Strip"
"Amlosafe XL (Batch 33)","Amlodipine","Tablets","Amlosafe","Wockhardt Ltd",35,23.2,29.8,"Strip"
"Amlovas 400mg (Batch 33)","Amlodipine","Tablets","Amlovas","Apex Laboratories",17,11.3,14.5,"Strip"
"Cilacar 50mg (Batch 33)","Cilnidipine","Tablets","Cilacar","Intas Pharmaceuticals",106,70.3,90.1,"Strip"
"Cilnidac Duo (Batch 33)","Cilnidipine","Tablets","Cilnidac","Macleods Pharmaceuticals",79,52.3,67.1,"Strip"
"Concor 500mg (Batch 33)","Bisoprolol Fumarate","Tablets","Concor","Hetero Healthcare",102,67.6,86.7,"Strip"
"Starpress 75mg (Batch 33)","Metoprolol Succinate","Tablets","Starpress","Biocon Ltd",130,86.2,110.5,"Strip"
"Metolar Kid (Batch 33)","Metoprolol Tartrate","Tablets","Metolar","AstraZeneca India",103,68.3,87.6,"Strip"
"Glycomet 600mg (Batch 33)","Metformin Hydrochloride","Tablets","Glycomet","Bayer India",26,17.2,22.1,"Strip"
"Metformin SR 80mg (Batch 33)","Metformin Hydrochloride","Tablets","Metformin","IPCA Laboratories",21,13.9,17.8,"Strip"
"Glycomet GP Plus (Batch 33)","Glimepiride + Metformin","Tablets","Glycomet GP","Alembic Pharmaceuticals",77,51.1,65.5,"Strip"
"Amaryl M 625mg (Batch 33)","Glimepiride + Metformin","Tablets","Amaryl","GSK Pharma",140,92.8,119,"Strip"
"Glimisave M 100mg (Batch 33)","Glimepiride + Metformin","Tablets","Glimisave","Abbott India",108,71.6,91.8,"Strip"
"Jalra-M Forte (Batch 33)","Vildagliptin + Metformin","Tablets","Jalra-M","Sun Pharmaceutical Industries",246,163.1,209.1,"Strip"
"Galvus Met 650mg (Batch 33)","Vildagliptin + Metformin","Tablets","Galvus","Cipla Ltd",469,311,398.7,"Strip"
"Ziten M 150mg (Batch 33)","Teneligliptin + Metformin","Tablets","Ziten","Lupin Ltd",192,127.3,163.2,"Strip"
"Dynaglipt M 5mg (Batch 33)","Teneligliptin + Metformin","Tablets","Dynaglipt","Mankind Pharma",110,72.9,93.5,"Strip"
"Voglistar 1g (Batch 33)","Voglibose","Tablets","Voglistar","Torrent Pharmaceuticals",58,38.5,49.3,"Strip"
"Volibo 200mg (Batch 33)","Voglibose","Tablets","Volibo","Dr. Reddy s Laboratories",71,47.1,60.4,"Strip"
"Pantocid 10mg (Batch 33)","Pantoprazole","Tablets","Pantocid","Alkem Laboratories",104,69,88.4,"Strip"
"Pan SR (Batch 33)","Pantoprazole","Tablets","Pan","Glenmark Pharmaceuticals",187,124,159,"Strip"
"Pantodac 250mg (Batch 33)","Pantoprazole","Tablets","Pantodac","Cadila Pharmaceuticals",145,96.2,123.3,"Strip"
"Pan-D 20mg (Batch 33)","Pantoprazole + Domperidone","Capsules","Pan-D","Zydus Lifesciences",133,88.2,113.1,"Strip"
"Pantocid-DSR DSR (Batch 33)","Pantoprazole + Domperidone","Capsules","Pantocid","Sanofi India",146,96.8,124.1,"Strip"
"Pantosec-DSR 300mg (Batch 33)","Pantoprazole + Domperidone","Capsules","Pantosec","USV Private Ltd",214,141.9,181.9,"Strip"
"Omez 40mg (Batch 33)","Omeprazole","Capsules","Omez","Pfizer India",72,47.7,61.2,"Strip"
"Omecip XL (Batch 33)","Omeprazole","Capsules","Omecip","Micro Labs Ltd",55,36.5,46.8,"Strip"
"Omez-D 400mg (Batch 33)","Omeprazole + Domperidone","Capsules","Omez","Blue Cross Laboratories",103,68.3,87.6,"Strip"
"Rabicip 50mg (Batch 33)","Rabeprazole","Tablets","Rabicip","Aristo Pharmaceuticals",66,43.8,56.1,"Strip"
"Rabeloc Duo (Batch 33)","Rabeprazole","Tablets","Rabeloc","FDC Ltd",69,45.8,58.7,"Strip"
"Rabicip-DSR 500mg (Batch 33)","Rabeprazole + Domperidone","Capsules","Rabicip","J.B. Chemicals & Pharmaceuticals",172,114,146.2,"Strip"
"Razo-DSR 75mg (Batch 33)","Rabeprazole + Domperidone","Capsules","Razo","Wockhardt Ltd",110,72.9,93.5,"Strip"
"Sompraz Kid (Batch 33)","Esomeprazole","Tablets","Sompraz","Apex Laboratories",168,111.4,142.8,"Strip"
"Nexpro 600mg (Batch 33)","Esomeprazole","Tablets","Nexpro","Intas Pharmaceuticals",151,100.2,128.4,"Strip"
"Sompraz-DSR 80mg (Batch 33)","Esomeprazole + Domperidone","Capsules","Sompraz","Macleods Pharmaceuticals",154,102.1,130.9,"Strip"
"Nexpro-RD Plus (Batch 33)","Esomeprazole + Domperidone","Capsules","Nexpro","Hetero Healthcare",132,87.5,112.2,"Strip"
"Aciloc 625mg (Batch 33)","Ranitidine","Tablets","Aciloc","Biocon Ltd",37,24.6,31.5,"Strip"
"Rantac 100mg (Batch 33)","Ranitidine","Tablets","Rantac","AstraZeneca India",25,16.6,21.3,"Strip"
"Zinetac Forte (Batch 33)","Ranitidine","Tablets","Zinetac","Bayer India",37,24.6,31.5,"Strip"
"Okacet 650mg (Batch 33)","Cetirizine","Tablets","Okacet","IPCA Laboratories",14,9.3,11.9,"Strip"
"Cetcip 150mg (Batch 33)","Cetirizine","Tablets","Cetcip","Alembic Pharmaceuticals",17,11.3,14.5,"Strip"
"Alerid 5mg (Batch 33)","Cetirizine","Tablets","Alerid","GSK Pharma",14,9.3,11.9,"Strip"
"Teczine 1g (Batch 33)","Levocetirizine","Tablets","Teczine","Abbott India",48,31.8,40.8,"Strip"
"Lecope 200mg (Batch 33)","Levocetirizine","Tablets","Lecope","Sun Pharmaceutical Industries",44,29.2,37.4,"Strip"
"Sizloc 10mg (Batch 33)","Levocetirizine","Tablets","Sizloc","Cipla Ltd",33,21.9,28.1,"Strip"
"Montair-LC SR (Batch 33)","Montelukast + Levocetirizine","Tablets","Montair","Lupin Ltd",182,120.7,154.7,"Strip"
"Telekast-L 250mg (Batch 33)","Montelukast + Levocetirizine","Tablets","Telekast","Mankind Pharma",185,122.7,157.3,"Strip"
"Montemac-L 20mg (Batch 33)","Montelukast + Levocetirizine","Tablets","Montemac","Torrent Pharmaceuticals",138,91.5,117.3,"Strip"
"Montek-LC DSR (Batch 33)","Montelukast + Levocetirizine","Tablets","Montek","Dr. Reddy s Laboratories",166,110.1,141.1,"Strip"
"Allegra 300mg (Batch 33)","Fexofenadine Hydrochloride","Tablets","Allegra","Alkem Laboratories",124,82.2,105.4,"Strip"
"Fexo 40mg (Batch 33)","Fexofenadine Hydrochloride","Tablets","Fexo","Glenmark Pharmaceuticals",97,64.4,82.5,"Strip"
"Fexigra XL (Batch 33)","Fexofenadine Hydrochloride","Tablets","Fexigra","Cadila Pharmaceuticals",145,96.2,123.3,"Strip"
"Avil 400mg (Batch 33)","Pheniramine Maleate","Tablets","Avil","Zydus Lifesciences",11,7.3,9.4,"Strip"
"Atarax 50mg (Batch 33)","Hydroxyzine Hydrochloride","Tablets","Atarax","Sanofi India",56,37.1,47.6,"Strip"
"Becosules Duo (Batch 33)","Vitamin B Complex + Vitamin C","Capsules","Becosules","USV Private Ltd",44,29.2,37.4,"Strip"
"Cobadex Forte 500mg (Batch 33)","Vitamin B Complex + Zinc","Capsules","Cobadex","Pfizer India",34,22.5,28.9,"Strip"
"Zincovit 75mg (Batch 33)","Multivitamin + Multimineral","Tablets","Zincovit","Micro Labs Ltd",120,79.6,102,"Strip"
"Revital H Kid (Batch 33)","Multivitamins + Minerals + Ginseng","Capsules","Revital","Blue Cross Laboratories",238,157.8,202.3,"Strip"
"Limcee Orange 600mg (Batch 33)","Vitamin C (Ascorbic Acid)","Tablets","Limcee","Aristo Pharmaceuticals",26,17.2,22.1,"Strip"
"Celin chewable 80mg (Batch 33)","Vitamin C (Ascorbic Acid)","Tablets","Celin","FDC Ltd",27,17.9,23,"Strip"
"Shelcal Plus (Batch 33)","Calcium + Vitamin D3","Tablets","Shelcal","J.B. Chemicals & Pharmaceuticals",137,90.9,116.5,"Strip"
"Cipcal 625mg (Batch 33)","Calcium + Vitamin D3","Tablets","Cipcal","Wockhardt Ltd",120,79.6,102,"Strip"
"Calcirol Sachet 100mg (Batch 33)","Cholecalciferol (Vitamin D3)","Others","Calcirol","Apex Laboratories",28,18.6,23.8,"Sachet"
"D3-Must Forte (Batch 33)","Cholecalciferol (Vitamin D3)","Capsules","D3-Must","Intas Pharmaceuticals",35,23.2,29.8,"Strip"
"Evion 650mg (Batch 33)","Vitamin E","Capsules","Evion","Macleods Pharmaceuticals",34,22.5,28.9,"Strip"
"Neurobion Forte 150mg (Batch 33)","Vitamin B Complex + Methylcobalamin","Tablets","Neurobion","Hetero Healthcare",27,17.9,23,"Strip"
"Mecobon 5mg (Batch 33)","Methylcobalamin","Tablets","Mecobon","Biocon Ltd",125,82.9,106.3,"Strip"
"Asthalin Respules (Batch 33)","Salbutamol","Inhalers","Asthalin","AstraZeneca India",138,91.5,117.3,"Piece"
"Duolin Inhaler (Batch 33)","Levosalbutamol + Ipratropium Bromide","Inhalers","Duolin","Bayer India",291,193,247.4,"Piece"
"Budecort Inhaler (Batch 33)","Budesonide","Inhalers","Budecort","IPCA Laboratories",214,141.9,181.9,"Piece"
"Foracort Respules (Batch 33)","Budesonide + Formoterol Fumarate","Inhalers","Foracort","Alembic Pharmaceuticals",297,197,252.5,"Piece"
"Benadryl Syrup 100ml Syrup (Batch 33)","Diphenhydramine + Ammonium Chloride + Sodium Citrate","Syrups","Benadryl","GSK Pharma",85,56.4,72.3,"Bottle"
"Ascoril LS Syrup 60ml Syrup (Batch 33)","Ambroxol + Levosalbutamol + Guaiphenesin","Syrups","Ascoril","Abbott India",93,61.7,79.1,"Bottle"
"Grilinctus Syrup 100ml Syrup (Batch 33)","Dextromethorphan + Chlorpheniramine","Syrups","Grilinctus","Sun Pharmaceutical Industries",96,63.6,81.6,"Bottle"
"Corex DX Syrup 60ml Syrup (Batch 33)","Chlorpheniramine + Dextromethorphan","Syrups","Corex","Cipla Ltd",139,92.2,118.2,"Bottle"
"Solvin Cold Syrup 100ml Syrup (Batch 33)","Paracetamol + Phenylephrine + Chlorpheniramine","Syrups","Solvin","Lupin Ltd",72,47.7,61.2,"Bottle"
"Volini Gel Inhaler (Batch 33)","Diclofenac + Methyl Salicylate + Menthol","Others","Volini","Mankind Pharma",60,39.8,51,"Piece"
"Moov Gel Inhaler (Batch 33)","Oil of Wintergreen + Menthol + Turpentine Oil","Others","Moov","Torrent Pharmaceuticals",68,45.1,57.8,"Piece"
"Iodex Balm Respules (Batch 33)","Methyl Salicylate + Menthol + Camphor","Others","Iodex","Dr. Reddy s Laboratories",66,43.8,56.1,"Piece"
"Betnovate-N Inhaler (Batch 33)","Betamethasone + Neomycin","Others","Betnovate","Alkem Laboratories",54,35.8,45.9,"Piece"
"Betnovate-C Respules (Batch 33)","Betamethasone + Clioquinol","Others","Betnovate","Glenmark Pharmaceuticals",45,29.9,38.3,"Piece"
"Betnovate-GM Inhaler (Batch 33)","Betamethasone + Gentamicin + Miconazole","Others","Betnovate","Cadila Pharmaceuticals",52,34.5,44.2,"Piece"
"Quadriderm RF Respules (Batch 33)","Beclomethasone + Clotrimazole + Neomycin","Others","Quadriderm","Zydus Lifesciences",68,45.1,57.8,"Piece"
"Panderm Super Respules (Batch 33)","Clobetasol + Neomycin + Miconazole","Others","Panderm","Sanofi India",76,50.4,64.6,"Piece"
"Tenovate Cream Inhaler (Batch 33)","Clobetasol Propionate","Others","Tenovate","USV Private Ltd",64,42.4,54.4,"Piece"
"Ciplox Eye/Ear Drops Inhaler (Batch 33)","Ciprofloxacin Eye Drops","Drops","Ciplox","Pfizer India",17,11.3,14.5,"Piece"
"Moxicip Eye Drops Inhaler (Batch 33)","Moxifloxacin Eye Drops","Drops","Moxicip","Micro Labs Ltd",55,36.5,46.8,"Piece"
"Otrivin Nasal Spray Respules (Batch 33)","Xylometazoline Hydrochloride","Drops","Otrivin","Blue Cross Laboratories",93,61.7,79.1,"Piece"
"Nasoclear Drops Inhaler (Batch 33)","Sodium Chloride Nasal Solution","Drops","Nasoclear","Aristo Pharmaceuticals",36,23.9,30.6,"Piece"
"Calpol 650mg (Batch 34)","Paracetamol","Tablets","Calpol","FDC Ltd",29,19.3,24.7,"Strip"
"Crocin Advance 150mg (Batch 34)","Paracetamol","Tablets","Crocin","J.B. Chemicals & Pharmaceuticals",19,12.6,16.2,"Strip"
"Dolo 5mg (Batch 34)","Paracetamol","Tablets","Dolo","Wockhardt Ltd",25,16.6,21.3,"Strip"
"Pacimol 1g (Batch 34)","Paracetamol","Tablets","Pacimol","Apex Laboratories",13,8.6,11,"Strip"
"Sumo L 200mg (Batch 34)","Paracetamol","Tablets","Sumo","Intas Pharmaceuticals",25,16.6,21.3,"Strip"
"Combiflam 10mg (Batch 34)","Ibuprofen + Paracetamol","Tablets","Combiflam","Macleods Pharmaceuticals",39,25.9,33.2,"Strip"
"Flexon SR (Batch 34)","Ibuprofen + Paracetamol","Tablets","Flexon","Hetero Healthcare",32,21.2,27.2,"Strip"
"Ibugesic Plus 250mg (Batch 34)","Ibuprofen + Paracetamol","Tablets","Ibugesic","Biocon Ltd",28,18.6,23.8,"Strip"
"Acecloc 20mg (Batch 34)","Aceclofenac + Paracetamol","Tablets","Acecloc","AstraZeneca India",83,55.1,70.6,"Strip"
"Zerodol-P DSR (Batch 34)","Aceclofenac + Paracetamol","Tablets","Zerodol","Bayer India",71,47.1,60.4,"Strip"
"Hifenac-P 300mg (Batch 34)","Aceclofenac + Paracetamol","Tablets","Hifenac","IPCA Laboratories",59,39.2,50.2,"Strip"
"Zerodol-SP 40mg (Batch 34)","Aceclofenac + Paracetamol + Serratiopeptidase","Tablets","Zerodol","Alembic Pharmaceuticals",107,71,91,"Strip"
"Meftal-Spas XL (Batch 34)","Mefenamic Acid + Dicyclomine","Tablets","Meftal","GSK Pharma",45,29.9,38.3,"Strip"
"Cyclopam 400mg (Batch 34)","Dicyclomine + Paracetamol","Tablets","Cyclopam","Abbott India",56,37.1,47.6,"Strip"
"Ultracet 50mg (Batch 34)","Tramadol + Paracetamol","Tablets","Ultracet","Sun Pharmaceutical Industries",246,163.1,209.1,"Strip"
"Tramazac Duo (Batch 34)","Tramadol","Capsules","Tramazac","Cipla Ltd",89,59,75.6,"Strip"
"Nise 500mg (Batch 34)","Nimesulide","Tablets","Nise","Lupin Ltd",87,57.7,74,"Strip"
"Nimulid 75mg (Batch 34)","Nimesulide","Tablets","Nimulid","Mankind Pharma",90,59.7,76.5,"Strip"
"Amox Kid (Batch 34)","Amoxicillin","Capsules","Amox","Torrent Pharmaceuticals",43,28.5,36.6,"Strip"
"Amoxil 600mg (Batch 34)","Amoxicillin","Capsules","Amoxil","Dr. Reddy s Laboratories",61,40.5,51.9,"Strip"
"Mox 80mg (Batch 34)","Amoxicillin","Capsules","Mox","Alkem Laboratories",67,44.5,57,"Strip"
"Novamox Plus (Batch 34)","Amoxicillin","Capsules","Novamox","Glenmark Pharmaceuticals",57,37.8,48.4,"Strip"
"Clavam 625mg (Batch 34)","Amoxicillin + Potassium Clavulanate","Tablets","Clavam","Cadila Pharmaceuticals",180,119.3,153,"Strip"
"Augmentin 100mg (Batch 34)","Amoxicillin + Potassium Clavulanate","Tablets","Augmentin","Zydus Lifesciences",243,161.1,206.6,"Strip"
"Moxikind-CV Forte (Batch 34)","Amoxicillin + Potassium Clavulanate","Tablets","Moxikind","Sanofi India",146,96.8,124.1,"Strip"
"Advent 650mg (Batch 34)","Amoxicillin + Potassium Clavulanate","Tablets","Advent","USV Private Ltd",149,98.8,126.7,"Strip"
"Azee 150mg (Batch 34)","Azithromycin","Tablets","Azee","Pfizer India",122,80.9,103.7,"Strip"
"Azithral 5mg (Batch 34)","Azithromycin","Tablets","Azithral","Micro Labs Ltd",95,63,80.8,"Strip"
"Azax 1g (Batch 34)","Azithromycin","Tablets","Azax","Blue Cross Laboratories",113,75,96.1,"Strip"
"Zifi 200mg (Batch 34)","Cefixime","Tablets","Zifi","Aristo Pharmaceuticals",101,67,85.9,"Strip"
"Taxim-O 10mg (Batch 34)","Cefixime","Tablets","Taxim-O","FDC Ltd",84,55.7,71.4,"Strip"
"Cefolac SR (Batch 34)","Cefixime","Tablets","Cefolac","J.B. Chemicals & Pharmaceuticals",137,90.9,116.5,"Strip"
"Milixim 250mg (Batch 34)","Cefixime","Tablets","Milixim","Wockhardt Ltd",137,90.9,116.5,"Strip"
"Gepod 20mg (Batch 34)","Cefpodoxime Proxetil","Tablets","Gepod","Apex Laboratories",133,88.2,113.1,"Strip"
"Monocef-O DSR (Batch 34)","Cefpodoxime Proxetil","Tablets","Monocef-O","Intas Pharmaceuticals",196,129.9,166.6,"Strip"
"Macpod 300mg (Batch 34)","Cefpodoxime Proxetil","Tablets","Macpod","Macleods Pharmaceuticals",179,118.7,152.2,"Strip"
"Oflomac 40mg (Batch 34)","Ofloxacin","Tablets","Oflomac","Hetero Healthcare",42,27.8,35.7,"Strip"
"Oframax XL (Batch 34)","Ofloxacin","Tablets","Oframax","Biocon Ltd",70,46.4,59.5,"Strip"
"Oflotas 400mg (Batch 34)","Ofloxacin","Tablets","Oflotas","AstraZeneca India",56,37.1,47.6,"Strip"
"Oflomac-OZ 50mg (Batch 34)","Ofloxacin + Ornidazole","Tablets","Oflomac","Bayer India",96,63.6,81.6,"Strip"
"Zenflox-OZ Duo (Batch 34)","Ofloxacin + Ornidazole","Tablets","Zenflox","IPCA Laboratories",124,82.2,105.4,"Strip"
"Norflox 500mg (Batch 34)","Norfloxacin","Tablets","Norflox","Alembic Pharmaceuticals",72,47.7,61.2,"Strip"
"Norflox-TZ 75mg (Batch 34)","Norfloxacin + Tinidazole","Tablets","Norflox","GSK Pharma",70,46.4,59.5,"Strip"
"Ciplox Kid (Batch 34)","Ciprofloxacin","Tablets","Ciplox","Abbott India",38,25.2,32.3,"Strip"
"Ciprobid 600mg (Batch 34)","Ciprofloxacin","Tablets","Ciprobid","Sun Pharmaceutical Industries",38,25.2,32.3,"Strip"
"Atorva 80mg (Batch 34)","Atorvastatin","Tablets","Atorva","Cipla Ltd",84,55.7,71.4,"Strip"
"Lipitor Plus (Batch 34)","Atorvastatin","Tablets","Lipitor","Lupin Ltd",222,147.2,188.7,"Strip"
"Lipikind 625mg (Batch 34)","Atorvastatin","Tablets","Lipikind","Mankind Pharma",100,66.3,85,"Strip"
"Tonact 100mg (Batch 34)","Atorvastatin","Tablets","Tonact","Torrent Pharmaceuticals",88,58.3,74.8,"Strip"
"Rosuvas Forte (Batch 34)","Rosuvastatin","Tablets","Rosuvas","Dr. Reddy s Laboratories",171,113.4,145.4,"Strip"
"Rosyn 650mg (Batch 34)","Rosuvastatin","Tablets","Rosyn","Alkem Laboratories",144,95.5,122.4,"Strip"
"Roseday 150mg (Batch 34)","Rosuvastatin","Tablets","Roseday","Glenmark Pharmaceuticals",177,117.4,150.5,"Strip"
"Crevast 5mg (Batch 34)","Rosuvastatin","Tablets","Crevast","Cadila Pharmaceuticals",125,82.9,106.3,"Strip"
"Telma 1g (Batch 34)","Telmisartan","Tablets","Telma","Zydus Lifesciences",148,98.1,125.8,"Strip"
"Telvas 200mg (Batch 34)","Telmisartan","Tablets","Telvas","Sanofi India",104,69,88.4,"Strip"
"Telsar 10mg (Batch 34)","Telmisartan","Tablets","Telsar","USV Private Ltd",84,55.7,71.4,"Strip"
"Telma-H SR (Batch 34)","Telmisartan + Hydrochlorothiazide","Tablets","Telma","Pfizer India",127,84.2,108,"Strip"
"Telvas-H 250mg (Batch 34)","Telmisartan + Hydrochlorothiazide","Tablets","Telvas","Micro Labs Ltd",70,46.4,59.5,"Strip"
"Amlokind 20mg (Batch 34)","Amlodipine","Tablets","Amlokind","Blue Cross Laboratories",15,10,12.8,"Strip"
"Amlosafe DSR (Batch 34)","Amlodipine","Tablets","Amlosafe","Aristo Pharmaceuticals",26,17.2,22.1,"Strip"
"Amlovas 300mg (Batch 34)","Amlodipine","Tablets","Amlovas","FDC Ltd",24,15.9,20.4,"Strip"
"Cilacar 40mg (Batch 34)","Cilnidipine","Tablets","Cilacar","J.B. Chemicals & Pharmaceuticals",127,84.2,108,"Strip"
"Cilnidac XL (Batch 34)","Cilnidipine","Tablets","Cilnidac","Wockhardt Ltd",70,46.4,59.5,"Strip"
"Concor 400mg (Batch 34)","Bisoprolol Fumarate","Tablets","Concor","Apex Laboratories",93,61.7,79.1,"Strip"
"Starpress 50mg (Batch 34)","Metoprolol Succinate","Tablets","Starpress","Intas Pharmaceuticals",61,40.5,51.9,"Strip"
"Metolar Duo (Batch 34)","Metoprolol Tartrate","Tablets","Metolar","Macleods Pharmaceuticals",94,62.3,79.9,"Strip"
"Glycomet 500mg (Batch 34)","Metformin Hydrochloride","Tablets","Glycomet","Hetero Healthcare",47,31.1,39.9,"Strip"
"Metformin SR 75mg (Batch 34)","Metformin Hydrochloride","Tablets","Metformin","Biocon Ltd",32,21.2,27.2,"Strip"
"Glycomet GP Kid (Batch 34)","Glimepiride + Metformin","Tablets","Glycomet GP","AstraZeneca India",118,78.2,100.3,"Strip"
"Amaryl M 600mg (Batch 34)","Glimepiride + Metformin","Tablets","Amaryl","Bayer India",101,67,85.9,"Strip"
"Glimisave M 80mg (Batch 34)","Glimepiride + Metformin","Tablets","Glimisave","IPCA Laboratories",39,25.9,33.2,"Strip"
"Jalra-M Plus (Batch 34)","Vildagliptin + Metformin","Tablets","Jalra-M","Alembic Pharmaceuticals",177,117.4,150.5,"Strip"
"Galvus Met 625mg (Batch 34)","Vildagliptin + Metformin","Tablets","Galvus","GSK Pharma",380,251.9,323,"Strip"
"Ziten M 100mg (Batch 34)","Teneligliptin + Metformin","Tablets","Ziten","Abbott India",123,81.6,104.6,"Strip"
"Dynaglipt M Forte (Batch 34)","Teneligliptin + Metformin","Tablets","Dynaglipt","Sun Pharmaceutical Industries",121,80.3,102.9,"Strip"
"Voglistar 650mg (Batch 34)","Voglibose","Tablets","Voglistar","Cipla Ltd",49,32.5,41.7,"Strip"
"Volibo 150mg (Batch 34)","Voglibose","Tablets","Volibo","Lupin Ltd",97,64.4,82.5,"Strip"
"Pantocid 5mg (Batch 34)","Pantoprazole","Tablets","Pantocid","Mankind Pharma",145,96.2,123.3,"Strip"
"Pan 1g (Batch 34)","Pantoprazole","Tablets","Pan","Torrent Pharmaceuticals",178,118,151.3,"Strip"
"Pantodac 200mg (Batch 34)","Pantoprazole","Tablets","Pantodac","Dr. Reddy s Laboratories",56,37.1,47.6,"Strip"
"Pan-D 10mg (Batch 34)","Pantoprazole + Domperidone","Capsules","Pan-D","Alkem Laboratories",124,82.2,105.4,"Strip"
"Pantocid-DSR SR (Batch 34)","Pantoprazole + Domperidone","Capsules","Pantocid","Glenmark Pharmaceuticals",237,157.2,201.5,"Strip"
"Pantosec-DSR 250mg (Batch 34)","Pantoprazole + Domperidone","Capsules","Pantosec","Cadila Pharmaceuticals",145,96.2,123.3,"Strip"
"Omez 20mg (Batch 34)","Omeprazole","Capsules","Omez","Zydus Lifesciences",33,21.9,28.1,"Strip"
"Omecip DSR (Batch 34)","Omeprazole","Capsules","Omecip","Sanofi India",31,20.6,26.4,"Strip"
"Omez-D 300mg (Batch 34)","Omeprazole + Domperidone","Capsules","Omez","USV Private Ltd",124,82.2,105.4,"Strip"
"Rabicip 40mg (Batch 34)","Rabeprazole","Tablets","Rabicip","Pfizer India",57,37.8,48.4,"Strip"
"Rabeloc XL (Batch 34)","Rabeprazole","Tablets","Rabeloc","Micro Labs Ltd",110,72.9,93.5,"Strip"
"Rabicip-DSR 400mg (Batch 34)","Rabeprazole + Domperidone","Capsules","Rabicip","Blue Cross Laboratories",103,68.3,87.6,"Strip"
"Razo-DSR 50mg (Batch 34)","Rabeprazole + Domperidone","Capsules","Razo","Aristo Pharmaceuticals",201,133.3,170.9,"Strip"
"Sompraz Duo (Batch 34)","Esomeprazole","Tablets","Sompraz","FDC Ltd",99,65.6,84.1,"Strip"
"Nexpro 500mg (Batch 34)","Esomeprazole","Tablets","Nexpro","J.B. Chemicals & Pharmaceuticals",67,44.5,57,"Strip"
"Sompraz-DSR 75mg (Batch 34)","Esomeprazole + Domperidone","Capsules","Sompraz","Wockhardt Ltd",115,76.3,97.8,"Strip"
"Nexpro-RD Kid (Batch 34)","Esomeprazole + Domperidone","Capsules","Nexpro","Apex Laboratories",168,111.4,142.8,"Strip"
"Aciloc 600mg (Batch 34)","Ranitidine","Tablets","Aciloc","Intas Pharmaceuticals",28,18.6,23.8,"Strip"
"Rantac 80mg (Batch 34)","Ranitidine","Tablets","Rantac","Macleods Pharmaceuticals",16,10.6,13.6,"Strip"
"Zinetac Plus (Batch 34)","Ranitidine","Tablets","Zinetac","Hetero Healthcare",16,10.6,13.6,"Strip"
"Okacet 625mg (Batch 34)","Cetirizine","Tablets","Okacet","Biocon Ltd",25,16.6,21.3,"Strip"
"Cetcip 100mg (Batch 34)","Cetirizine","Tablets","Cetcip","AstraZeneca India",20,13.3,17,"Strip"
"Alerid Forte (Batch 34)","Cetirizine","Tablets","Alerid","Bayer India",33,21.9,28.1,"Strip"
"Teczine 650mg (Batch 34)","Levocetirizine","Tablets","Teczine","IPCA Laboratories",69,45.8,58.7,"Strip"
"Lecope 150mg (Batch 34)","Levocetirizine","Tablets","Lecope","Alembic Pharmaceuticals",35,23.2,29.8,"Strip"
"Sizloc 5mg (Batch 34)","Levocetirizine","Tablets","Sizloc","GSK Pharma",54,35.8,45.9,"Strip"
"Montair-LC 1g (Batch 34)","Montelukast + Levocetirizine","Tablets","Montair","Abbott India",143,94.8,121.6,"Strip"
"Telekast-L 200mg (Batch 34)","Montelukast + Levocetirizine","Tablets","Telekast","Sun Pharmaceutical Industries",226,149.8,192.1,"Strip"
"Montemac-L 10mg (Batch 34)","Montelukast + Levocetirizine","Tablets","Montemac","Cipla Ltd",149,98.8,126.7,"Strip"
"Montek-LC SR (Batch 34)","Montelukast + Levocetirizine","Tablets","Montek","Lupin Ltd",237,157.2,201.5,"Strip"
"Allegra 250mg (Batch 34)","Fexofenadine Hydrochloride","Tablets","Allegra","Mankind Pharma",115,76.3,97.8,"Strip"
"Fexo 20mg (Batch 34)","Fexofenadine Hydrochloride","Tablets","Fexo","Torrent Pharmaceuticals",118,78.2,100.3,"Strip"
"Fexigra DSR (Batch 34)","Fexofenadine Hydrochloride","Tablets","Fexigra","Dr. Reddy s Laboratories",156,103.4,132.6,"Strip"
"Avil 300mg (Batch 34)","Pheniramine Maleate","Tablets","Avil","Alkem Laboratories",12,8,10.2,"Strip"
"Atarax 40mg (Batch 34)","Hydroxyzine Hydrochloride","Tablets","Atarax","Glenmark Pharmaceuticals",107,71,91,"Strip"
"Becosules XL (Batch 34)","Vitamin B Complex + Vitamin C","Capsules","Becosules","Cadila Pharmaceuticals",30,19.9,25.5,"Strip"
"Cobadex Forte 400mg (Batch 34)","Vitamin B Complex + Zinc","Capsules","Cobadex","Zydus Lifesciences",25,16.6,21.3,"Strip"
"Zincovit 50mg (Batch 34)","Multivitamin + Multimineral","Tablets","Zincovit","Sanofi India",111,73.6,94.4,"Strip"
"Revital H Duo (Batch 34)","Multivitamins + Minerals + Ginseng","Capsules","Revital","USV Private Ltd",199,132,169.2,"Strip"
"Limcee Orange 500mg (Batch 34)","Vitamin C (Ascorbic Acid)","Tablets","Limcee","Pfizer India",17,11.3,14.5,"Strip"
"Celin chewable 75mg (Batch 34)","Vitamin C (Ascorbic Acid)","Tablets","Celin","Micro Labs Ltd",18,11.9,15.3,"Strip"
"Shelcal Kid (Batch 34)","Calcium + Vitamin D3","Tablets","Shelcal","Blue Cross Laboratories",88,58.3,74.8,"Strip"
"Cipcal 600mg (Batch 34)","Calcium + Vitamin D3","Tablets","Cipcal","Aristo Pharmaceuticals",111,73.6,94.4,"Strip"
"Calcirol Sachet 80mg (Batch 34)","Cholecalciferol (Vitamin D3)","Others","Calcirol","FDC Ltd",39,25.9,33.2,"Sachet"
"D3-Must Plus (Batch 34)","Cholecalciferol (Vitamin D3)","Capsules","D3-Must","J.B. Chemicals & Pharmaceuticals",46,30.5,39.1,"Strip"
"Evion 625mg (Batch 34)","Vitamin E","Capsules","Evion","Wockhardt Ltd",25,16.6,21.3,"Strip"
"Neurobion Forte 100mg (Batch 34)","Vitamin B Complex + Methylcobalamin","Tablets","Neurobion","Apex Laboratories",38,25.2,32.3,"Strip"
"Mecobon Forte (Batch 34)","Methylcobalamin","Tablets","Mecobon","Intas Pharmaceuticals",116,76.9,98.6,"Strip"
"Asthalin Inhaler (Batch 34)","Salbutamol","Inhalers","Asthalin","Macleods Pharmaceuticals",149,98.8,126.7,"Piece"
"Duolin Inhaler (Batch 34)","Levosalbutamol + Ipratropium Bromide","Inhalers","Duolin","Hetero Healthcare",222,147.2,188.7,"Piece"
"Budecort Respules (Batch 34)","Budesonide","Inhalers","Budecort","Biocon Ltd",205,136,174.3,"Piece"
"Foracort Inhaler (Batch 34)","Budesonide + Formoterol Fumarate","Inhalers","Foracort","AstraZeneca India",258,171.1,219.3,"Piece"
"Benadryl Syrup 60ml Syrup (Batch 34)","Diphenhydramine + Ammonium Chloride + Sodium Citrate","Syrups","Benadryl","Bayer India",136,90.2,115.6,"Bottle"
"Ascoril LS Syrup 100ml Syrup (Batch 34)","Ambroxol + Levosalbutamol + Guaiphenesin","Syrups","Ascoril","IPCA Laboratories",104,69,88.4,"Bottle"
"Grilinctus Syrup 60ml Syrup (Batch 34)","Dextromethorphan + Chlorpheniramine","Syrups","Grilinctus","Alembic Pharmaceuticals",117,77.6,99.5,"Bottle"
"Corex DX Syrup 100ml Syrup (Batch 34)","Chlorpheniramine + Dextromethorphan","Syrups","Corex","GSK Pharma",125,82.9,106.3,"Bottle"
"Solvin Cold Syrup 60ml Syrup (Batch 34)","Paracetamol + Phenylephrine + Chlorpheniramine","Syrups","Solvin","Abbott India",93,61.7,79.1,"Bottle"
"Volini Gel Respules (Batch 34)","Diclofenac + Methyl Salicylate + Menthol","Others","Volini","Sun Pharmaceutical Industries",101,67,85.9,"Piece"
"Moov Gel Respules (Batch 34)","Oil of Wintergreen + Menthol + Turpentine Oil","Others","Moov","Cipla Ltd",79,52.3,67.1,"Piece"
"Iodex Balm Inhaler (Batch 34)","Methyl Salicylate + Menthol + Camphor","Others","Iodex","Lupin Ltd",57,37.8,48.4,"Piece"
"Betnovate-N Respules (Batch 34)","Betamethasone + Neomycin","Others","Betnovate","Mankind Pharma",40,26.5,34,"Piece"
"Betnovate-C Inhaler (Batch 34)","Betamethasone + Clioquinol","Others","Betnovate","Torrent Pharmaceuticals",56,37.1,47.6,"Piece"
"Betnovate-GM Respules (Batch 34)","Betamethasone + Gentamicin + Miconazole","Others","Betnovate","Dr. Reddy s Laboratories",43,28.5,36.6,"Piece"
"Quadriderm RF Inhaler (Batch 34)","Beclomethasone + Clotrimazole + Neomycin","Others","Quadriderm","Alkem Laboratories",99,65.6,84.1,"Piece"
"Panderm Super Inhaler (Batch 34)","Clobetasol + Neomycin + Miconazole","Others","Panderm","Glenmark Pharmaceuticals",97,64.4,82.5,"Piece"
"Tenovate Cream Inhaler (Batch 34)","Clobetasol Propionate","Others","Tenovate","Cadila Pharmaceuticals",50,33.2,42.5,"Piece"
"Ciplox Eye/Ear Drops Respules (Batch 34)","Ciprofloxacin Eye Drops","Drops","Ciplox","Zydus Lifesciences",23,15.3,19.6,"Piece"
"Moxicip Eye Drops Inhaler (Batch 34)","Moxifloxacin Eye Drops","Drops","Moxicip","Sanofi India",76,50.4,64.6,"Piece"
"Otrivin Nasal Spray Respules (Batch 34)","Xylometazoline Hydrochloride","Drops","Otrivin","USV Private Ltd",84,55.7,71.4,"Piece"
"Nasoclear Drops Respules (Batch 34)","Sodium Chloride Nasal Solution","Drops","Nasoclear","Pfizer India",47,31.1,39.9,"Piece"
"Calpol 625mg (Batch 35)","Paracetamol","Tablets","Calpol","Micro Labs Ltd",20,13.3,17,"Strip"
"Crocin Advance 100mg (Batch 35)","Paracetamol","Tablets","Crocin","Blue Cross Laboratories",25,16.6,21.3,"Strip"
"Dolo Forte (Batch 35)","Paracetamol","Tablets","Dolo","Aristo Pharmaceuticals",31,20.6,26.4,"Strip"
"Pacimol 650mg (Batch 35)","Paracetamol","Tablets","Pacimol","FDC Ltd",14,9.3,11.9,"Strip"
"Sumo L 150mg (Batch 35)","Paracetamol","Tablets","Sumo","J.B. Chemicals & Pharmaceuticals",16,10.6,13.6,"Strip"